номер,ключ,Английское содержание,Русское
1,campfireActivate,Open Campfire,Осмотреть костёр
2,caffeineBuzz,Caffeine Rush,Кофеиновый бодряк
3,caffeineBuzzDesc,"Caffeine gives you energy, keeping your stamina higher and core body temperature warmer for a limited time.","Кофеин дает вам энергию, восстанавливает выносливость и согревает вас."
4,inpActActionLockStack,Lock Stack,Заблокировать стопку
5,inpActInventorySlot9Name,Slot 9,Слот 9
6,inpActInventorySlot10Name,Slot 10,Слот 10
7,inpActInventorySlot11Name,Slot 11,Слот 11
8,inpActInventorySlot12Name,Slot 12,Слот 12
9,inpActMiddleMouseActionName,Middle Mouse,Средняя кнопка мыши
10,inpActVehicleToggleTopLightName,Toggle Top Lights,Переключить дополнительное освещение
11,inpActVehicleToggleSirenName,Toggle Siren,Переключить сирену
12,inpActVehicleChangeSeatPrevName,Previous Seat,Предыдущее место
13,inpActVehicleChangeSeatNextName,Next Seat,Следующее место
14,inpActLockSelectedSlotName,Lock Inventory Slot,Заблокировать ячейку
15,inpActGuiKeyboardSpaceName,Action Hotkey 5,Горячая клавиша 5
16,inpActDebugScreenshotName,Debug Screenshot,Снимок экрана отладки
17,inpActDebugGameEventName,Debug Events,Отлад. события
18,infectionDesc,"You are infected. Use antibiotics, honey or herbal antibiotics to heal the infection. If left untreated you will get weaker and eventually die.","Вы инфицированы. Используйте антибиотики или мед, чтобы вылечить инфекцию. Если не лечить, вы ослабнете и в конечном итоге умрете"
19,lblContextActionCraft,Craft,Создать
20,lblContextActionDrink,Use,Выпить
21,lblContextActionDrop,Drop,Бросить
22,lblContextActionEat,Use,Съесть
23,lblContextActionForge,Forge,Выплавить
24,lblContextActionPin,Pin,Закрепить
25,lblContextActionRead,Examine,Прочитать
26,lblContextActionRecharge,Recharge,Зарядить
27,lblContextActionResearch,Research,Исследовать
28,lblContextActionScrap,Scrap,Разобрать
29,lblContextActionWear,Wear,Надеть
30,lblContextActionInspect,Inspect,Осмотреть
31,lblLevel,Level: {0},Уровень: {0}
32,lblAcceptQuest,Accept Mission,Принять задание
33,lblCancelQuest,Cancel Mission,Отмена задания
34,lblRemoveQuest,Remove Mission,Удалить задание
35,lblShareQuest,Share Mission,Поделиться
36,lblShowUnknownIngredients,Show Unknown Ingredients,Показывать неизвестные ингредиенты
37,lblVisionEquipment,Vision Equipment,Средства наблюдения
38,lblEyewear,Eye wear,Очки
39,lblFacewear,Face wear,Лицевая экипировка
40,lblBelt,Belt,Пояс
41,lblAccessory,Accessory,Аксессуар
42,lblBackpack,Backpack,Рюкзак
43,lblClothingHead,Cap Liner,Подшлемник
44,lblClothingChest,Undershirt,Нательная рубашка
45,lblClothingHand,Glove Liner,Подперчатки
46,lblClothingFeet,Socks,Носки
47,megaCrushBuffName,Energy Drink,Энергетик
48,megaCrushBuffDesc,Boost your reflexes and stamina gain with the additional energy surge!,Повышайте свои рефлексы и выносливость с помощью дополнительного прилива энергии!
49,rangedWeaponStatsTip_title,Ranged Weapon Statistics,Статистика оружия дальнего боя
50,statActionExpAll,Skill XP,Опыт навыка
51,statActionExpDoubleChance,Double Skill XP Chance,Шанс двойного опыта навыка
52,statBarteringFitness,Fitness Item Bartering,Торговля фитнес-предметами
53,statBarteringGunsAmmo,Firearms Bartering,Торговля оружием и боеприпасами
54,statCapacity,Capacity,Вместимость
55,statCargo,Cargo,Груз
56,statCarryCapacity,Backpack Space,Вместимость рюкзака
57,statCritDamageResist,Critical Resist,Защита от крит. урона
58,statCritHealingSpeed,Critical Healing,Лечение крит. травм
59,statCritResist,Resist Critical Damage,Сопротивление крит. урону
60,statDamageAnimals,Damage to Animals,Урон по животным
61,statDamageDirt,Damage to Dirt,Урон по земле
62,statDamageIron,Damage to Iron,Урон по железу
63,statDamageMetal,Damage to Metal,Урон по металлу
64,statDamageStone,Damage to Stone,Урон по камню
65,statDamageUndead,Damage to Undead,Урон нежити
66,statDamageWood,Damage to Wood,Урон по дереву
67,statDegradationPerUse,Degradation Per Use,Износ
68,statFilter,Filter,Фильтр
69,statForagingChance,Bonus Plant Chance,Шанс доп. растений
70,statResistBleed,Resist Bleed,Стойкость к кровотечению
71,statResistCrit,"Resist Infection, Fatigued, Sprain, Stun","Сопротивление инфекции, усталости, растяжению, оглушению"
72,statResistInfection,Resist Infection,Стойкость к инфекциям
73,statTreeResources,Tree Resources,Ресурсы с деревьев
74,statHealthChangeOT,Healing /sec,Здоровье/сек
75,statHealthMaxModifierOT,Healing,Исцеление
76,statHyperthermalResist,Heat Resist,Сопротивление жаре
77,statHypothermalResist,Cold Resist,Сопротивление холоду
78,statNoiseIncrease,Noise,Шум
79,statPhysicalDamageResist,Physical Armor,Физическая защита
80,statPhysicalDamageResistLight,Physical Armor (Light),Физическая броня (Лёгкая)
81,statPhysicalDamageResistHeavy,Physical Armor (Heavy),Физическая броня (Тяжелая)
82,statPlayerExpGain,Experience Gain,Получение опыта
83,statPlayerExpSalvaging,Salvaging Experience,Опыт разборки
84,statPlayerExpMining,Mining Experience,Опыт добычи
85,statReduceWeightBagAmmoGuns,Ammo/Gun Weight in BP,Вес оружия/боеприпасов в рюкзаке
86,statReduceWeightBagMining,Ore Weight in BP,Вес руды в рюкзаке
87,statReduceWeightBagMedical,Medical Weight in BP,Вес медикаментов в рюкзаке
88,statReduceWeightBagDrinks,Drinks Weight in BP,Вес напитков в рюкзаке
89,statReduceWeightBagFood,Food Weight in BP,Вес еды в рюкзаке
90,statReduceWeightBagFoodDrinks,Food/Drinks Weight in BP,Вес еды/напитков в рюкзаке
91,statReduceWeightBagConsumables,Consumables Weight in BP,Вес расходников в рюкзаке
92,statReduceWeightBagResources,Resources Weight in BP,Вес ресурсов в рюкзаке
93,statReduceWeightBagOreWood,Ore/Wood Weight in BP,Вес руды/дерева в рюкзаке
94,statReduceWeightBeltAll,All Item Weight in Belt,Вес всех предметов на поясе
95,statReduceWeightBeltAmmoGuns,Ammo/Gun Weight in Belt,Вес оружия/боеприпасов на поясе
96,statReduceWeightBeltMedical,Medical Weight in Belt,Вес медикаментов на поясе
97,statReduceWeightBeltDrinks,Drinks Weight in Belt,Вес напитков на поясе
98,statReduceWeightBeltFood,Food Weight in Belt,Вес еды на поясе
99,statReduceWeightBeltFoodDrinks,Food/Drink Weight in Belt,Вес еды/напитков на поясе
100,statReduceWeightBeltConsumables,Consumable Weight in Belt,Вес расходников на поясе
101,statReduceWeightBeltResources,Resource Weight in Belt,Вес ресурсов на поясе
102,statReduceWeightBeltOreWood,Ore/Wood Weight in Belt,Вес руды/дерева на поясе
103,statStaminaChangeOT,Stamina Regen,Реген. выносливости
104,statStaminaDrainOT,Stamina,Выносливость
105,statTempFeelsLike,Feels Like,Ощущается как
106,statVehicleCargoCapacity,Cargo Capacity,Грузоподъёмность
107,statVehicleCargoOverloaded,Cargo Overloaded,Перегрузка
108,statVehicleLightIntensity,Light Intensity,Освещенность
109,xuiActionSkills,Action Skills,Практические навыки
110,xuiActiveEffects,Active Effects,Активные эффекты
111,xuiAllies,Allies,Союзники
112,xuiBuyPrice,$,$
113,xuiCreative,Creative,Креатив
114,xuiCharacter,Character,Персонаж
115,xuiCrafting,Crafting,Создание
116,xuiCurrentLife,Current Life,Текущая жизнь
117,xuiCosmetics,Cosmetics,Косметика
118,xuiCollectibles,Collectibles,Коллекции
119,xuiDeaths,Deaths,Смерти
120,xuiFood,Food,Еда
121,xuiFeelsLike,Feels like,Чувствуется как
122,xuiGameSettingsPrefabList,Prefab List,Список префабов
123,xuiGameStage,Game\nStage,Этап\nигры
124,xuiGenCity,Cities,Город
125,xuiGenRural,Rural Towns,Деревня
126,xuiInventory,Inventory,Инвентарь
127,xuiInventory,Inventory,Инвентарь
128,xuiItemsCrafted,Items Crafted,Создано предметов
129,xuiJournal,Journal,Журнал
130,xuiLongestLife,Longest Life,Самая долгая жизнь
131,xuiLevel,Level,Уровень
132,xuiMap,Map,Карта
133,xuiModifiers,Modifiers,Изменить
134,xuiNoSellPrice, ,
135,xuiObjectives,Objectives,Задачи
136,xuiOptionsDynamicMesh,Dynamic Meshes,Динамические сетки
137,xuiOptionsVideoDistanceCustom,Custom,Пользовательский
138,xuiOptionsVideoPresetsVeryHigh,Very High,Очень высокое
139,xuiParty,Party,Группа
140,xuiPing,Ping,Задержка
141,xuiPlayerKills,Player Kills,Убито игроков
142,xuiPlayers,Players,Игроки
143,xuiPlayerShow,Show,Показать
144,xuiPointsAvailable,[decea3],[decea3]
145,xuiPrefabEditor,Prefab Editor,Редактор префабов
146,xuiQuests,Missions,Миссии
147,xuiResearch,Research,Исследования
148,xuiRewards,Rewards,Награды
149,xuiRewardsNotAvailable,Rewards not available.,Награды недоступны.
150,xuiRwgCountyName,World Name,Название мира
151,xuiRwgPreviewer,World Generator,Генератор мира
152,xuiRwgWorldSeed,Seed,Семечка
153,xuiSellPrice,$,$
154,xuiSharedWaypoints,Shared,Общий
155,xuiSign,Edit sign text,Редактировать текст таблички
156,xuiSkillBuy,Unlock,Разблокировать
157,xuiSkillNerfedEffect,[FF6A00]Skill doesn't meet one or more of it's requirements.[-],[FF6A00]Умение не соответствует одному или нескольким требованиям.[-]
158,xuiSkills,Skills,Умения
159,xuiSkillList,Skills,Умения
160,xuiSteamID,Steam ID,Steam ID
161,xuiVehicleStorage,Vehicle storage,Хранилище транспорта
162,xuiVoice,Voice,Голос
163,xuiWater,Water,Вода
164,xuiWaypoints,Saved,Сохранить
165,xuiWorldEditor,World Editor,Редактор мира
166,xuiWPskills,Skills,Умения
167,xuiXPToNextLevel,Exp till level up,До след. уровня
168,xuiZombieKills,Zombie Kills,Убийств зомби
169,inpActSkillsName,Skills,Навыки
170,inpActSkillsDesc,Open Skills Tab,Открыть вкладку «Навыки»
171,xuiSnow,Snow,Снег
172,xuiDesert,Desert,Пустыня
173,xuiPineForest,Forest,Лес
174,xuiWasteland,Wasteland,Пустошь
175,xuiwindowResearch,Research,Исследования
176,xuiwindowSkillTree,Skills,Навыки
177,quest_clear_response,Clear at [DECEA3]{poi.name}[-] ([DECEA3]{poi.distance} {poi.direction}[-]),Зачистить [DECEA3]{poi.name}[-] ([DECEA3]{poi.distance} {poi.direction}[-])
178,quest_fetch_response,Fetch at [DECEA3]{poi.name}[-] ([DECEA3]{poi.distance} {poi.direction}[-]),Принести [DECEA3]{poi.name}[-] ([DECEA3]{poi.distance} {poi.direction}[-])
179,quest_fetch_clear_response,Fetch/Clear at [DECEA3]{poi.name}[-] ([DECEA3]{poi.distance} {poi.direction}[-]),Зачистить\принести [DECEA3]{poi.name}[-] ([DECEA3]{poi.distance} {poi.direction}[-])
180,quest_restore_power_response,Restore Power at [DECEA3]{poi.name}[-] ([DECEA3]{poi.distance} {poi.direction}[-]),Восст. питание [DECEA3]{poi.name}[-] ([DECEA3]{poi.distance} {poi.direction}[-])
181,quest_test_response,Test [DECEA3]Tier {custom.tier}[-] Reward,Проверить награду [DECEA3]{custom.tier}-го уровня[-]
182,uiLoadStartingGame,Please wait...\nScavenging for supplies,"Пожалуйста, подождите...\nПоиск припасов"
183,uiLoadLoadingXml,Please wait...\nLooking for survivors,"Пожалуйста, подождите...\nПоиск выживших"
184,uiLoadCreatingWorld,Please wait...\nFighting off undead,"Пожалуйста, подождите...\nОтстрел зомби"
185,uiLoadCreatingPlayer,Please wait...\nFighting off raiders,"Пожалуйста, подождите...\nБорьба с рейдерами"
186,msgBuildingEnvironment,Please wait...\nSeeking shelter,"Пожалуйста, подождите...\nВ поисках убежища"
187,msgGeneratingDistantTerrain,Please wait...\nLooking for binoculars,"Пожалуйста, подождите...\nИщем бинокль"
188,msgStartingGame,Please wait...\nSmelting some ore,"Пожалуйста, подождите...\nПереплавка руды"
189,uiLoadWaitingForServer,Please wait...\nPreparing for horde,"Пожалуйста, подождите...\nПодготовка к орде"
190,waitingForServer,Please wait...\nHunting for some food,"Пожалуйста, подождите...\nОхота за едой"
191,questBlockActivate,[73E9B2][{{0}}][-] Activate {1},[73E9B2][{{0}}][-] Активировать {1}
192,questRallyActivate,[73E9B2][{{0}}][-] Begin Mission\n[decea3]( {1} )[-],[73E9B2][{{0}}][-] Начать задание\n[decea3]( {1} )[-]
193,itemTooltipFocusedOne,[73E9B2][{0}][-] Take {1},[73E9B2][{0}][-] Взять {1}
194,itemTooltipFocusedSeveral,[73E9B2][{0}][-] Take {1} ({2}),[73E9B2][{0}][-] Взять {1} ({2})
195,forgeActivate,[73E9B2][{0}][-] Open Forge,[73E9B2][{0}][-] Открыть Горн
196,useCampfire,[73E9B2][{0}][-] Use,[73E9B2][{0}][-] Открыть
197,useForge,[73E9B2][{0}][-] Use,[73E9B2][{0}][-] Открыть
198,useSecureDoor,[73E9B2][{0}][-] Use,[73E9B2][{0}][-] Открыть
199,useDoor,[73E9B2][{0}][-] Use,[73E9B2][{0}][-] Открыть
200,useOpen,[73E9B2][{0}][-] Open,[73E9B2][{0}][-] Открыть
201,useClose,[73E9B2][{0}][-] Close,[73E9B2][{0}][-] Закрыть
202,useWorkstation,[73E9B2][{0}][-] Use,[73E9B2][{0}][-] Открыть
203,lootAccess,[73E9B2][{0}][-] Access {1},[73E9B2][{0}][-] Доступ {1}
204,lootEntity,[73E9B2][{0}][-] Search {1},[73E9B2][{0}][-] Искать {1}
205,lootTooltipEmpty,[73E9B2][{0}][-] Open {1}\n[606060](Empty)[-],[73E9B2][{0}][-] Открыть {1}\n[606060](Пусто)[-]
206,lootTooltipNew,[73E9B2][{0}][-] Search {1}\n[73E9B2](Untouched)[-],[73E9B2][{0}][-] Обыскать {1}\n[73E9B2](Нетронут)[-]
207,lootTooltipTouched,[73E9B2][{0}][-] Open {1},[73E9B2][{0}][-] Открыть {1}
208,lootVehicleEmpty,[73E9B2][{0}][-] Open {1}{2}\n[606060](Empty)[-],[73E9B2][{0}][-] Открыть {1}{2}\n[606060](Пусто)[-]
209,lootVehicleNew,[73E9B2][{0}][-] Search {1}{2}\n[73E9B2](Untouched)[-],[73E9B2][{0}][-] Обыскать {1}{2}\n[73E9B2](Нетронут)[-]
210,lootVehicleTouched,[73E9B2][{0}][-] Open {1}{2},[73E9B2][{0}][-] Открыть {1}{2}
211,lootVehicleSecureJammed,[73E9B2][{0}][-] Use {1}{2}\n[606060](Jammed)[-],[73E9B2][{0}][-] Использовать {1}{2}\n[606060](Заклинило)[-]
212,lootVehicleSecureLocked,[73E9B2][{0}][-] Use {1}{2}\n[606060](Locked)[-],[73E9B2][{0}][-] Использовать {1}{2}\n[606060](Заперто)[-]
213,lootVehicleSecureUnlocked,[73E9B2][{0}][-] Use {1}{2}\n[606060](Unlocked)[-],[73E9B2][{0}][-] Использовать {1}{2}\n[606060](Открыто)[-]
214,tooltipJammed,[73E9B2][{0}][-] Use {1}\n[606060](Jammed)[-],[73E9B2][{0}][-] Использовать {1}\n[606060](Заклинило)[-]
215,tooltipLocked,[73E9B2][{0}][-] Use {1}\n[606060](Locked)[-],[73E9B2][{0}][-] Использовать {1}\n[606060](Закрыт)[-]
216,tooltipLockedEmpty,"[73E9B2][{0}][-] Use {1}\n[606060](Locked, Empty)[-]","[73E9B2][{0}][-] Использовать {1}\n[606060](Заперто, пусто)[-]"
217,tooltipUnlocked,[73E9B2][{0}][-] Use {1}\n[606060](Unlocked)[-],[73E9B2][{0}][-] Использовать {1}\n[606060](Открыт)[-]
218,tooltipUnlockedEmpty,"[73E9B2][{0}][-] Use {1}\n[606060](Unlocked, Empty)[-]","[73E9B2][{0}][-] Использовать {1}\n[606060](Открыто, пусто)[-]"
219,useBlock,[73E9B2][{0}][-] Use {1},[73E9B2][{0}][-] Использовать {1}
220,useDoorPicked,[73E9B2][{0}][-] Use {1}\n[606060](Picked)[-],[73E9B2][{0}][-] Использовать {1}\n[606060](Взломано)[-]
221,editLabel,[73E9B2][{0}][-] Edit Label,[73E9B2][{0}][-] Изменить метку
222,useElevator,[73E9B2][{0}][-] Use [808080](Floor {1})[-],[73E9B2][{0}][-] Использовать [808080](Этаж {1})[-]
223,lootItem,[73E9B2][{0}][-] Pick up {1},[73E9B2][{0}][-] Поднять {1}
224,tooltipInteract,[73E9B2][{0}][-] Use {1},[73E9B2][{0}][-] Использовать {1}
225,vendingMachineActivate,[73E9B2][{0}][-] Use {1},[73E9B2][{0}][-] Использовать {1}
226,useSwitchOff,[73E9B2][{0}][-] Turn off,[73E9B2][{0}][-] Выключить
227,useSwitchOn,[73E9B2][{0}][-] Turn on,[73E9B2][{0}][-] Включить
228,useSwitchLightOff,[73E9B2][{0}][-] Turn off,[73E9B2][{0}][-] Выключить
229,useSwitchLightOn,[73E9B2][{0}][-] Turn on,[73E9B2][{0}][-] Включить
230,npcTooltipTalk,[73E9B2][{0}][-] Talk to {1},[73E9B2][{0}][-] Говорить с {1}
231,pickupCrops,[73E9B2][{{0}}][-] Harvest [decea3]{0}[-] {1},[73E9B2][{{0}}][-] Собрать [decea3]{0}[-] {1}
232,pickupPrompt,[73E9B2][{{0}}][-] Pick up {0},[73E9B2][{{0}}][-] Поднять {0}
233,xuiVendingWithOwner,Vending Machine\n[808080]({0})[-],Торговый автомат\n[808080]({0})[-]
234,xuiLockAmmo,Turn On,Включить
235,xuiUnlockAmmo,Turn Off,Выкл
236,activeBlockPrompt,{0}\n[73E9B2](Active)[-],{0}\n[73E9B2](Активный)[-]
237,inactiveBlockPrompt,{0}\n[606060](Inactive)[-],{0}\n[606060](Неактивный)[-]
238,uiOpenJammed,[73E9B2][{0}][-] Open {1}\n[606060](Jammed)[-],[73E9B2][{0}][-] Открыть {1}\n[606060](Заклинило)[-]
239,uiOpenLocked,[73E9B2][{0}][-] Open {1}\n[606060](Locked)[-],[73E9B2][{0}][-] Открыть {1}\n[606060](Закрыт)[-]
240,uiOpenUnlocked,[73E9B2][{0}][-] Open {1}\n[606060](Unlocked)[-],[73E9B2][{0}][-] Открыть {1}\n[606060](Открыт)[-]
241,uiOwnedBy,Owned by {0},Владелец: {0}
242,blockcommand_aim,Aim,Наведение
243,blockcommand_confirm,Confirm Placement,Подтвердить размещение
244,blockcommand_craft,Craft,Создать
245,blockcommand_do_nothing,Do nothing,Ничего не делать
246,blockcommand_edit1,Edit,Изменить
247,blockcommand_edit2,Edit,Изменить
248,blockcommand_fuel_add,Add to container,Добавить в ёмкость
249,blockcommand_fuel_take,Fill up from container,Наполнить из ёмкости
250,blockcommand_recharge,Recharge,Перезарядить
251,blockcommand_refuel,Refuel,Заправить
252,blockcommand_add_filter,Add Filter,Добавить фильтр
253,blockcommand_research,Research,Исследовать
254,blockcommand_repair,Repair,Починить
255,blockcommand_search,Search,Поиск
256,blockcommand_toggle,Toggle On/Off,Вкл/выкл
257,blockcommand_pick1,Pick Lock\n[606060](Lockpick)[-],Взлом\n[606060](Отмычка)[-]
258,blockcommand_pick2,Pick Lock\n[606060](Bobby Pin)[-],Взлом\n[606060](Заколка)[-]
259,blockcommand_set_spawn,Set Spawn,Установить точку возрождения
260,blockcommand_useC4,Use Timed Charge,Использовать взрыв пакет
261,blockcommand_upgrade,Upgrade,Улучшить
262,blockcommand_broadcast_on,Broadcast Storage,Трансляция хранилища
263,blockcommand_broadcast_off,Stop Broadcasting,Остановить трансляцию
264,blockcommand_turn_on,Turn On,Вкл
265,blockcommand_turn_off,Turn Off,Выкл
266,uiNull,,
267,uiActionFillFrom,{0} Fill {1} from {2},{0} Наполнить {1} из {2}
268,uiActionFillTo,{0} Add {1} to {2},{0} Добавить {1} в {2}
269,uiActionChangeAmountTip,[c0c0c0]([-][73E9B2]{0}[-] [c0c0c0]or[-] [73E9B2]{1}+{0}[-] [c0c0c0] to change count)[-],[c0c0c0]([-][73E9B2]{0}[-] [c0c0c0]или[-] [73E9B2]{1}+{0}[-] [c0c0c0] — изменить количество)[-]
270,uiActionTake,{0} Take {1},{0} Взять {1}
271,uiActionUse,[73E9B2][{0}][-] Use {1},[73E9B2][{0}][-] Испо-вать {1}
272,uiActionUntouched,\n[73E9B2](Untouched)[-],\n[73E9B2](Нетронутый)[-]
273,uiActionSkillLevelUp,Your [decea3]{0}[-] skill has improved to level [decea3]{1}[-]!,Ваш навык [decea3]{0}[-] повысился до [decea3]{1}[-]!
274,uiActive,Active,Активно
275,uiAll,All,Всё
276,uiAllResearch,All Research,Все исследования
277,uiAmmo,Ammo,Патроны
278,uiAmmoAndExplosives,Ammunition/Explosives,Боеприпасы/взрывчатые вещества
279,uiAmmunition,Ammunition,Амуниция
280,uiArmor,Armor,Броня
281,uiAttention,Attention,Внимание
282,uiBackpack,Backpack,Рюкзак
283,uiBasicCrafting,Craft,Ремесло
284,uiBiomeName,Biome Name,Биом
285,uiBloodMoon,Blood Moon,Кровавая луна
286,uiBlockAndMaterialName,{1} / {0},{1} / {0}
287,uiBlockIDUsed,{0} Block IDs Used,Использовано ID блоков: {0}
288,uiBlockMissing,Missing block,Не хватает блока
289,uiBlockName,{0},{0}
290,uiBooksSchematics,Books and Schematics,Книги и схемы
291,uiBroadcasting,Broadcasting,Авто-передача предметов
292,uiBroadcastRange,Broadcast Range,Радиус трансляции
293,uiBroadcastStorage,Broadcast storage for crafting,Передача предметов для крафта
294,uiBuffs,Buffs,Баффы
295,uiCantPickUpFuelNotEmpty,Workstation Fuel slots not empty!,Слоты с топливом не пуст!
296,uiCantPickUpInputNotEmpty,Workstation Input slots not empty!,Слоты с вводом не пусты!
297,uiCantPickUpOutputNotEmpty,Workstation Output not empty!,Слоты с готовой продукцией не пусты!
298,uiCantPickUpQueueNotEmpty,Workstation Queue not empty!,Слоты очереди не пусты!
299,uiCantPickUpToolsNotEmpty,Workstation Tools slots not empty!,Слоты с инструментом не пусты!
300,uiCatchTarget,[73E9B2][{0}][-] Catch {1},[73E9B2][{0}][-] Поймать {1}
301,uiCategoryTotal,Category Total: {0},Всего в категории: {0}
302,uiChickenCoopFeed,[73E9B2][{0}][-] Feed {1},[73E9B2][{0}][-] Кормить {1}
303,uiCircuit,Circuit: {0},Цепь: {0}
304,uiClothing,Clothing,Одежда
305,uiClothingAndArmor,Clothing and Armor,Одежда и броня
306,uiClothingArmorMods,Clothing/Armor Mods,Модификации одежды/брони
307,uiColorPickerHex,Color (Hex),Цвет (Hex)
308,uiColorPickerRGB,Color (RGB),Цвет (RGB)
309,uiConfigureBlock,[73E9B2][{0}][-] Configure {1},[73E9B2][{0}][-] Настроить {1}
310,uiConfirmPlacement,[73E9B2][{{0}}][-] Confirm Placement,[73E9B2][{{0}}][-] Подтвердить размещение
311,uiContainer,Container,Контейнер
312,uiCopy,Copy,Копировать
313,uiCopyIDToClipboard,Copy ID To Clipboard,Копировать ID в буфер
314,uiCount,Count,Количество
315,uiCrafted,Crafted,Создается в
316,uiCraftedIn,Crafted in ,Создается в
317,uiCraftingFuel,Fuel,Топливо
318,uiCraftingInput,Input,Ввод
319,uiCraftingOutput,Output,Выход
320,uiCraftingQueue,Queue,Очередь
321,uiCraftingQueueAndOutput,Queue/Output,Очередь/Выход
322,uiCraftingTools,Tools,Инструменты
323,uiCraftOutput,Craft output,Продукция
324,uiCrouching,Crouching,Присесть
325,uiDayLeft,Day Left,Остался день
326,uiDaysLeft,Days Left,Осталось дней
327,uiDebugBiome,Biome,Биом
328,uiDebugBlock,Block,Блок
329,uiDebugClass,Class,Класс
330,uiDebugWeather,Weather,Погода
331,uiDebugGamepadBtn,GamepadBtn,Геймпад кноп.
332,uiDebugMaterial,Material,Материал
333,uiDebugPrefab,Prefab,Префаб
334,uiDebugRegion,Region,Регион
335,uiDebugTileEntity,TileEntity,Плитка
336,uiDebugObject,Object,Объект
337,uiDebugWaterFlow,Water Flow,Поток воды
338,uiDescription,Description,Описание
339,uiDetails,Details,Подробности
340,uiDifficulty,Difficulty,Сложность
341,ui_door_prefix, (,(
342,ui_door_suffix,),)
343,ui_door_bottom,Bottom Door,Нижняя дверь
344,ui_door_left,Left Door,Левая дверь
345,ui_door_middle,Middle Door,Средняя дверь
346,ui_door_right,Right Door,Правая дверь
347,ui_door_top,Top Door,Верхняя дверь
348,ui_drawer_bottom,Bottom Drawer,Нижний ящик
349,ui_drawer_left,Left Drawer,Левый ящик
350,ui_drawer_left_bottom,Left Bottom Drawer,Левый нижний ящик
351,ui_drawer_left_middle,Left Middle Drawer,Левый средний ящик
352,ui_drawer_left_top,Left Top Drawer,Левый верхний ящик
353,ui_drawer_middle,Middle Drawer,Средний ящик
354,ui_drawer_right,Right Drawer,Правый ящик
355,ui_drawer_right_bottom,Right Bottom Drawer,Правый нижний ящик
356,ui_drawer_right_middle,Right Middle Drawer,Правый средний ящик
357,ui_drawer_right_top,Right Top Drawer,Правый верхний ящик
358,ui_drawer_top,Top Drawer,Верхний ящик
359,ui_drawer_top_middle,Top Middle Drawer,Верхний средний ящик
360,uiExplosives,Explosives,Взрывчатые вещества
361,uiExplosivesAndMines,Explosives and mines,Взрывчатка и мины
362,uiFeatureInProgress,"Work in progress feature currently in development.\nMight not work, do nothing or work partially.","Функция, находящаяся в стадии разработки.\nМожет не работать, ничего не делать или работать частично."
363,uiFoodAndDrinks,Food and Drinks,Пища и напитки
364,uiGameContinue,Continue Game,Продолжить игру
365,uiGameNew,New Game,Новая игра
366,uiGrowing,Growing ,Растет
367,uiHeaderCrafting,Crafting,Создать
368,uiHeaderCharacter,Character,Персонаж
369,uiHeaderMap,Map,Карта
370,uiHeaderSkills,Progress,Прогресс
371,uiHeaderQuests,Missions,Задания
372,uiHeaderJournal,Journal,Журнал
373,uiHeaderPlayers,Players,Игроки
374,uiHeaderCreative,Creative,Креатив
375,uiIdle,Idle,Ожидание
376,uiIngredientHave,", Have: ",", В наличии:"
377,uiIngredientInclModded,Including modded,Включая модифицированные
378,uiIngredientNeed,\nNeed: ,\nНужно:
379,uiIngredientRetrieve,\nRetrievable: ,\nМожно извлечь:
380,uiInspectBlock,[73E9B2][{0}][-] Inspect {1},[73E9B2][{0}][-] Осмотреть {1}
381,uiInspectLockSlot,To lock an inventory slot,Заблокировать слот инвентаря
382,uiInspectStackSingle,To drop one item at a time,Сбросить по одному предмету за раз
383,uiInspectStackSplit,Hold and drag to take a half stack,"Зажать и тащить, взять половину стопки"
384,uiInspectStackSwap,To drop or swap a stack,Сбросить или поменять местами стопку
385,uiInspectStackTake,Hold and drag to take a stack,"Зажать и тащить, взять стопку"
386,uiInspectStackView,"To inspect an item, recipe or active effect",Исследовать предмет
387,uiInsufficientStationLevel,Insufficient Station Level,Недостаточный уровень верстака
388,uiInteractWithBlock,Interact with {0},Взаимодействовать с {0}
389,uiInventory,Inventory,Инвентарь
390,uiItemNotFound,Missing item [73E9B2]{0}[-],Не хватает [73E9B2]{0}[-]
391,uiItemRequired,Requires {0},Необходимо {0}
392,uiKeyPrimary,[action:local:Primary],[action:local:Primary]
393,uiKeySecondary,[action:local:Secondary],[action:local:Secondary]
394,uiKeyLockSlot,[action:gui:GUILockSlot],[action:gui:GUILockSlot]
395,uiLevelShort,LVL,УРВ
396,uiLightRecharge,[73E9B2][{0}][-] Recharge {1},[73E9B2][{0}][-] Перезарядить {1}
397,uiLightToggle,[73E9B2][{0}][-] Toggle {1},[73E9B2][{0}][-] переключить {1}
398,uiLocked,Locked,Заперто
399,uiLockAutoPick,Auto-Pick,Автовзлом
400,uiLockAutoPickChance,Auto-Pick chance: [decea3]{0}%[-],Шанс автовзлома: [decea3]{0}%[-]
401,uiLockVeryEasy,Very Easy,Очень легко
402,uiLockEasy,Easy,Легко
403,uiLockAverage,Average,Средняя
404,uiLockHard,Hard,Тяжело
405,uiLockVeryHard,Very Hard,Очень трудно
406,uiLockExtremelyHard,Extremely Hard,Крайне тяжело
407,uiLockImpossible,Impossible,Невозможно
408,uiLockpicked,Picked,Взломано
409,uiLockpickingInsufficient,Your lockpicking level [FF1919]{0}[-] is not high enough to lockpick this level [decea3]{1}[-] lock.,"Ваш навык взлома [FF1919]{0}[-], требуется для взлома [decea3]{1}[-]."
410,uiLockpickingSkillLevel,Lockpicking,Взлом замков
411,uiLockpickingLockLevel,Lock,Замок уровень?
412,uiLockpicksLeft,You have [decea3]{0} {1}[-] left,У вас есть [decea3]{0} {1}[-]
413,uiLockpicksLeftNone,You don't have any [decea3]{0}[-] in your inventory.,У вас нет [decea3]{0}[-] в инвентаре.
414,uiLockpicksTooltipKB,Use the [73E9B2][{0}][-] or [73E9B2][{1}][-] keys or hold [73E9B2][{2}][-] and drag the [73E9B2][Mouse Cursor][-] across the screen to move the [decea3]{3}[-]. Then [73E9B2][{4}][-] to try to unlock.,"Используйте клавиши[73E9B2][{0}][-] или [73E9B2][{1}][-] или удерживайте [73E9B2][{2}][-] и перетащите [73E9B2]курсор мыши[-] по экрану, чтобы переместить [decea3]{3}[-]. Затем нажмите [73E9B2][{4}][-], чтобы попытаться взломать."
415,uiLockpicksTooltipGP,Use the [73E9B2][{0}][-] or [73E9B2][{1}][-] keys to move the [decea3]{2}[-]. Then [73E9B2][{3}][-] to try to unlock.,"Используйте клавиши [73E9B2][{0}][-] или [73E9B2][{1}][-] для перемещения [decea3]{2}[-]. Затем [73E9B2][{3}][-], чтобы попытаться взломать."
416,uiUnlocksAtTradeStage,Unlocks at Trade Level,Открывается на уровне торговли
417,uiUnlocksAtTradeStageTip,Unlocks at Trade Level {0},Открывается на уровне торговли {0}
418,uiMapBedroll,Save Point,Кровать
419,uiMapCursor,Cursor,Курсор
420,uiMapInfo,Info,Информация
421,uiMapPlayer,Position,Позиция
422,uiMapWaypoint,Waypoint,Точка маршрута
423,uiMapWaypoints,Waypoints,Точка маршрута
424,uiMapWaypointsPersonal,Personal,Личные
425,uiMapWaypointsShared,Shared,Общие
426,uiMaterial,Material,Материал
427,uiMax,Max,Максимум
428,uiMenuSupport,Donations and social,Пожер-ия и связь
429,uiMiscellaneous,Miscellaneous,Разное
430,uiMissingCraftingRecipe,Missing Crafting Recipe,Нет рецепта
431,uiMissingIngredients,Missing ingredients,Не хватает комп-тов
432,uiMissingScrapWires,You don't have any [decea3]Scrap Wire[-] in your inventory,У вас нет [decea3]обрезков проволоки[-] в инвентаре
433,uiMissingTool,Missing tool,Нужен инструмент
434,uiMissingKnowledge,Missing knowledge,Не хватает знаний
435,uiMods,Mods,Моды
436,uiMovementSpeed,Movement Speed,Скорость перемещения
437,uiMovementState,Movement,Движение
438,uiNearbyStorage,Nearby Storage,Ближайшие хранилища
439,uiNoFuel,No Fuel,Нет топлива
440,uiNoPower,No power,Нет питания
441,uiNoSellPrice,No Sell Price,Не продается
442,uiNoSkillPoints,No Skill Points,Нет очков навыков
443,uiNoUpgradesForBlock,Block can't be upgraded,Блок не может быть улучшен
444,uiOr,or,или
445,uiPatchNotes,News and latest patch notes,Новости и последние обновления
446,uiPerkPoints,Perk Points,Очки умений
447,uiPinIngredients,Pin ingredients,Закр-ть ин-ты
448,uiPlantNeedsMoreLight,\n[FF6A00]Needs more light[-],\n[FF6A00]Нужно больше света[-]
449,uiPlantNoLight,Insufficient light,Недостаточно света
450,uiPlantHasLight,Has Light,Света достаточно
451,uiPlantNotFarmland,Incorrect Soil,Неподходящая почва
452,uiPlantLightInfo,"Has: {0}, Needs: {1}","Есть: {0}, нужно: {1}"
453,uiPlayerEffects,Effects,Эффекты
454,uiPlayerPreview,Character preview,Предпросмотр
455,uiPlayerHidePreview,Hide character preview,Скрыть предпросмотр персонажа
456,uiPlayerStats,Stats,Статы
457,uiPlayerStatsCore,Core Stats,Основные показатели
458,uiPlayerStatsMore,More Details,Подробнее
459,uiPlayerStatsLess,Hide Details,Скрыть детали
460,uiPlayerStatsAdvanced,Advanced Details,Доп. сведения
461,uiPower,Power,Энергия
462,uiPowered,Powered,Под питанием
463,uiPowerOutput,Output,Выход
464,uiPowerRemainingFuel,Fuel Left,Остаток топлива
465,uiPowerUsed,Used,Использовано
466,uiPrefabId,Prefab ID,ID префаба
467,uiPrefabName,Prefab Name,Префаб
468,uiPrefabNr,Nr,№
469,uiPricePrefix,$,
470,uiPrimaryMaterial,Primary Material,Основной материал
471,uiProcessLaying,\n[decea3]Laying[-],\n[decea3]Несётся[-]
472,uiProcessGathering,\n[decea3]Gathering[-],\n[decea3]Сбор[-]
473,uiProcessGrowing,\n[decea3]Growing[-],\n[decea3]Рост[-]
474,uiProcessMining,\n[decea3]Mining[-],\n[decea3]Добыча[-]
475,uiProcessSwarming,\n[decea3]Swarming[-],\n[decea3]Роение[-]
476,uiQuality,Quality,Качество
477,uiQuality1,F A U L T Y,П Р О С Т О Й
478,uiQuality2,C O M M O N,О Б Ы Ч Н Ы Й
479,uiQuality3,U N C O M M O N,Н Е О Б Ы Ч Н Ы Й
480,uiQuality4,R A R E,Р Е Д К И Й
481,uiQuality5,E P I C,Э П И Ч Е С К И Й
482,uiQuality6,L E G E N D A R Y,Л Е Г Е Н Д А Р Н Ы Й
483,uiQualityPrefix1,FAULTY,ПРОСТОЙ
484,uiQualityPrefix2,COMMON,ОБЫЧНЫЙ
485,uiQualityPrefix3,UNCOMMON,НЕОБЫЧНЫЙ
486,uiQualityPrefix4,RARE,РЕДКИЙ
487,uiQualityPrefix5,EPIC,ЭПИЧЕСКИЙ
488,uiQualityPrefix6,LEGENDARY,ЛЕГЕНДАРНЫЙ
489,uiQuestsShared,Shared,Общие
490,uiRadiation,Radiation,Радиация
491,uiRandomSpawner,[decea3][{0} Random Spawner][-],[decea3][{0} Случайный спаунер][-]
492,uiRayHitBlockName,Block Name,Блок
493,uiRayHitTileEntity,Tile Entity,Объект
494,uiRecyclable,Recyclable,Перерабатываемый
495,uiRefillWater,Refill Water,Набрать воду
496,uiRefreshServerList,Refresh,Обновить
497,uiRegionFile,Region File,Файл регионов
498,uiRepair,Repair,Ремонт
499,uiRepairable,Repairable,Ремонтопригодно
500,uiRepairCost,Repair cost,Цена ремонта
501,uiRepairItem,Repaired with,Ремонтируется
502,uiRequirements,Requirements,Требования
503,uiRequires,Requires,Необходимо
504,uiRequiredMaterials,Required materials,Требуемые материалы
505,uiRequiredTool,Required Tool,Инструмент
506,uiRequiredTradeStage,Required Trade Level,Требуемый уровень торговли
507,uiResearchLearn,Learn,Изучить
508,uiResearchLearned,Learned,Изучено
509,uiResearchUnlearned,Unlearned,Не изучено
510,uiResearchStatus,Status,Статус
511,uiResetZoomAndPosition,Reset Zoom and Position,Сбросить масштаб и положение
512,uiResistance,Resistance,Сопротивления
513,uiResistances,Resistances,Сопротивления
514,uiRespecPoints,Respec Points,Сбросить очки
515,uiRestrictedArea,Restricted Area,Запретная зона
516,uiRetrievableComponents,Retrievable components,Извлекаемые детали
517,uiRunning,Running,Бег
518,uiScrapped,Scrapped,Разбирается
519,uiScrappedIn,Scrapped in ,Разбирается на
520,uiScrapMaterial,Scrap material,Лом
521,uiSearch,Search,Поиск
522,uiServerFilters,Filters,Фильтры
523,uiServers,Servers,Сервера
524,uiServiceInfo,Service Info,Служебная информация
525,uiSettings,Settings,Настройки
526,uiShowOnMap,Show on map,Показать на карте
527,uiShowPartsPrefabs,Show Part Prefabs,Показывать префабы частей
528,uiShowRwgTilePrefabs,Show RWG Tile Prefabs,Показывать префабы RWG
529,uiSignEdit,Edit Text,Редактировать
530,ui_skill_buy,Level up,Повысить уровень
531,ui_skill_cost,Level up cost,Стоимость повышения
532,ui_skill_exp,Skill experience,Опыт навыка
533,ui_skill_level,Current level,Текущий уровень
534,ui_skill_points,Skill points,Очки умений
535,uiSkillPoint,Skill Point,Очко умения
536,uiSkillPoints,Skill Points,Очки умения
537,ui_skill_points_available,Available skill points,Доступные очки умений
538,uiSkillPointsName,Skill Points,Очки умения
539,uiSkillBuy,Level up,Повышение уровня
540,uiSkillPointShort,PT,ОУ
541,uiSkillPointsShort,PTs,ОУ
542,uiSortName,Sort by name (ASC),Сортировка по названию (по возрастанию)
543,uiSortGroup,Sort by type (ASC),Сортировка по типу (по возрастанию)
544,uiSortPrice,Sort by price (DESC),Сортировка по цене (по убыванию)
545,uiSortWeight,Sort by weight (DESC),Сортировка по весу (по убыванию)
546,uiSPCostNext,Next level: ,Следующий уровень:
547,uiSpeedKMH, km/h,КМ/Ч
548,uiSpeedMPH, mph,миль/ч
549,uiStats,Stats,Статистика
550,uiStorage,Storage,Хранилище
551,uiStorageCompartment,Area,Зона
552,uiStorageCompartments,Areas,Зоны
553,uiTabPersonal,Personal,Личные
554,uiTabShared,Shared,Общий
555,uiTeleportEW,X (E/W),X (В/З)
556,uiTeleportNS,Z (N/S),Z (С/Ю)
557,uiTimeDay,{0} day,{0} день
558,uiTimeDays,{0} days,{0} дней
559,uiTimeHour,{0} hour,{0} час
560,uiTimeHours,{0} hours,{0} часов
561,uiTimeMinute,{0} minute,{0} минут
562,uiTimeMinutes,{0} minutes,{0} минут
563,uiTimeSecond,{0} second,{0} секунд
564,uiTimeSeconds,{0} seconds,{0} секунд
565,uiToggleSearch,Toggle Search,Переключить поиск
566,uiTotal,Total: {0},Всего: {0}
567,uiTotalCostMissing,Entries Missing Cost: {0},Без стоимости: {0}
568,uiTotalRecipesMissing,Entries Missing Recipes: {0},Без рецептов: {0}
569,uiTotalCategoryRecipesMissing,Entries Missing Recipes in Category: {0},Без рецептов в категории: {0}
570,uiTraderStage,Trade Level,Уровень торговли
571,uiTraps,Traps,Ловушки
572,uiTransferAll,Move all items\nfrom backpack to container,Move все предметы\nиз рюкзак к контейнер
573,uiTransferAllToBag,Take all,Взять всё
574,uiTransferStackables,Move all stackable items\nfrom backpack to container,переместить все складываемые предметы\nиз рюкзак к контейнер
575,uiTransferStackablesToBag,Take all stackable items,Возьмите все складываемые предметы
576,uiTurnOn,Turn On,Вкл
577,uiTurnOff,Turn Off,Выкл
578,uiType,Type,Тип
579,uiUpgrade,Upgrade,Улучшение
580,uiUpgradeChance,Upgrade chance,Шанс улучшения
581,uiUpgradeCost,Upgrade cost,Цена улучшения
582,uiUpgradeFail,[FF1919]Upgrade Failed[-],[FF1919]Улучшение неудачно[-]
583,uiUpgradeMax,No further upgrades possible,Максимальное улучшение
584,uiUpgradeSuccess,[73E9B2]Upgrade Successful[-],[73E9B2]Успешно улучшено[-]
585,uiUpgradeRemoveMods,[decea3]Cannot upgrade with mods installed[-],[decea3]Нельзя улучшить с уст. модами[-]
586,uiUpgradeRequiresRepairs,[decea3]Item must be repaired first[-],[decea3]Сперва надо починить[-]
587,uiUnderwater,Underwater,Под водой
588,uiUnlocks,Unlocks,Открывает
589,uiUnlocked,Unlocked,Разблокировано
590,uiUnlockedBy,Unlocked By,Открывается в
591,uiUnlockedByResearch,Unlocked by {0} research,Открывается исследованием {0}
592,uiUnknownIngredient,Unknown ingredient,Неизвестный компонент
593,uiUnlearned,Unlearned,Неизученный
594,uiUnpinPinnedRecipe,Unpin Pinned Recipe,Открепить закрепленный рецепт
595,uiValue,Value,Ценность
596,uiVehicleCargo,Cargo Limit,Грузоподъёмность
597,uiVehicleSeats,Seats,Сидений
598,uiVehicleSlots,Cargo Slots,Грузовые слоты
599,uiVehicleConsumption,Consumption,Расход
600,uiVehicleFuelEfficiency,Fuel Efficiency,Расход
601,uiVehicles,Vehicles,Транспорт
602,uiVehicleSpeed,Speed,Скорость
603,uiVehicleSpeedTurbo,Turbo Speed,Ускорение
604,uiVehicleTank,Fuel Tank,Бензобак
605,uiVersionNewAvailable,Update available,Доступно обновление
606,uiWalking,Walking,Ходьба
607,uiWireLength,Wire Length,Длина провода
608,uiWireParentLimitWarning,This power component cannot have more than one parent.,У этого электрического компонента не может быть больше одного источника.
609,uiWorkstation,Workstation,Верстак
610,uiWeaponsMelee,Melee Weapons,Оружие ближнего боя
611,uiWeaponsMeleeAndTools,Melee Weapons and Tools,Оружие ближнего боя и инструменты
612,uiWeaponsRanged,Ranged Weapons,Оружие дальнего боя
613,uiWeight,Weight,Вес
614,uiWorkstationNotEmpty,Workstation not empty,Верстак не пустой
615,uiServerVersionMissmatch,Undead Legacy Client version doesn't match server version,Версия Undead Legacy клиента не соответствует версии сервера
616,uiServerVersionUnknown,[ff0000]Unknown[-],[ff0000]Неизвестный[-]
617,statAccuracy,Accuracy,Точность
618,statAlcohol,Alcohol,Алкоголь
619,statAlcoholMax,Max Alcohol,Алкоголь максимум
620,statArmorRating,Armor rating,Рейтинг брони
621,statAttackSpeed,Attack speed,Скорость атаки
622,statAttacksPerMinute,Melee Attack Speed,Скорость атаки
623,statBattery,Battery,Аккумулятор
624,statBlockDamage,Block Damage,Урон блокам
625,statBlocksLight,Blocks Light,Блокирует свет
626,statBurnTime,Burn Time,Время горения
627,statCarbs,Carbs,Углеводы
628,statCarbsMax,Max Carbs,Максимум углеводов
629,statCondition,Condition,Состояние
630,statCharges,Charges,Заряды
631,statCoreTemp,Body Temp,Температура тела
632,statCraftingTier,Crafting Tier,Уровень ремесла
633,statCraftingTime,Crafting Time,Время создания
634,statCraftingSpeed,Crafting Speed,Скорость изготовления
635,statCurrentLife,Current Life,Текущая жизнь
636,statDamage,Damage,Урон
637,statDeaths,Deaths,Смерти
638,statDismemberChance,Dismemberment Chance,Шанс расчленения
639,statDurability,Durability,Прочность
640,statDurabilityMax,Max Durability,Максимум прочности
641,statDurabilityUse,Durability wear multiplier,Множитель износостойкости
642,statEfficiency,Efficiency,Эффективность
643,statTravelled,Traveled,Пройдено
644,statDysenteryChance,Dysentery risk,Риск дизентерии
645,statEncumbered,Encumbered,Перегрузка
646,statEncumbrance,Encumbrance,Перегрузка
647,statEncumbranceBonus,Additional carry limit,Дополнительная вместимость
648,statEnemySearchDuration,Enemy Search Duration,Время поиска врагом
649,statExpRate,XP Bonus,Бонус опыта
650,statExpToNextLevel,XP till level Up,След ур.
651,statFat,Fat,Жир
652,statFatMax,Max Fat,Максимум жира
653,statFireRate,Fire Rate,Скорострельность
654,statFood,Food,Еда
655,statFoodMax,Max Food,Максимум еды
656,statFoodRate,Food Burn Rate,Скорость сжигания еды
657,statFuel,Fuel,Топливо
658,statGas,Gas,Бензин
659,statHandling,Handling,Управление
660,statHarvestChance,Bonus Harvest Chance,Шанс доп. добычи
661,statHealing,Healing,Исцеление
662,statHealth,Health,Здоровье
663,statHealthMax,Max Health,Максимум здоровья
664,statHealthRegen,Health Regen,Реген. здоровья
665,statItemsCrafted,Items Crafted,Создано предметов
666,statJumpStrength,Jump Height,Высота прыжка
667,statKilledPlayers,Players killed,Убито игроков
668,statKilledZombies,Zombies killed,Убито зомби
669,statLoad,Load,Нагрузка
670,statLockpicking,Lockpicking,Взлом замков
671,statLockpickDurability,Lockpick Durability,Прочность отмычки
672,statLongestLife,Longest Life,Самая длинная жизнь
673,statLootStage,Loot Stage,Этап добычи
674,statMagazineSize,Magazine,Размер магазина
675,statMaxFoodWaterBonus,Max Food/Water,Макс. еда/вода
676,statMaxHealthBonus,Max Health,Макс. здоровье
677,statMaxStaminaBonus,Max Stamina,Макс. выносливость
678,statMobility,Mobility,Мобильность
679,statModificationSlots,Slots,Ячейка
680,statPoisonChance,Risk of food poisoning,Шанс отравится едой
681,statPoisonCure,Cure Poison,Лечение от яда
682,statPower,Power,Электричество
683,statPowerAttack,Power Attack,Силовая атака
684,statPowerEfficiency,Power Efficiency,Энергоэффективность
685,statProtein,Protein,Протеин
686,statProteinMax,Max Protein,Максимум Протеина
687,statRange,Range,Диапазон
688,statRecoil,Recoil,Отдача
689,statRangerDamage,Ranger Damage,Урон рейнджера
690,statRangerReloadSpeed,Ranger Reload Speed,Перезарядка рейнджера
691,statReloadSpeed,Reload Speed,Скорость перезарядки
692,statPistolReloadSpeed,Pistol Reload Speed,Скорость пер-ки пистолета
693,statResistBleeding,Bleeding resistance,Стойкость к кровотечению
694,statResistCold,Cold resistance,Сопротивление холоду
695,statResistDiseases,Disease resistance,Стойкость к болезням
696,statResistFallDamage,Fall Damage Reduction,Снижение урона от падения
697,statResistHeat,Heat resistance,Сопротивление жаре
698,statResistPhysical,Physical resistance,Физическое сопротивление
699,statResistPoison,Poison resistance,Стойкость к ядам
700,statResistRadiation,Radiation resistance,Стойкость к радиации
701,statResistStun,Stun resistance,Сопротивление оглушению
702,statResistToxic,Toxic resistance,Стойкость к токсинам
703,statRoundsPerMinute,Ranged Attack Speed,Скорострельность
704,statStamina,Stamina,Выносливость
705,statStaminaMax,Max Stamina,Максимум выносливости
706,statTraderStage,Trader Level,Уровень торговли
707,statMeleeStaminaUse,Melee Stamina Use,Расход выносливости в ближнем бою
708,statStaminaRegen,Stamina Regen,Реген. выносливости
709,statStopsBleeding,Stops Bleeding,Останавливает кровотечения
710,statStopsLaceration,Stops Laceration,Сшивает рваные раны
711,statStopsBrokenLimbs,Heals Broken Limbs,Заживляет сломанные конечности
712,statTreasureRadius,Treasure Radius,Радиус сокровищ
713,statVehicleDamageGiven,Increased Damage Given,Повышение наносимого урона
714,statVehicleDamageTaken,Decreased Damage Taken,Снижение получаемого урона
715,statVitamins,Vitamins,Витамины
716,statVitaminsMax,Max Vitamins,Максимум витаминов
717,statWater,Water,Вода
718,statWaterMax,Max Water,Максимум воды
719,statWaterRate,Water Burn Rate,Интенсивность сжигания воды
720,statWeaponDamageAll,Weapon Damage,Урон оружия
721,statWeaponDamageArchery,Bow/Crossbow Damage,Урон луков/арбалетов
722,statWeaponDamageAxe,Axe Entity Damage,Урон топоров по существам
723,statWeaponDamageBaton,Baton Damage,Урон дубинок
724,statWeaponDamageBlade,Blade Weapon Damage,Урон клинкового оружия
725,statWeaponDamageBlunt,Blunt Weapon Damage,Урон дробящего оружия
726,statWeaponDamageBow,Bow Damage,Урон луков
727,statWeaponDamageCrossbow,Crossbow Damage,Урон арбалетов
728,statWeaponDamageGrenade,Grenade Damage,Урон гранат
729,statWeaponDamageLauncher,Launcher Damage,Урон пусковых установок
730,statWeaponDamageMachineGun,Machine Gun Damage,Урон автоматического оружия
731,statWeaponDamageMelee,Melee Weapon Damage,Урон оружия ближнего боя
732,statWeaponDamageMining,Mining Tool Damage,Урон горных инструментов
733,statWeaponDamageDigging,Digging Tool Damage,Урон землеройных инструментов
734,statWeaponDamagePistol,Pistol Damage,Урон пистолетов
735,statWeaponDamagePolearm,Polearm Damage,Урон древкового оружия
736,statWeaponDamageRanged,Ranged Weapon Damage,Урон дальнобойного оружия
737,statWeaponDamageRadiated,Damage vs Radiated,Урон по радиоактивным
738,statWeaponDamageRevolver,Revolver Damage,Урон револьверов
739,statWeaponDamageRifle,Rifle Damage,Урон винтовок
740,statWeaponDamageSniperRifle,Sniper Rifle Damage,Урон снайперских винтовок
741,statWeaponDamageSMG,SMG Damage,Урон ПП
742,statWeaponDamageShotgun,Shotgun Damage,Урон дробовиков
743,statWeaponDamageUndead,Damage vs Undead,Урон по нежити
744,statWeight,Carry weight,Вес переноски
745,statWeightMax,Carry weight limit,Лимит веса переноски
746,statWellness,Wellness,Здоровый образ жизни
747,statWellnessMax,Max Wellness,Здоровый образ жизни максимум
748,statWellnessRate,Wellness Rate,Здоровый образ жизни рейтинг
749,tt_belongs_to_other_player,This belongs to someone else,Это принадлежит кому-то другому
750,tt_empty_before_pickup,It must be empty before picking it up.,"Перед тем как поднять его, он должен быть пустым."
751,tt_container_is_full,"It's full, you can't add more.","Он заполнен, вы не можете добавить больше."
752,tt_not_enough_substance,It's not enough to fill up this item.,"Этого недостаточно, чтобы заполнить этот предмет."
753,tt_no_compatible_items,I don't have anything compatible in my hand to interact with it.,"У меня в руке нет ничего совместимого, чтобы с ним взаимодействовать."
754,ttJunkDroneEmptySomeStorage,Remove items from drone storage last row to replace or remove this modification.,"Удалите предметы из хранилища дрона в последнем ряду, чтобы заменить или удалить эту модификацию."
755,type1hAxes,One-handed Axe,Одноручный топор
756,type1hBlades,One-handed Blade,Одноручный клинок
757,type1hBlunt,One-handed Blunt,Одноручная дубинка
758,type1hKnives,One-handed Knife,Одноручный нож
759,type2hAxes,Two-handed Axe,Двуручный топор
760,type2hMelee,Two-handed Melee,Двуручное оружие ближнего боя
761,type4x4,Car | Vehicle,Машина | Транспорт
762,typeadvBuilding,Advanced,Продвинутый
763,typeAccessory,Accessory,Аксессуар
764,typeAmmo,Ammo,Боеприпасы
765,typeAmmoWeapons,Ammo/Weapon,Патроны/Оружие
766,typeAmmunition,Ammunition,Амуниция
767,typeApparel,Apparel,Одежда
768,typeAppliance,Appliance,Бытовая техника
769,typeArmor,Armor,Броня
770,typeAutomotive,Automotive,Авто
771,typeBackpacks,Backpack,Рюкзак
772,typeBasics,Basic,Основные
773,typeBatons,Baton,Жезлы
774,typeBeams,Beam,Балка
775,typeBeds,Bed,Кровать
776,typeBelt,Belt,Пояс
777,typeBicycles,Bicycle | Vehicle,Велосипед | Транспорт
778,typeBladeLong,Long Blade,Длинный меч
779,typeBladeShort,Short Blade,Короткий меч
780,typeBlunt,Blunt,Тупое
781,typeBluntLong,Long Blunt,Длинное тупое
782,typeBluntShort,Short Blunt,Короткое тупое
783,typeBlocks,Block,Блок
784,typeBooks,Book,Книга
785,typeBows,Bow,Лук
786,typeBuilding,Building,Строительство
787,typeBundles,Item Bundle,Набор предметов
788,typeCandy,Candy,Конфеты
789,typeCannedFood,Canned Food,Консервы
790,typeCars,Car | Vehicle,Авто | Транспорт
791,typeCatwalks,Catwalk,Подиум
792,typeCFChemicals,Chemical,Химия
793,typeCFDrinkCooking,Drink,Напиток
794,typeCFFoodCooking,Food,Еда
795,typeChemicals,Chemical,Химия
796,typeChemicalComposite,Chemical Composite,Хим. компонент
797,typeClothing,Clothing,Одежда
798,typeClubs,Club,Дубинка
799,typeCollectors,Resource Collector,Сборщик ресурсов
800,typeConsumables,Consumable,Расходные материалы
801,typeConstructionTools,Construction Tool,Строительный инструмент
802,typeCookingTools,Cooking Tool,Кулинарный инструмент
803,typeCorpses,Corpses,Трупы
804,typeCraftingMisc,Crafting/Misc,Ремесло / Разное
805,typeCrops,Farming Crop,Семена
806,typeCrossbows,Crossbow,Арбалеты
807,typeCutting,Cutting | Mining,Резка | Шахтёрство
808,typeDebris,Debris,Мусор
809,typeDecorMiscellaneous,Miscellaneous,Разное
810,typeDecor,Decor,Декор
811,typeDecorative,Decorative,Декор
812,typeDigging,Digging,Копка | Шахтёрство
813,typeDiggingTools,Digging Tool,Инструмент для рытья
814,typeDoors,Door,Дверь
815,typeDrinks,Drink,Напитки
816,typeDrugs,Drug,Лекарства
817,typeDyeMods,Cosmetic Dye,Краска
818,typeElectrical,Electrical,Электрика
819,typeElectricalTools,Electrical Wiring Tool,Электромонтажный инструмент
820,typeEmpty,Empty Storage,Пустое хранилище
821,typeEnergyBatons,Baton | Energy Weapon,Дубинка | Энергооружие
822,typeEnergySledgehammers,Sledgehammer | Energy Weapon,Кувалда | Энергооружие
823,typeEnergySwords,Sword | Energy Weapon,Меч | Энергооружие
824,typeExplosives,Explosive,Взрывчатка
825,typeFacewear,Face wear,Лицевая экипировка
826,typeFences,Fence,Забор
827,typeFirearms,Firearm,Огнестрельное оружие
828,typeFistWeapons,Fist Weapon,Кулачное оружие
829,typeFoliage,Foliage,Листва
830,typeFood,Food,Еда
831,typeFoodCooking,Food/Cooking,Еда/Кулинария
832,typeFurniture,Furniture/Decoration,Фурнитура/Декор
833,typeGardeningTools,Gardening Tool,Садовый инструмент
834,typeGrenades,Grenade,Граната
835,typeGun,Gun,Оружие
836,typeGuns,Gun,Оружие
837,typeGyroCopters,GyroCopter | Vehicle,Гирокоптер | Транспорт
838,typeHandTools,Hand Tool,Ручные инструменты
839,typeHealth,Health,Здоровье
840,typeHeavyArmor,Heavy Armor,Тяжелая броня
841,typeHelicopters,Helicopter | Vehicle,Вертолет | Транспорт
842,typeItem,Item,Предмет
843,typeJunk,Junk,Хлам
844,typeKnives,Knife,Нож
845,typeLandMines,Land Mine | Building,Наземная мина | Строение
846,typeLaunchers,Launcher,ПУ
847,typeLightArmor,Light Armor,Легкая броня
848,typeLighting,Lighting,Освещение
849,typeLoot,Storage,Хранилище
850,typeMedical,Medicine,Медицина
851,typeMedicine,Medicine,Лекарства
852,typeMediumArmor,Medium Armor,Средняя броня
853,typeMelee,Melee,Ближнее
854,typeMeleeTools,Melee Tool,Орудие ближнего боя
855,typeMeleeWeapons,Melee Weapon,Оружие ближнего боя
856,typeMachineGuns,Machine Gun,Автомат
857,typeMinesExplosives,Mines/Explosives,Мины/взрывчатка
858,typeMinibikes,Motorcycle | Vehicle,Мотоцикл | Транспорт
859,typeMotorcycles,Motorcycle | Vehicle,Мотоцикл | Транспорт
860,typeChoppingTools,Woodcutting tool,Инструмент для лесозаготовки
861,typeMaintenance,Repair and Upgrade Tool,Обслуживание
862,typeMiningTools,Mining Tool,Шахтерский инструмент
863,typeMissions,Mission item,Предмет миссии
864,typeMisc,Miscellaneous,Разное
865,typeMods,Item Mod,Модификации
866,typeModsArmor,Armor Mod,Мод брони
867,typeModsHead,Headgear Armor Mod,Мод головной брони
868,typeModsChainsaw,Chainsaw Mod,Мод бензопилы
869,typeModsChest,Outfit Armor Mod,Мод брони корпуса
870,typeModsHands,Gloves Armor Mod,Мод перчаток
871,typeModsFeet,Footwear Armor Mod,Мод обуви
872,typeModsVehicle,Vehicle Mod,Мод транспорта
873,typePainting,Painting,Краска
874,typePaintingTools,Painting Tool,Малярный инструмент
875,typePistols,Pistol,Пистолет
876,typePlumbing,Plumbing,Сантехника
877,typePolearms,Polearm,Древковое
878,typePortableDrones,Portable Drone,Дрон
879,typePortableTurrets,Portable Turret,Портативная турель
880,typePosters,Poster,Плакат
881,typePowered,Powered,Привод
882,typePoweredCutting,Powered Cutting Tool,Привод | Рубка
883,typePoweredDigging,Powered Digging Tool,Привод | Копка
884,typePoweredMining,Powered Mining Tool,Привод | Шахтёрство
885,typePoweredMiningDigging,Powered Mining/Digging Tool,Привод | Шахтёрство | Копка
886,typePowerGenerators,Power Generator,Генератор
887,typePowerStorage,Power Storage,Хранилище энергии
888,typeResearch,Research,Исследование
889,typeQuality,Quality,Качество
890,typeQualitySchematics,Quality Research,Исследование качества
891,typeRandomHelper,Random Helper,Случайный вариант
892,typeRanged,Ranged,Даль
893,typeRangedGuns,Gun,Оружие
894,typeRangedWeapons,Ranged Weapon,Оружие дальнего боя
895,typeRecipes,Recipe,Рецепты
896,typeResearchBooks,Research Book,Книга исследований
897,typeResources,Resource,Ресурсы
898,typeRoadProps,Road Decor,Дорожный декор
899,typeRocketLaunchers,Rocket Launcher,ПУ
900,typeSalvage,Salvage,Утилизация
901,typeSalvageTools,Salvage Tool,Инструмент для разборки
902,typeScavenging,Scavenging,Разборка
903,typeSchematics,Schematic,Чертеж
904,typeScience,Science,Наука
905,typeSeeds,Crop Seed,Семена
906,typeSecretStash,Secret Stash,Тайник
907,typeShortBlade,Short Blade,Короткий клинок
908,typeShotguns,Shotgun,Дробовик
909,typeSigns,Sign,Табличка
910,typeSkillBooks,Skill Book,Книга навыков
911,typeSledgehammers,Sledgehammer,Кувалда
912,typeSleepers,Spawner (Sleeper),Спавнер (спящий)
913,typeSmeltingTools,Furnace Tool,Печной инструмент
914,typeSniperRifles,Sniper Rifle,Винтовка
915,typeSpawnPoint,Spawn Point,Точка появления
916,typeSpears,Spear,Копьё
917,typeSpecial,Special Object,Специальный объект
918,typeSpecialItems,Mission item,Предмет задания
919,typeStairs,Stairs,Ступени
920,typeStorage,Storage,Хранилище
921,typeStorageEmpty,Empty Storage,Пустое хранилище
922,typeStorageTanks,Storage Tank,Емкость для хранения
923,typeStructural,Structural,Структура
924,typeSubmachineGuns,Submachine Gun,Пистолет-пулемёт
925,typeSupport,Support,Поддержка
926,typeSwords,Sword,Меч
927,typeTerrain,Terrain,Почва
928,typeThrowable,Throwable,Метательный
929,typeThrowableExplosive,Throwable Explosive,Метательная взрывчатка
930,typeToolParts,Tool Component,Компонент инструмента
931,typeTools,Tool,Инструмент
932,typeToolsTraps,Tool/Trap,Инструменты/ловушки
933,typeTrade,Trade,Торговля
934,typeTraders,Spawner (Trader),Спавнер (торговец)
935,typeTraps,Trap,Ловушка
936,typeTrees,Tree,Деревья
937,typeTrucks,Truck | Vehicle,Грузовик | Транспорт
938,typeVariantHelper,Variant Helper,Вариант
939,typeVehicles,Vehicle,Транспорт
940,typeVents,Vents,Вентиляция
941,typeWeapons,Weapon,Оружие
942,typeWeaponsTools,Weapon/Tool,Оружие/инструмент
943,typeWindows,Window,Окно
944,typeVisionGear,Vision Gear,Средства наблюдения
945,typeWorkstations,Workstation,Верстак
946,typeWorkstationTools,Workstation Tool,Инструменты для верстака
947,typeRiverWater,Murky Water,Мутная вода
948,typeBeer,Beer,Пиво
949,typeCoffee,Coffee,Кофе
950,typeGrainAlcohol,Grain Alcohol,Зерновой спирт
951,typeGoldenRodTea,Golden Rod Tea,Чай из золотарника
952,typeHoney,Honey,Мёд
953,typeMineralWater,Mineral Water,Минеральная вода
954,typeRedTea,Red Tea,Красный чай
955,typeBoiledWater,Boiled Water,Кипячёная вода
956,typeGasoline,Gasoline,Бензин
957,typeBiofuel,Biofuel,Биотопливо
958,typeJetFuel,Jet Fuel,Авиационное топливо
959,typePropane,Propane,Пропан
960,typePowerCell,Power Cell,Энергоячейка
961,typeYuccaJuice,Yucca Juice,Сок юкки
962,typeYuccaSmoothie,Yucca Smoothie,Смузи из юкки
963,twitchBounty,Bounty,Награда
964,headerDisplay,Display,Отображение
965,headerQuality,Quality,Качество
966,headerUI,User Interface,Интерфейс
967,headerVideo,Video Settings,Настройки видео
968,groupAll,All,Все
969,groupAllBlocks,All Blocks,Все блоки
970,groupAmmo,Ammo,Боеприпасы
971,groupAmmoPortableTurret,Portable Turret Ammo,Боеприпасы для турели
972,groupAmmoPrimitive,Primitive Ammo,Примитивные боеприпасы
973,groupAmmoStandard,Standard Ammo,Стандартные боеприпасы
974,groupAmmoWeapons,Ammo/Weapons,Боеприпасы/Оружие
975,groupAmmoAndExplosives,Ammo and Explosives,Боеприпасы и взрывчатка
976,groupAppliances,Appliance,Приборы
977,groupArmor,Armor,Броня
978,groupArmorer,Armorer,Бронник
979,groupAutomotive,Automotive,Авто
980,groupBackpacks,Backpacks,Рюкзаки
981,groupBasics,Basics,Основы
982,groupBasicBlocks,Basic Blocks,Основные блоки
983,groupBars,Bars & Trussing,Балки и Опоры
984,groupBeams,Beams,Балки
985,groupBlocks,Blocks,Блоки
986,groupBooks,Books,Книги
987,groupBooksAndSchematics,Books and Schematics,Книги и чертежи
988,groupBrokenObjects,Broken Objects,Сломанные объекты
989,groupBuilding,Building,Здания
990,groupBundles,Bundles,Комплекты
991,groupCatwalks,Catwalks,Подиум
992,groupChemicals,Chemicals,Химия
993,groupChemistry,Chemistry,Химия
994,groupClothing,Clothing,Одежда
995,groupClothingAndArmor,Clothing and Armor,Одежда и броня
996,groupCollectors,Resource Collectors,Сборщики ресурсов
997,groupConsumables,Consumables,Расходные материалы
998,groupContainers,Containers,Контейнеры
999,groupCookingAndBrewing,Cooking and Brewing,Готовка и пивоварение
1000,groupCorpses,Corpses,Трупы
1001,groupCreative,Creative,Творческий режим
1002,groupCrops,Crops,Сельхозкультуры
1003,groupDebris,Debris,Растения
1004,groupDecor,Decor,Декор
1005,groupDecorMisc,Decor/Miscellaneous,Декор/Разное
1006,groupDoors,Doors,Двери
1007,groupDrinks,Drinks,Напитки
1008,groupDyes,Dyes,Красители
1009,groupElectrical,Electrical,Электроника
1010,groupEmpty,Empty Storage,Пустое хранилище
1011,groupEngineering,Engineering,Инженерия
1012,groupExplosives,Explosives,Взрывчатка
1013,groupFacewear,Face Wear,Лицевая экипировка
1014,groupFarming,Farming,Земледелие
1015,groupFences,Fences,Ограды
1016,groupFirstAid,First Aid,Первая помощь
1017,groupFrames,Frame Blocks,Каркасные блоки
1018,groupFoliage,Foliage,Листва
1019,groupFood,Food,Еда
1020,groupFoodCooking,Food/Cooking,Еда/Готовка
1021,groupFurniture,Furniture,Мебель
1022,groupGardeningTools,Gardening Tools,Садовые инструменты
1023,groupGeneral,General,Общее
1024,groupGrenades,Grenades,Гранаты
1025,groupHeroTreasure,Treasure,Сокровища
1026,groupHeavyArmor,Heavy Armor,Тяжелая броня
1027,groupItems,Items,Предметы
1028,groupLandscape,Landscape,Ландшафт
1029,groupLightArmor,Light Armor,Легкая броня
1030,groupLightSource,Light Source,Источники света
1031,groupLighting,Lighting,Освещение
1032,groupLoot,Storage,Хранение
1033,groupLootHelper,Loot Helper,Помощник по добыче
1034,groupMechanic,Mechanic,Механика
1035,groupMedicine,Medicine,Медицина
1036,groupMediumArmor,Medium Armor,Средняя броня
1037,groupMeleeWeapons,Melee Weapons,Оружие ближнего боя
1038,groupMinesExplosives,Mines/Explosives,Мины/Взрывчатка
1039,groupMisc,Misc,Разное
1040,groupMiscellaneous,Miscellaneous,Разное
1041,groupMods,Mods,Модификации
1042,groupOutdoor,Outdoor,Наружная
1043,groupPlumbing,Plumbing,Сантехника
1044,groupPowerGenerators,Power Generators,Генераторы
1045,groupPrefabBlocks,POI Blocks,Блоки POI
1046,groupPrefabEditor,Prefab Editor,Редактор префабов
1047,groupRangedWeapons,Ranged Weapons,Дальнобойное оружие
1048,groupResearch,Research,Исследования
1049,groupResources,Resources,Ресурсы
1050,groupRoadProps,Road Decor,Декор для дорог
1051,groupRobotics,Robotics,Робототехника
1052,groupScience,Science,Технологии
1053,groupScienceEngienering,Science and Engineering,Наука и инженерия
1054,groupSchematics,Schematics,Чертежи
1055,groupSeeds,Seeds,Семена
1056,groupShrubs,Shrubs,Кусты
1057,groupSigns,Signs,Таблички
1058,groupSpecial,Special Objects,Особые объекты
1059,groupStairs,Stairs,Лестницы
1060,groupStorage,Storage,Хранилища
1061,groupStorageEmpty,Empty Storage,Пустое хранилище
1062,groupStorageHelpers,Storage Helpers,Помощники по хранилищам
1063,groupStorageTanks,Storage Tanks,Ёмкости для хранения
1064,groupStructural,Structural,Структура
1065,groupSupport,Support,Поддержка
1066,groupSurvival,Survival,Выживание
1067,groupTableSaw,Table Saw,Циркулярная пила
1068,groupTerrain,Terrain,Рельеф
1069,groupTools,Tools,Инструмент
1070,groupToolsTraps,Tools/Traps,Приспособления/Ловушки
1071,groupTraps,Traps,Ловушки
1072,groupTrash,Trash,Мусор
1073,groupTrees,Trees,Деревья
1074,groupUnclassified,Unclassified,Не классифицированный
1075,groupVariantHelpers,Variant Helpers,Варианты помощников
1076,groupVegetation,Vegetation,Растительность
1077,groupVehicles,Vehicles,Транспорт
1078,groupVents,Vents,Вентиляция
1079,groupVisionGear,Vision Gear,Средства наблюдения
1080,groupWeapons,Weapons,Оружие
1081,groupWeaponsTools,Weapons and Tools,Оружие и инструмент
1082,groupWindows,Windows,Окна
1083,groupWorkstations,Workstations,Верстак
1084,groupWorkstationTools,Workstation Tools,Инструменты верстака
1085,shapeCategoryAll,All,Все
1086,shapeCategoryRandomHelper,Random Helper,Случайный вариант
1087,shapeCategorySedan,Sedan,Седан
1088,shapeCategorySUV,SUV,Внедорожник
1089,shapeCategoryMinivan,Minivan,Минивэн
1090,shapeCategoryPickup,Pickup,Пикап
1091,shapeCategoryTruck,Truck,Грузовик
1092,shapeCategoryBus,Bus,Автобус
1093,shapeCategorySportsCar,Sports Car,Спорткар
1094,shapeCategoryAmbulance,Ambulance,Скорая помощь
1095,shapeCategoryHelicopter,Helicopter,Вертолёт
1096,shapeCategoryFiretruck,Firetruck,Пожарная машина
1097,shapeCategoryLightVehicle,Light Vehicles,Лёгкий транспорт
1098,shapeCategoryBicycle,Bicycle,Велосипед
1099,shapeCategoryMotorcycle,Motorcycle,Мотоцикл
1100,shapeCategoryCrushedCars,Crushed Cars,Смятые машины
1101,shapeCategoryUtility,Utility/Construction,Служебный/строительный транспорт
1102,SignRoad,Road Signs,Дорожные знаки
1103,SignGas,Gas Signs,Знаки АЗС
1104,SignGun,Gun Signs,Оружейные знаки
1105,SignWork,Workplace Signs,Знаки рабочих мест
1106,SignAds,Ads and Posters,Реклама и плакаты
1107,SignStore,Store Signs,Магазинные вывески
1108,SignBathroom,Bathroom Signs,Таблички туалета
1109,SignExit,Exit Signs,Знаки выхода
1110,SignMisc,Miscellaneous Signs,Прочие знаки
1111,ulm_loot_biker_1,Dropped Loot,Выпавшая добыча
1112,ulm_loot_biker_2,Dropped Loot,Выпавшая добыча
1113,ulm_loot_biker_3,Dropped Loot,Выпавшая добыча
1114,ulm_loot_boss_1,Dropped Loot,Выпавшая добыча
1115,ulm_loot_boss_2,Dropped Loot,Выпавшая добыча
1116,ulm_loot_boss_3,Dropped Loot,Выпавшая добыча
1117,ulm_loot_burnt_1,Dropped Loot,Выпавшая добыча
1118,ulm_loot_burnt_2,Dropped Loot,Выпавшая добыча
1119,ulm_loot_burnt_3,Dropped Loot,Выпавшая добыча
1120,ulm_loot_business_1,Dropped Loot,Выпавшая добыча
1121,ulm_loot_business_2,Dropped Loot,Выпавшая добыча
1122,ulm_loot_business_3,Dropped Loot,Выпавшая добыча
1123,ulm_loot_cheerleader_1,Dropped Loot,Выпавшая добыча
1124,ulm_loot_cheerleader_2,Dropped Loot,Выпавшая добыча
1125,ulm_loot_cheerleader_3,Dropped Loot,Выпавшая добыча
1126,ulm_loot_common_1,Dropped Loot,Выпавшая добыча
1127,ulm_loot_common_2,Dropped Loot,Выпавшая добыча
1128,ulm_loot_common_3,Dropped Loot,Выпавшая добыча
1129,ulm_loot_cop_1,Dropped Loot,Выпавшая добыча
1130,ulm_loot_cop_2,Dropped Loot,Выпавшая добыча
1131,ulm_loot_cop_3,Dropped Loot,Выпавшая добыча
1132,ulm_loot_farmer_1,Dropped Loot,Выпавшая добыча
1133,ulm_loot_farmer_2,Dropped Loot,Выпавшая добыча
1134,ulm_loot_farmer_3,Dropped Loot,Выпавшая добыча
1135,ulm_loot_fat_1,Dropped Loot,Выпавшая добыча
1136,ulm_loot_fat_2,Dropped Loot,Выпавшая добыча
1137,ulm_loot_fat_3,Dropped Loot,Выпавшая добыча
1138,ulm_loot_football_1,Dropped Loot,Выпавшая добыча
1139,ulm_loot_football_2,Dropped Loot,Выпавшая добыча
1140,ulm_loot_football_3,Dropped Loot,Выпавшая добыча
1141,ulm_loot_hazmat_1,Dropped Loot,Выпавшая добыча
1142,ulm_loot_hazmat_2,Dropped Loot,Выпавшая добыча
1143,ulm_loot_hazmat_3,Dropped Loot,Выпавшая добыча
1144,ulm_loot_lab_1,Dropped Loot,Выпавшая добыча
1145,ulm_loot_lab_2,Dropped Loot,Выпавшая добыча
1146,ulm_loot_lab_3,Dropped Loot,Выпавшая добыча
1147,ulm_loot_mini_boss_1,Dropped Loot,Выпавшая добыча
1148,ulm_loot_mini_boss_2,Dropped Loot,Выпавшая добыча
1149,ulm_loot_mini_boss_3,Dropped Loot,Выпавшая добыча
1150,ulm_loot_nurse_1,Dropped Loot,Выпавшая добыча
1151,ulm_loot_nurse_2,Dropped Loot,Выпавшая добыча
1152,ulm_loot_nurse_3,Dropped Loot,Выпавшая добыча
1153,ulm_loot_snow_1,Dropped Loot,Выпавшая добыча
1154,ulm_loot_snow_2,Dropped Loot,Выпавшая добыча
1155,ulm_loot_snow_3,Dropped Loot,Выпавшая добыча
1156,ulm_loot_skater_1,Dropped Loot,Выпавшая добыча
1157,ulm_loot_skater_2,Dropped Loot,Выпавшая добыча
1158,ulm_loot_skater_3,Dropped Loot,Выпавшая добыча
1159,ulm_loot_soldier_1,Dropped Loot,Выпавшая добыча
1160,ulm_loot_soldier_2,Dropped Loot,Выпавшая добыча
1161,ulm_loot_soldier_3,Dropped Loot,Выпавшая добыча
1162,ulm_loot_special_1,Dropped Loot,Выпавшая добыча
1163,ulm_loot_special_2,Dropped Loot,Выпавшая добыча
1164,ulm_loot_special_3,Dropped Loot,Выпавшая добыча
1165,ulm_loot_stripper_1,Dropped Loot,Выпавшая добыча
1166,ulm_loot_stripper_2,Dropped Loot,Выпавшая добыча
1167,ulm_loot_stripper_3,Dropped Loot,Выпавшая добыча
1168,ulm_loot_utility_1,Dropped Loot,Выпавшая добыча
1169,ulm_loot_utility_2,Dropped Loot,Выпавшая добыча
1170,ulm_loot_utility_3,Dropped Loot,Выпавшая добыча
1171,videoAntiAliasing,Anti-Aliasing,Сглаживание
1172,videoAntiAliasingDesc,Removes jagged edges from object.,удаляет ступенчатые края из объект.
1173,videoAntiAliasingSharp,AA Sharpening,Резкость
1174,videoAntiAliasingSharpDesc,Amount of sharpening by temporal AA.\n[decea3][Performance Impact: Medium][-],Уровень резкости временным сглаживанием.\n[decea3][Влияние на произ-сть: среднее][-]
1175,videoBloom,Bloom,Свечение
1176,videoBloomDesc,A glow around brighter highlights.\n[decea3][Performance Impact: Medium][-],Свечение вокруг более ярких бликов.\n[decea3][Влияние на произ-сть: Среднее][-]
1177,videoDepthOfField,Depth of Field,Глубина резкости
1178,videoDepthOfFieldDesc,Distant objects get blurred.\n[decea3][Performance Impact: Medium][-],Удаленные объекты становятся размытыми.\n[decea3][Влияние на произ-сть: среднее][-]
1179,videoDynamicMeshDistance,Mesh Distance,Размер сетки
1180,videoDynamicMeshDistanceDesc,Distance in meters to which the rendering of the Dynamic Mesh system can be viewed.\n[decea3][Performance Impact: High][-],"Расстояние в метрах, на котором можно просматривать рендеринг системы Динамические сетки.\n[decea3][Влияние на произ-сть: высокое][-]"
1181,videoDynamicMeshEnabled,Dynamic Meshes,Режим динамической сетки включен
1182,videoDynamicMeshEnabledDesc,"When enabled, player and POI block changes will show in the distance.\nRequires game reload from main menu.\n[decea3][Performance Impact: Medium][-]","Когда включено, изменения игроков и блоков POI будут отображаться на расстоянии.\nТребуется перезагрузка игры из главного меню.\n[decea3][Влияние на произ-сть: среднее][-]"
1183,videoDynamicMeshHighQualityMesh,Dynamic Mesh Options,Параметры динамической сетки
1184,videoDynamicMeshHighQualityMeshDesc,"If true renders the distant meshes include more details.\n[decea3][Performance Impact: High, Uses more RAM][-]","При значении true дальние сетки рендерятся с большим количеством деталей.\n[decea3][Влияние на произ-сть: высокая, использует больше оперативной памяти][-]"
1185,videoDynamicMeshLandClaimBuffer,Land Claim Buffer,Буфер блоков притязания
1186,videoDynamicMeshLandClaimBufferDesc,The number of chunks around the Land Claim Block that the dynamic mesh system can work.\n[decea3][Performance Impact: High][-],"Количество участков вокруг блока притязания, на которых может работать система динамической сетки.\n[decea3][Влияние на произ-сть: высокая][-]"
1187,videoDynamicMeshLandClaimOnly,Land Claim only,Только в зоне притязания
1188,videoDynamicMeshLandClaimOnlyDesc,Dynamic mesh system only applies around Land Claim Blocks.,Динамическая система сетки применяется только вокруг блоков притязания.
1189,videoDynamicMeshMaxMeshCache,Max Mesh Processing,Максимальная обработка сетки
1190,videoDynamicMeshMaxMeshCacheDesc,"The number of meshes that will be processed concurrently in the background.\n[decea3][Performance Impact: High, Uses more RAM][-]","Количество сеток, которые будут обрабатываться одновременно в фоновом режиме.\n[decea3][Влияние на произ-сть: высокое, использует больше оперативной памяти][-]"
1191,videoDynamicMeshMaxRegionLoads,Max Loaded Regions,Максимум загруженных регионов
1192,videoDynamicMeshMaxRegionLoadsDesc,"The number of regions that will load at the same time.\n[decea3][Performance Impact: High, Affect FPS][-]","Количество регионов, которые будут загружаться одновременно.\n[decea3][Влияние на произ-сть: высокое, влияет на FPS][-]"
1193,videoFieldOfView,Field of View,Угол обзора
1194,videoFieldOfViewDesc,How wide your view angle is.\n[decea3][Performance Impact: Low][-],Насколько широк угол обзора.\n[decea3][Влияние на произ-сть: Низкое][-]
1195,videoFullscreen,Full screen,Полноэкранный режим
1196,videoFullscreenDesc,Run the game in full screen or windowed mode.\n[decea3][Performance Impact: Medium][-],Запустите игру в полноэкранном или оконном режиме.\n[decea3][Влияние на произ-сть: среднее].[-]
1197,videoBrightness,Brightness,Яркость
1198,videoBrightnessDesc,How bright the game is.\n[decea3][Performance Impact: None][-],Насколько яркая игра.\n[decea3][Влияние на произ-сть: Нет][-]
1199,videoGrassDistance,Grass Distance,Расстояние отрисовки травы
1200,videoGrassDistanceDesc,The maximum distance at which you can see grass.\n[decea3][Performance Impact: Medium][-],"Максимальное расстояние, на котором вы можете видеть траву.\n[decea3][Влияние на произ-сть: среднее][-]"
1201,videoJournalPopup,Journal Pop up,Всплывающее окно журнала
1202,videoJournalPopupDesc,Show a window when receiving a new journal entry instead of a tool tip.,Показывать окно при получении новой записи в журнале вместо подсказки.
1203,videoLODDistance,LOD Distance,Расстояние до предела обнаружения
1204,videoLODDistanceDesc,The overall maximum level of detail at which the world is displayed.\n[decea3][Performance Impact: High][-],"Общий максимальный уровень детализации, на котором отображается мир.\n[decea3][Влияние на произ-сть: высокое].[-]"
1205,videoMotionBlur,Motion Blur,Размытие движения
1206,videoMotionBlurDesc,Quality level of motion blur (more pixel samples & smoothing).\n[decea3][Performance Impact: High][-],Уровень качества размытия движения (больше образцов пикселей и сглаживание).\n[decea3][Влияние на произ-сть: высокое].[-]
1207,videoOcclusion,Occlusion,Окклюзия
1208,videoOcclusionDesc,Disables drawing of objects that are not visible. Boosts indoor performance.\nCannot be changed while in a game.\n[decea3][Performance Impact: Medium][-],"Отключает отрисовку объектов, которые не видны. Повышает производительность в помещении.\nНе может быть изменено во время игры.\n[decea3][Влияние на произ-сть: среднее][-]"
1209,videoQualityPreset,Quality Preset,Предустановка качества
1210,videoQualityPresetDesc,Overall Graphics Quality.  Changes almost all settings.\n[decea3][Performance Impact: High][-],Общее качество графики. Изменяет почти все настройки.\n[decea3][Влияние на произ-сть: высокое][-]
1211,videoReflectedShadows,Shadow Reflections,Отражения теней
1212,videoReflectedShadowsDesc,Shadows are processed and displayed inside reflections.\n[decea3][Performance Impact: High][-],Тени обрабатываются и отображаются внутри отражений.\n[decea3][Влияние на произ-сть: высокое][-]
1213,videoReflectionQuality,Reflections,Отражения
1214,videoReflectionQualityDesc,How clear reflections are. Provides more realistic lighting.\n[decea3][Performance Impact: Very High][-],Четкость отражений. Обеспечивает более реалистичное освещение.\n[decea3][Влияние на произ-сть: очень высокое][-]
1215,videoResolution,Resolution,Разрешение
1216,videoResolutionDesc,Sets the screen resolution at which the game is displayed.\n[decea3][Performance Impact: Very High][-],"Устанавливает разрешение экрана, при котором отображается игра.\n[decea3][Влияние на произ-сть: очень высокое][-]"
1217,videoScreenBounds,UI Margin,Границы ПИ
1218,videoScreenBoundsDesc,Limits the area the UI uses on the screen.,"Ограничивает область, используемую пользовательским интерфейсом на экране."
1219,videoShadowsDistance,Shadows Distance,Дальность прорисовки теней
1220,videoShadowsDistanceDesc,Quality and distance of object shadows.\n[decea3][Performance Impact: High][-],Качество и расстояние до теней объектов.\n[decea3][Влияние на произ-сть: высокое][-]
1221,videoShadowsQuality,Shadows Quality,Качество теней
1222,videoShadowsQualityDesc,Determines how good Shadows are rendered.,Определяет качество отображения теней.
1223,videoSSAO,SSAO,SSAO
1224,videoSSAODesc,Use the image effect SSAO which draws more detailed shadows on objects.\n[decea3][Performance Impact: Medium][-],"Используйте эффект изображения SSAO, который рисует более детальные тени на объектах.\n[decea3][Влияние на произ-сть: среднее][-]"
1225,videoSSReflections,SS Reflections,Отражение в отображаемом пространстве
1226,videoSSReflectionsDesc,Use the screen space reflection effect.\n[decea3][Performance Impact: High][-],Используйте эффект отражения пространства экрана.\n[decea3][Влияние на произ-сть: высокое][-]
1227,videoStreamingMipmapsEnabled,Texture Streaming,Потоковая передача текстур
1228,videoStreamingMipmapsEnabledDesc,Enables streaming of textures to memory for memory usage reduction\n[decea3][Performance Impact: Medium to High][-],Включает потоковую передачу текстур в память для сокращения использования памяти\n[decea3][Влияние на произ-сть: от среднего до высокого][-]
1229,videoSunShafts,Sun Shafts,Солнечные валы
1230,videoSunShaftsDesc,Aka. God Rays. Shines rays of light from the sun past obstructing objects.\n[decea3][Performance Impact: Medium][-],Они же. Божьи лучи. Пропускает лучи света от солнца мимо препятствующих объектов.\n[decea3][Влияние на произ-сть: среднее][-]
1231,videoTempCelsius,Temp Unit,Температурная единица
1232,videoTempCelsiusDesc,Unit to use when displaying temperatures.,"Единица измерения, используемая при отображении температуры."
1233,videoTextureFilter,Texture Filter,Фильтр текстур
1234,videoTextureFilterDesc,Sets the filter strength to make nicer blending.\n[decea3][Performance Impact: Medium to High][-],Устанавливает силу фильтра для более красивого смешивания.\n[decea3][Влияние на произ-сть: от среднего до высокого][-]
1235,videoTextureQuality,Textures,Текстуры
1236,videoTextureQualityDesc,Saves video memory and performance by setting the texture resolution.\nRequires restart.\n[decea3][Performance Impact: Medium][-],Экономия видеопамяти и производительности за счет настройки разрешения текстур.\nНеобходимо перезапустить.\n[decea3][Влияние на произ-сть: среднее][-]
1237,videoTreeQuality,Trees,Деревья
1238,videoTreeQualityDesc,Overall quality of the trees based on how far away they are.\n[decea3][Performance Impact: High][-],Общее качество деревьев в зависимости от расстояния до них.\n[decea3][Влияние на произ-сть: высокое][-]
1239,videoUIBackgroundOpacity,UI Background Opacity,Непрозрачность фона интерфейса
1240,videoUIBackgroundOpacityDesc,UI wallpaper/background opacity/transparency,Непрозрачность/прозрачность обоев/фона интерфейса
1241,videoUIForegroundOpacity,UI Foreground Opacity,Непрозрачность переднего интерфейса
1242,videoUIForegroundOpacityDesc,UI outlines and icon opacity/transparency,Контуры интерфейса и непрозрачность/прозрачность иконок
1243,videoUMATextureQuality,UMA Textures,Текстуры UMA
1244,videoUMATextureQualityDesc,Controls the texture baking size of UMA characters,Управляет размером запекания текстуры для символов UMA
1245,videoViewDistance,View Distance,Дальность прорисовки
1246,videoViewDistanceDesc,How far the world can be viewed.\nCan not be changed while in a game.\n[decea3][Performance Impact: High][-],Дальность прорисовки мира.\nНе может быть изменен во время игры.\n[decea3][Влияние на произ-сть: высокое][-].
1247,videoVSync,VSync,VSync
1248,videoVSyncDesc,Combats screen tearing by synchronizing the game to the monitors refresh rate.\n[decea3][Performance Impact: Low][-],"Борется с разрывами экрана, синхронизируя игру с частотой обновления монитора.\n[decea3][Влияние на произ-сть: низкое][-]."
1249,videoParticles,Particles,Частицы
1250,videoParticlesDesc,Amount of particles.\n[decea3][Performance Impact: Medium to High][-],Количество частиц.\n[decea3][Влияние на произ-сть: от среднего до высокого].[-]
1251,videoWaterQuality,Water,Вода
1252,videoWaterQualityDesc,Layers and effects occurring on surface of water planes.\n[decea3][Performance Impact: High][-],"Слои и эффекты, возникающие на поверхности водных плоскостей.\n[decea3][Влияние на произ-сть: высокое][-]"
1253,videoUiSize,UI Size,Размер интерфейса
1254,videoUiSizeDesc,Scales down all UI elements,Уменьшение масштаба всех элементов интерфейса
1255,videoUiFpsScaling,FPS display scale,Масштаб отображения FPS
1256,videoUiFpsScalingDesc,"Scale the size of the FPS display in game, e.g. for better readability in videos/streams or a less obstructed view","Изменить размер отображения FPS в игре, например, для лучшей читаемости в видео/потоках или менее громоздкого вида"
1257,videoDyMode,Dynamic Resolution Mode,Режим динамического разрешения
1258,videoDyModeDesc,Dynamic resolution decreases the 3d rendering resolution as needed to increase FPS,Динамическое разрешение уменьшает разрешение 3d-рендеринга по мере необходимости для увеличения FPS
1259,videoDyMinFPS,Dynamic Res. Min FPS,Мин. FPS для снижения разрешения
1260,videoDyMinFPSDesc,Scales down game resolution when below this FPS,Уменьшение разрешения игры при снижении FPS ниже этого значения
1261,videoDyScale,Dynamic Resolution Scale,Масштаб динамического разрешения
1262,videoDyScaleDesc,Dynamic resolution scaling factor if you want a fixed amount of down scaling,"Динамический коэффициент масштабирования разрешения, если вы хотите получить фиксированную величину масштабирования вниз"
1263,videoObjectQuality,Object Quality,Качество объектов
1264,videoObjectQualityDesc,Overall detail of entities and trees based on how far away they are. Also the distance at which they will no longer be shown.\n[decea3][Performance Impact: High][-],"Общая детализация объектов и деревьев в зависимости от расстояния до них. Также расстояние, на котором они больше не будут отображаться.\n[decea3][Влияние на произ-сть: высокое][-]"
1265,videoTerrainQuality,Terrain Quality,Качество рельефа
1266,videoTerrainQualityDesc,Overall quality and distance of the terrain.\nDistance will not update while playing a game.\n[decea3][Performance Impact: High][-],Общее качество и расстояние до местности.\n Расстояние не будет обновляться во время игры.\n[decea3][Влияние на произ-сть: высокое][-]
1267,videoVolumetricLights,Volumetric Lights,Объёмное освещение
1268,videoVolumetricLightsDesc,"Enables Volumetric Lights effect on some light sources, giving depth and volume.\n[decea3][Performance Impact: Low][-]","Включает эффект объёмного света для некоторых источников, придавая свету глубину и объём.\n[decea3][Влияние на производительность: низкое][-]"
1269,videoMovementFOVEffects,Movement FOV Effects,Эффекты FOV при движении
1270,videoMovementFOVEffectsDesc,"Enables Movement based Field Of View distortions based on how fast you pick up or lose speed, changing FOV at runtime.\n[decea3][Default: Disabled][-]",Включает изменение угла обзора в зависимости от ускорения и замедления персонажа.\n[decea3][По умолчанию: выключено][-]
1271,videoAutoHideExpBar,Auto hide XP,Автоматическое скрытие ОПЫТА
1272,videoAutoHideExpBarDesc,Automatically hides experience bar when not receiving any XP.\n[decea3][Default: After 5s][-],"Автоматически скрывает панель опыта, если вы не получаете опыт.\n[decea3][По умолчанию: 5 с][-]"
1273,videoAutoHideHealth,Auto hide Health Bar,Автоскрытие здоровья
1274,videoAutoHideHealthDesc,Automatically hides health bar when full health.\n[decea3][Default: Enabled][-],"Автоматически скрывает полосу здоровья, когда здоровье полное.\n[decea3][По умолчанию: включено][-]"
1275,videoAutoHideToolbelt,Auto hide Toolbelt,Автоматическое скрытие пояса
1276,videoAutoHideToolbeltDesc,Automatically hides toolbelt when switching between its items or blocks. Modifying this setting requires you to scroll to a different toolbelt slot at least once for new setting to take effect.\n[decea3][Default: After 5s][-],"Автоматически скрывает пояс инструментов при переключении между предметами или блоками. Изменение этой настройки требует, чтобы вы прокрутили на другой слот пояса хотя бы один раз, чтобы новая настройка вступила в силу.\n[decea3][По умолчанию: Через 5с].[-]"
1277,videoShowCompass,Compass,Компас
1278,videoShowCompassDesc,Shows compass.\n[decea3][Default: Enabled][-],Показывает компас.\n[decea3][По умолчанию: Да][-]
1279,videoShowDayAndTime,Day and time,День и время
1280,videoShowDayAndTimeDesc,Shows day and time.\n[decea3][Default: Enabled][-],Показывает день и время.\n[decea3][По умолчанию: Да][-]
1281,videoShowDebugValues,Developer mode,Режим разработчика
1282,videoShowDebugValuesDesc,Shows additional Undead Legacy related debug information.\n[decea3][Default: Disabled][-],"Показывает дополнительную отладочную информацию, связанную с Undead Legacy.\n[decea3][По умолчанию: Нет][-]"
1283,videoShowBuffTimers,Show buff timers,Показать таймеры баффов
1284,videoShowBuffTimersDesc,Shows active buff time left as additional text for active buffs displayed on the HUD.\n[decea3][Default: Disabled][-],"Показывает оставшееся время активного баффа в качестве дополнительного текста для активных баффов, отображаемых на HUD.\n[decea3][По умолчанию: Нет][-]"
1285,videoShowStatValues,Bar numbers,Статистические данные
1286,videoShowStatValuesDesc,Shows numerical values of some player stats on the HUD.\n[decea3][Default: Inventory][-],Показывает числовые значения некоторых статистических данных игрока.\n[decea3][По умолчанию: Нет][-]
1287,videoShowTacticalHud,Tactical HUD,Тактический HUD
1288,videoShowTacticalHudDesc,Displays Stamina and Stealth next to the cursor\n[decea3][Default: Disabled][-],Отображает выносливость и скрытность рядом с курсором\n[decea3][По умолчанию: отключено][-]
1289,videoShowTargetHealth,Target HP,Здоровье цели
1290,videoShowTargetHealthDesc,Shows health bars for targeted entities.\n[decea3][Default: Enabled][-],Показывает индикаторы здоровья целей.\n[decea3][По умолчанию: Да][-]
1291,videoShowTargetBlockHealth,Block Health Numbers,Числа прочности блока
1292,videoShowTargetBlockHealthDesc,"Shows numeric values of target block health when damaging, repairing or upgrading blocks.\n[decea3][Default: Disabled][-]","Показывает числовые значения здоровья целевого блока при повреждении, ремонте или модернизации блоков.\n[decea3][По умолчанию: Нет][-]"
1293,videoShowPlayerLevelOnHUD,Show LVL above Toolbelt,Уровень над поясом инструментов
1294,videoShowPlayerLevelOnHUDDesc,Shows current player level on top of toolbelt experience bar.,Показывает текущий уровень игрока в над поясом инструментов.
1295,videoShowMeleeIcon,Active Melee Icon,Активный значок ближнего боя
1296,videoShowMeleeIconDesc,Shows Active Melee Weapon Icon. Not fully implemented.\n[decea3][Default: Disabled][-],Показывает иконку активного оружия ближнего боя. Не полностью реализовано.\n[decea3][По умолчанию: Нет][-]
1297,videoShowCarryWeight,Encumbrance Bar,Показать груз
1298,videoShowCarryWeightDesc,"Shows Carry Weight Bar based on this threshold, if your Carry Weight is above this percentage, it's shows the bar on the HUD\n[decea3][Default: 75%][-]","Показывает индикатор переносимого веса, когда текущий вес превышает заданный процент.\n[decea3][По умолчанию: 75%][-]"
1299,videoShowWater,Water Bar,Шкала жажды
1300,videoShowWaterDesc,"Shows Water Bar based on this threshold, if your Water is below this percentage, it's shows the bar on the HUD\n[decea3][Default: 50%][-]","Показывает шкалу жажды на основе этого значения, если ваша жажда ниже этого процента, он показывает бар на HUD\n[decea3][По умолчанию: 50%][-]"
1301,videoShowFood,Food Bar,Шкала еды
1302,videoShowFoodDesc,"Shows Food Bar based on this threshold, if your Food is below this percentage, it's shows the bar on the HUD\n[decea3][Default: 50%][-]","Показывает шкалу еды на основе этого порога, если ваша еда ниже этого процента, она показывает шкалу на HUD\n[decea3][По умолчанию: 50%][-]"
1303,videoShowSpeedometer,Speedometer,Спидометр
1304,videoShowSpeedometerDesc,Shows Speedometer for vehicles.\n[decea3][Default: km/h][-],Показывает спидометр для автомобилей.\n[decea3][По умолчанию: км/ч][-]
1305,videoShowToolbeltTooltip,Toolbelt Tooltips,Подсказки на панели инструментов
1306,videoShowToolbeltTooltipDesc,Shows Tooltips window above Toolbelt.\n[decea3][Default: Enabled][-],Показывает окно подсказок над панелью инструментов.\n[decea3][По умолчанию: Да][-]
1307,videoShowMeleeCrosshair,Melee Crosshair,Перекрестие ближнего боя
1308,videoShowMeleeCrosshairDesc,Visibility of Crosshair when using Melee class items.,Видимость перекрестия при использовании предметов ближнего боя.
1309,videoShowRangedCrosshair,Ranged Crosshair,Перекрестье
1310,videoShowRangedCrosshairDesc,Visibility of Crosshair when using Ranged class items.,Видимость перекрестия при использовании стрелкового оружия.
1311,videoShowFloatingDamageNumbers,Floating Damage Numbers,Всплывающие числа урона
1312,videoShowFloatingDamageNumbersDesc,Visibility of Floating Damage numbers when performing attacks.\n[decea3][Default: Entities Only][-],Показывает всплывающие числа нанесённого урона при атаках.\n[decea3][По умолчанию: только существа][-]
1313,videoShowOnScreenIcons,On Screen Icons,Иконки на экране
1314,videoShowOnScreenIconsDesc,Visibility of On Screen Navigational Icons\n[decea3][Default: Enabled][-],Видимость экранных навигационных иконок\n[decea3][По умолчанию: включено][-]
1315,videoUpscaler,Upscaler Mode,Режим масштабирования
1316,videoUpscalerDesc,Upscaling renders the game at a reduced internal resolution to improve performance.\n\nFSR 3: Upscales and applies anti-aliasing using AMD FidelityFX™ Super Resolution (disables other anti-aliasing modes). This produces a sharper overall image but may introduce subtle ghosting during motion.\nScale: Scales by a fixed percentage.,"Масштабирование позволяет игре рендериться во внутреннем разрешении ниже экранного для повышения производительности.\n\nFSR 3: масштабирует изображение и применяет сглаживание с помощью AMD FidelityFX™ Super Resolution (другие режимы сглаживания отключаются). Даёт более резкое изображение, но при движении могут появляться небольшие шлейфы.\nМасштаб: масштабирует изображение на фиксированный процент."
1317,videoFSRPreset,Upscaler Preset,Профиль масштабирования
1318,videoFSRPresetDesc,"The active upscaler preset. Lower settings improve performance by reducing the internal resolution, while higher settings produce better image quality.","Активный профиль масштабирования. Низкие настройки повышают производительность за счёт уменьшения внутреннего разрешения, высокие дают лучшее качество изображения."
1319,videoShowDetailedItemStatCompare,Detailed Item Stat Compare,Подробное сравнение характеристик
1320,videoShowDetailedItemStatCompareDesc,"When disabled, while comparing items in the info panel you will see arrows indicating if the stat is better or worse with compared items. When Enabled it will show exact difference change of the values.\n[decea3][Default: Disabled][-]","Если выключено, при сравнении предметов показываются стрелки, указывающие, лучше или хуже характеристика. Если включено — отображается точная разница значений.\n[decea3][По умолчанию: выключено][-]"
1321,videoCompassInactiveMarkerOpacity,Compass Icon Opacity,Непрозрачность значков компаса
1322,videoCompassInactiveMarkerOpacityDesc,Determines how opaque are the [decea3]inactive[-] map markers seen on the compass.,"Определяет, насколько непрозрачны [decea3]неактивные[-] маркеры карты, видимые на компасе."
1323,videoToolbeltBackgroundOpacity,Toolbelt BG Opacity,Прозрачность фона пояса
1324,videoToolbeltBackgroundOpacityDesc,Determines how opaque is the [decea3]Toolbelt[-] slot background.,Определяет непрозрачность фона ячеек [decea3]пояса[-].
1325,videoLanguage,Language,Язык
1326,videoLanguageDesc,Changes user interface language.\n[decea3]Requires game restart.[-],Изменяет язык пользовательского интерфейса.\n[decea3]Требуется перезапуск игры.[-]
1327,videoPictureInPictureScopes,Picture In Picture Scopes,Прицелы «картинка в картинке»
1328,videoPictureInPictureScopesDesc,Enables or disables picture in picture scopes for supported weapons.\n[decea3][Default: Enabled][-],Включает или отключает прицелы «картинка в картинке» для поддерживаемого оружия.\n[decea3][По умолчанию: включено][-]
1329,videoTargetBlockHealthView,Block Health View,Отображение прочности блока
1330,videoTargetBlockHealthViewDesc,Determines how Block Health is displayed on the HUD.\n[decea3][Default: Top][-],"Определяет, где на HUD отображается прочность блока.\n[decea3][По умолчанию: сверху][-]"
1331,videoFloatingDamageNumberScale,Floating Number Scale,Размер чисел урона
1332,videoFloatingDamageNumberScaleDesc,Determines how large are floating damage numbers.\n[decea3][Default: 100%][-],Определяет размер всплывающих чисел урона.\n[decea3][По умолчанию: 100%][-]
1333,generalUnloadUnusedAssets,Unused Asset Unloading,Выгрузка неиспользуемых ресурсов
1334,generalUnloadUnusedAssetsDesc,"Enables or disables built in unused assets unloading from system memory. When disabled game will use more system memory, but will increase User Interface responsiveness and reduce freezing up when performing interactions.\n[decea3][Default: Enabled][-]","включает или отключает встроенную в неиспользуемых ресурсов выгрузку из системной память. когда отключено игра будет использовать больше системной память, но будет увеличить пользователь интерфейса отзывчивость и уменьшить зависания вверх когда выполнение взаимодействий.\n[decea3][по умолчанию: включено][-]"
1335,generalShowElectricalWires,Show Electrical Wires,Показывать электропровода
1336,generalShowElectricalWiresDesc,"Enables or disables Electric Wire visibility always, regardless if Wire Tool is held or not.\n[decea3][Default: Enabled][-]","Показывает электропровода всегда, даже когда инструмент для проводки не находится в руках.\n[decea3][По умолчанию: включено][-]"
1337,generalShowStartupNews,Show Startup News Screen,Показывать новости при запуске
1338,generalShowStartupNewsDesc,Enables or disables visibility of the startup News Screen when booting up the game.\n[decea3][Default: Disabled][-],Включает или отключает экран новостей при запуске игры.\n[decea3][По умолчанию: выключено][-]
1339,generalShowStartupLogo,Show Startup Logo,Показывать логотип при запуске
1340,generalShowStartupLogoDesc,Enables or disables visibility of the startup Logo when booting up the game.\n[decea3][Default: Disabled][-],Включает или отключает показ логотипа при запуске игры.\n[decea3][По умолчанию: выключено][-]
1341,generalShowFPVBody,Show Body in First Person View,Показывать тело от первого лица
1342,generalShowFPVBodyDesc,"Enables or disables visibility of character body in First Person Mode. Basic mode shows mostly only legs and belt area. Advanced mode makes body, belt and leg areas visible.\n[decea3][Default: Advanced][-]","Включает или отключает отображение тела персонажа от первого лица. Базовый режим показывает в основном ноги и пояс. Расширенный режим также отображает корпус, пояс и ноги.\n[decea3][По умолчанию: расширенный][-]"
1343,goAdvanced,Advanced,Расширенные
1344,goBloodMoonOnly,Blood Moon Only,Только Кровавая луна
1345,goEnabled,Enabled,Включено
1346,goGameName,Name,Название
1347,goGameWorld,World,Мир
1348,goMapSize,Size,Размер
1349,goMapSize2048,2k (Tiny),2 км
1350,goMapSize3072,3k (Tiny),3 км
1351,goMapSize4096,4k (Tiny),4 км
1352,goMapSize5120,5k (Small),5 км
1353,goMapSize6144,6k (Small),6 км
1354,goMapSize7168,7k (Small),7 км
1355,goMapSize8192,8k (Medium),8 км
1356,goMapSize9216,9k (Medium),9 км
1357,goMapSize10240,10k (Large),10 км
1358,goMapSize11264,11k (Large),11 км
1359,goMapSize12288,12k (XL),12 км
1360,goMapSize13312,13k (XL),13 км
1361,goMapSize14336,14k (XL),14 км
1362,goMapSize15360,15k (XL),15 км
1363,goMapSize16384,16k (XL),16 км
1364,goMaxSpawnedZombies,Maximum spawned Zombies,Макс. кол-во зомби
1365,goOpenSaveFolder,Open Save Folder,Открыть папку сохранений
1366,goWorldGenerate,Generate,Сгенерировать
1367,goWorldSeed,Seed,Семя мира
1368,goWorldSize,Size,Размер
1369,goZombies,{0} Zombies,{0} Зомби
1370,goZombie,1 Zombie,1 зомби
1371,goMaxSpawnedAnimals,Maximum spawned Animals,Макс. кол-во животных
1372,goAnimals,{0} Animals,{0} животных
1373,goLandClaimCount,Land Claim Count,Количество блоков притязаний
1374,goLandClaimCountDesc,Defines how many Land Claim Blocks are allowed to be active at the same time per player.,"Определяет, сколько блоков притязаний может быть активным одновременно для каждого игрока."
1375,goLandClaimCountValue,1,1
1376,goLandClaimCountValues,{0},{0}
1377,optActionSkillXPMultiplier,Action Skill XP Multiplier,Множитель опыта практических навыков
1378,optActionSkillXPMultiplierDesc,Scales the amount of action skill experience points received.\nDefault Value: [decea3]100%[-].,Изменяет количество получаемого опыта практических навыков.\nЗначение по умолчанию: [decea3]100%[-].
1379,optItemWeightMult,Item weight,Вес предмета
1380,optItemWeightMultDesc,Scales all item weight values,Складывает все значения веса предмета
1381,optBlockWeightMult,Block weight,Вес блока
1382,optBlockWeightMultDesc,Scales all block weight values,Складывает все значения веса блока
1383,optDroppedLootDecay,Dropped Loot Decay,Удаление выпавшей добычи
1384,optDroppedLootDecayDesc,Determines how fast loot decays from killed enemies.,"Определяет, как быстро удалится добыча с убитых врагов."
1385,optFoodBurnRate,Hunger Rate,Показатель голода
1386,optFoodBurnRateDesc,Determines how fast hunger goes down while idle.,"Определяет, насколько быстро снижается голод во время бездействия."
1387,optWaterBurnRate,Hydration Rate,Уровень гидратации
1388,optWaterBurnRateDesc,Determines how fast hydration goes down while idle.,"Определяет, насколько быстро снижается гидратация в режиме ожидания."
1389,optShowUnknownRecipes,Recipe filter,Фильтр для рецептов
1390,optShowUnknownRecipesDesc,"[decea3]Standard[-] - Shows all recipes, unfiltered search (Vanilla).\n[decea3]Per Workstation[-] - Shows unknown recipes, search limited by workstation.\n[decea3]True Survival[-] - Shows only known and workstation relevant recipes.","[decea3]Стандартный[-] - Показывает все рецепты, поиск без фильтрации (Ваниль).\n[decea3]На каждый верстак[-] - Показывает неизвестные рецепты, поиск ограничен рабочей станцией.\n[decea3]Выживание по-настоящему[-] - Показывает только известные и относящиеся к рабочей станции рецепты."
1391,optBlockRespawnRate,Car Respawn Time,Время восстановления машин
1392,optBlockRespawnRateDesc,"Number of days until cars respawn after being fully harvested, does not affect when a car is repaired.","Количество дней до восстановления автомобилей после того, как они были полностью разобраны, не влияет на отремонтированные."
1393,optUndeadLegacyVersion,Undead Legacy Version,Версия UL
1394,optUndeadLegacyVersionDesc,Version of Undead Legacy running on the server.,Версия UL на сервере.
1395,optHeaderAirDrops,Air Drops,Авиапоставки
1396,optHeaderBedroll,Bedroll,Спальный мешок
1397,optHeaderBloodMoons,Blood Moons,Кровавые луны
1398,optHeaderDayOptions,Days,Дни
1399,optHeaderDeath,Death Consequences,Последствия смерти
1400,optHeaderDifficulty,Difficulty,Сложность
1401,optHeaderExpertSettings,Expert Settings,Экспертные настройки
1402,optHeaderExperienceAndLoot,Experience and Loot,Опыт и добыча
1403,optHeaderFactions,Factions,Фракции
1404,optHeaderGeneral,General,Общее
1405,optHeaderLandClaim,Land Claim,Защита территории
1406,optHeaderMisc,Miscellaneous,Разное
1407,optHeaderServerAccess,Server Access,Доступ к серверу
1408,optHeaderGameStartup,Game Startup,Запуск игры
1409,optHeaderGameplayExperience,Gameplay Experience,Игровой опыт
1410,optHeaderWanderingHordes,Wandering Hordes,Бродячие орды
1411,optWanderingHordeFrequency,Frequency,Частота
1412,optWanderingHordeFrequencyDesc,After how many in-game hours a wandering horde would occur. On top of this value [decea3]1[-] to [decea3]4[-] additional hours may be added depending on spawn conditions.\nMinimum Value: [decea3]1[-],Через сколько внутри игровых часов появится блуждающая орда. Сверх этого значения от [decea3]1[-] до [decea3]4[-] могут быть добавлены дополнительные часы в зависимости от условий спавна.\nМинимальное значение: [decea3]1[-]
1413,optWanderingHordeRange,Frequency RNG Range,Доп. разброс по времени
1414,optWanderingHordeRangeDesc,"Additional random hours added to [decea3]Wandering Horde Frequency[-] to add randomness to hours between spawns.\nFor example, [decea3]Frequency: 5[-], [decea3]Frequency RNG Range: 10[-], then wandering horde will spawn anywhere between [decea3]5[-] to [decea3]15[-] ([decea3]5+10[-]) in-game hours + additional hours if special conditions occur (No players alive, etc).","Дополнительные случайные часы добавляются к [decea3]частоте блуждающей орды[-], чтобы добавить случайности в часы между спавнами.\nНапример, [decea3]Частота: 5[-], [decea3]Диапазон RNG частоты: 10[-], тогда блуждающая орда будет появляться в любом месте между [decea3]5[-] и [decea3]15[-] ([decea3]5+10[-]) игровых часов + дополнительные часы, если возникнут особые условия (нет живых игроков и т.д.)."
1415,optWanderingHordeEnemyCount,Zombies,Зомби
1416,optWanderingHordeEnemyCountDesc,"Fixed zombie count, that will spawn in a Wandering horde.\nMinimum Value: [decea3]2[-].\n[decea3]Zombies[-] + [decea3]Zombie RNG Range[-] value must not exceed: [decea3]64[-]","Фиксированное количество зомби, которое будет появляться в странствующей орде.\nМинимальное значение: [decea3]2[-].\n[decea3]Зомби[-]+[decea3]RNG зомби[-] значение не должно превышать:[decea3]64[-]"
1417,optWanderingHordeEnemyRange,Zombie RNG Range,Разброс количества
1418,optWanderingHordeEnemyRangeDesc,"This value determines up to how many additional zombies can spawn for Wandering Horde.\nFor example, [decea3]Zombies: 5[-], [decea3]Zombies RNG Range: 10[-], then wandering horde will spawn anywhere between [decea3]5[-] to [decea3]15[-] ([decea3]5+10[-]) zombies.\nCombined value must not exceed: [decea3]64[-]","Это значение определяет, сколько дополнительных зомби может появиться для Блуждающей орды.\nНапример, [decea3]Зомби: 5[-], [decea3]Зомби RNG Диапазон: 10[-], тогда блуждающая орда появится где-то между [decea3]5[-] и [decea3]15[-] ([decea3]5+10[-]) зомби.\nОбщее значение не должно превышать: [decea3]64[-]"
1419,optPOITierLootScale,POI Tier Loot Scale,Множитель лута от уровня POI 
1420,optPOITierLootScaleDesc,Multiplier determining how important a POI Tier is when scaling Loot Stage.\n[decea3]0%[-] - Disabled (Default)\n[decea3]100%[-] - Vanilla Scaling.,"Множитель, определяющий влияние уровня POI на масштабирование уровня добычи.\n[decea3]0%[-] - отключено (по умолчанию)\n[decea3]100%[-] - ванильное масштабирование."
1421,optAmbientLightLevel,Ambient Light,Фоновое освещение
1422,optAmbientLightLevelDesc,Ambient Light Multiplier determining how bright the ambient lights are compared to vanilla. It will make nights much darker.\n[decea3]0%[-] - Abyss\n[decea3]40%[-] - Default\n[decea3]100%[-] - Vanilla Ambient Brightness.,Множитель фонового освещения относительно ванильной игры. Ночи становятся значительно темнее.\n[decea3]0%[-] — бездна\n[decea3]40%[-] — по умолчанию\n[decea3]100%[-] — ванильная яркость.
1423,optOverrideBrightness,Override Brightness,Принудительная яркость
1424,optOverrideBrightnessDesc,Overrides Brightness value for the host and any players joining the game.\nDefault Value: [decea3]Disabled[-].,Принудительно задаёт яркость для хоста и подключившихся игроков.\nЗначение по умолчанию: [decea3]выключено[-].
1425,optTraderMissionCooldown,Mission Location Cooldown,Перерыв между миссиями в локации
1426,optTraderMissionCooldownDesc,Defines in days a cooldown period after completing a Mission in a POI (Points Of Interest) to not show up in the available Missions Pool at the Traders.\nDefault Value: [decea3]30 Days[-].,"Задаёт в днях время после выполнения миссии в POI, в течение которого эта локация не появляется среди доступных миссий торговца.\nЗначение по умолчанию: [decea3]30 дней[-]."
1427,optAIGroupDamageBoost,AI Group Block Damage Boost,Бонус ИИ к урону по блокам в группе
1428,optAIGroupDamageBoostDesc,Defines how big of a block damage boost enemies get while damaging blocks when they group up for each enemy nearby each other in close proximity.\nDefault Value: [decea3]20%[-].,"Определяет, насколько увеличивается урон врагов по блокам за каждого находящегося рядом союзника.\nЗначение по умолчанию: [decea3]20%[-]."
1429,optAIHeatMapScoutsEnabled,Heat Map Screamers,Крикуны от карты активности
1430,optAIHeatMapScoutsEnabledDesc,Enables or Disables Screamer Scout Spawns from Heat Map build up mechanic.\nDefault Value: [decea3]Enabled[-].,Включает или отключает появление крикунов-разведчиков из-за накопления активности на карте.\nЗначение по умолчанию: [decea3]включено[-].
1431,optAIZombieDiggingEnabled,Zombie Digging,Копание зомби
1432,optAIZombieDiggingEnabledDesc,Enables or Disables Zombie Digging down mechanic.\nDefault Value: [decea3]Enabled[-].,Включает или отключает способность зомби копать вниз.\nЗначение по умолчанию: [decea3]включено[-].
1433,optAIZombieRageChance,Zombie Rage Chance,Шанс ярости зомби
1434,optAIZombieRageChanceDesc,Chance for zombies to enter rage mode when damaged.,"Шанс, что зомби войдёт в режим ярости после получения урона."
1435,optBasicSurvivalChallenges,Basics of Survival Challenges,Испытания «Основы выживания»
1436,optBasicSurvivalChallengesDesc,"Enables/Disables Basics oF Survival challenges, when Disabled, they will auto complete and give you the reward. Useful if you don't want to deal with them in subsequent playthroughs.\nIf you are playing Undead Legacy for the first time, it's recommended for you to leave this [decea3]Enabled[-].","Включает или отключает испытания «Основы выживания». Если они отключены, испытания автоматически завершаются и вы получаете награды. Полезно, если не хотите проходить их заново в следующих прохождениях.\nЕсли вы впервые играете в Undead Legacy, рекомендуется оставить этот параметр [decea3]включённым[-]."
1437,optDuskTime,Time of Dusk,Время сумерек
1438,optDuskTimeDesc,Determines the hours when dusk happens in the game when the stun starts to go down in the evening.,"Определяет час наступления сумерек, когда вечером солнце начинает опускаться."
1439,optDawnTime,Time of Dawn,Время рассвета
1440,optDawnTimeDesc,Determines the hours when dawn happens in the game when the stun starts to rise up in the morning.,"Определяет час наступления рассвета, когда утром солнце начинает подниматься."
1441,optDayLength,Day Length,Длительность дня
1442,optDayLengthDesc,Determines how much of the day length is considered as day for game events such as enemy spawns for day or night time. Does not affect the time of Dusk or Dawn for the Sun or Moon.,"Определяет, какая часть суток считается днём для игровых событий, например дневного и ночного появления врагов. Не влияет на время рассвета и сумерек для солнца и луны."
1443,optHour,{0} Hour,{0} Час
1444,optHours,{0} Hours,{0} Часов
1445,opt0P,Disabled,Отключено
1446,opt25P,25%,25%
1447,opt50P,50%,50%
1448,opt75P,75%,75%
1449,opt100P,Standard,Стандартный
1450,opt125P,125%,125%
1451,opt150P,150%,150%
1452,opt175P,175%,175%
1453,opt200P,200%,200%
1454,opt2m,2 Minutes,2 минут
1455,opt5m,5 Minutes,5 минут
1456,opt10m,10 Minutes,10 минут
1457,opt15m,15 Minutes,15 минут
1458,opt20m,20 Minutes,20 минут
1459,opt30m,30 Minutes,30 минут
1460,opt1h,1 Hour,1 часов
1461,opt2h,2 Hours,2 часов
1462,opt3h,3 Hours,3 часов
1463,opt4h,4 Hours,4 часов
1464,opt5h,5 Hours,5 часов
1465,opt6h,6 Hours,6 часов
1466,opt7h,7 Hours,7 часов
1467,opt8h,8 Hours,8 часов
1468,opt9h,9 Hours,9 часов
1469,opt10h,10 Hours,10 часов
1470,opt11h,11 Hours,11 часов
1471,opt12h,12 Hours,12 часов
1472,optRecipeFilter1,Standard,Стандартный
1473,optRecipeFilter2,Per Workstation,На каждый верстак
1474,optRecipeFilter3,True Survival,Выживание по-настоящему
1475,optPercents,{0}%,{0}%
1476,optAlwaysOn,Always On,Всегда включен
1477,optAuto25,Auto at 25%,Авто на 25%
1478,optAuto50,Auto at 50%,Авто при 50%
1479,optAuto75,Auto at 75%,Авто при 75%
1480,optDisabled,Disabled,Отключено
1481,optEnabled,Enabled,Включено
1482,optInventory,Inventory,Инвентарь
1483,optMPH,miles/h,МИЛЬ/Ч
1484,optKPH,km/h,КМ/Ч
1485,optComboOff,Disabled,Отключено
1486,optComboOn,Enabled,Включено
1487,optComboDba0,Disabled,Выключено
1488,optComboDba1,Basic,Базовый
1489,optComboDba2,Advanced,Расширенный
1490,optOnAimOff,On-Aim Off,выкл при прицеливании
1491,optDeathPenalty,Stats Death Penalty,Штраф характеристик после смерти
1492,optDeathPenaltyDesc,"[decea3]Disabled[-]: No stat penalty\n[decea3]Beginner[-]: Near Death Trauma Debuff (Vanilla)\n[decea3]Moderate[-]: Beginner + Lose random Action Skills\n[decea3]Standard[-]: Moderate + Respawn with partial Health, Food and Water","[decea3]Отключено[-]: без штрафов к характеристикам\n[decea3]Новичок[-]: эффект травмы после смерти (ванильный)\n[decea3]Умеренно[-]: Новичок + потеря случайных уровней навыков действий\n[decea3]Стандартный[-]: Умеренно + возрождение с неполным здоровьем, запасом еды и воды"
1493,optDeathPenalty0,Disabled,Отключено
1494,optDeathPenalty1,Beginner,Новичок
1495,optDeathPenalty2,Moderate,Умеренно
1496,optDeathPenalty3,Standard,Стандартный
1497,optEntitiesOnly,Entities Only,Только существа
1498,optEntitiesAndBlocks,Entities and Blocks,Существа и блоки
1499,forgeTip,Furnaces,Печи
1500,forgeTipDesc,"[decea3]Furnaces[-] are used to process raw resources such as various metals, glass, sand, stone or clay.\n\nMost recipes require a specialized mold in order to shape the raw resources during the smelting process. Installing bellows will reduce craft times.\n\nHolding [[decea3]E[-]] allows you to pick up the workstation within your land claim area.","[decea3]Плавильные печи[-] используются для переработки сырья: различных металлов, стекла, песка, камня и глины.\n\nДля большинства рецептов требуется специальная форма, придающая сырью нужный вид во время плавки. Установка мехов сокращает время изготовления.\n\nУдерживая [[decea3]E[-]], можно подобрать рабочую станцию в пределах области вашего блока притязания."
1501,tutorialTipQuest02,Mission Tracking,Отслеживание миссии
1502,tutorialTipQuest02Desc,"Active mission's status is displayed on the Objective Tracker in the top right of the screen.\n\nFor more information on missions, access your Inventory and navigate to the [decea3]Missions[-] menu.",Статус активной миссии отображается на трекере целей в правом верхнем углу экрана.\n\nДля получения дополнительной информации о миссиях зайдите в инвентарь и перейдите в меню [decea3]миссии[-].
1503,pickUpLightsTip,[73E9B2]Pickup Lights[-],[73E9B2]Подбор светильников[-]
1504,pickUpLightsTipDesc,"Most lights cannot be crafted, therefore the main way to obtain various light fixtures for your base is by finding them in the world and picking them up! Some lights don't require to be hooked up to a power source like red lanterns or yellow flashlights.\n\nApproach the desired light block and if it can be picked up, hold [decea3][action:local:Activate][action:permanent:Activate][-] to open the Radial Menu and select take to pick up the desired light fixture.","Большинство светильников нельзя изготовить, поэтому основной способ получить различные осветительные приборы для вашей базы - найти их в мире и подобрать! Некоторые светильники не требуют подключения к источнику питания, например, красные или желтые фонарики.\n\nПодойдите к нужному декоративному блоку и, если его можно подобрать, удерживая кнопку взаимодействия [decea3][action:local:Activate][action:permanent:Activate][-], откройте радиальное меню, и выберете «Взять»."
1505,pickUpStorageTip,[73E9B2]Pickup Storage[-],[73E9B2]Перенос хранилищ[-]
1506,pickUpStorageTipDesc,"Almost every kind of storage container found in the world can picked up, for example, [decea3]Cardboard Pallets[-] - very useful in the early game!\n\nExceptions are Desk Safes, Wall Safes, Gun Safes, Hardened Chests, Kitchen Cabinets etc.\n\nApproach the desired storage and if it can be picked up, hold [decea3][action:local:Activate][action:permanent:Activate][-] to open the Radial Menu and select take to pick up the desired Storage Container.","Почти любой контейнер для хранения, найденный в мире, можно подобрать, например, [decea3]картонные поддоны[-] - очень полезно в ранней игре!\n\nИсключение составляют настольные сейфы, настенные сейфы, оружейные сейфы, закаленные сундуки, кухонные шкафы и т.д. \n\nПодойдите к нужному декоративному блоку и, если его можно подобрать, удерживая кнопку взаимодействия [decea3][action:local:Activate][action:permanent:Activate][-], откройте радиальное меню, и выберете «Взять»."
1507,pickUpStationsTip,[73E9B2]Pickup Workstations[-],[73E9B2]Перенос верстаков[-]
1508,pickUpStationsTipDesc,"All [decea3]Player Crafted[-] workstations can picked up without having a Land Claim placed.\n\nOnly empty workstations can be picked up, therefore the option will not be available if the workstation has items inside fuel, queue or output slots.\n\nApproach the desired station and if it can be picked up, hold [decea3][action:local:Activate][action:permanent:Activate][-] to open the Radial Menu and select take to pick up the desired Workstation.\n\n[decea3]Workstations found in the world, that were not made by players cannot be picked up.[-]","Все [decea3]созданные игроком[-] рабочие станции можно подобрать даже без установленного блока притязания.\n\nПодобрать можно только пустую рабочую станцию, поэтому эта возможность недоступна, если в ячейках топлива, очереди или результата есть предметы.\n\nПодойдите к нужной станции и, если её можно подобрать, удерживайте [decea3][action:local:Activate][action:permanent:Activate][-], чтобы открыть радиальное меню, затем выберите пункт «Взять».\n\n[decea3]Рабочие станции, найденные в мире и не созданные игроками, подобрать нельзя.[-]"
1509,pickUpDecorationsTip,[73E9B2]Pickup Decorations[-],[73E9B2]Подбор декора[-]
1510,pickUpDecorationsTipDesc,"Many decorative blocks found in the world can be picked up!\n\nApproach the desired decorative block and if it can be picked up, hold [decea3][action:local:Activate][action:permanent:Activate][-] to open the Radial Menu and select take to pick up the desired decorative object.","Многие декоративные блоки, найденные в мире, можно подобрать!\n\nПодойдите к нужному декоративному блоку и, если его можно подобрать, удерживая кнопку взаимодействия [decea3][action:local:Activate][action:permanent:Activate][-], откройте радиальное меню, и выберете «Взять»."
1511,scavengeNailsTip,[73E9B2]Gathering Nails[-],[73E9B2]Сбор гвоздей[-]
1512,scavengeNailsTipDesc,"Besides making [decea3]Nails[-] at the [decea3]Blacksmith's Forge[-], you can also obtain them by destroying certain kind of furniture.\n\nMain furniture that can give [decea3]Nails[-] are various kind of couches and armchairs.\n\nIt doesn't matter what melee tool or weapon is used in the process.","Помимо изготовления [decea3]гвоздей[-] в [decea3]кузнице[-], их можно получить, разрушая определенную мебель.\n\nГлавная мебель, которая может дать [decea3]гвозди[-] - это различные диваны и кресла.\n\nНеважно, какой инструмент ближнего боя или оружие используется в процессе."
1513,scavengeResinTip,[73E9B2]Gathering Resin[-],[73E9B2]Сбор смолы[-]
1514,scavengeResinTipDesc,"Main way how to get [decea3]Resin[-] is by cutting into a tree using a knife or any other bladed weapon, like a machete or other kind of sword.\n\nIt makes the tree 'bleed' out and yields you that precious [decea3]Resin[-].\n\nDry trees have significantly smaller amount of obtainable [decea3]Resin[-] than non-dry trees. Tree size also plays a significant role in how much [decea3]Resin[-] can be obtained.","Основной способ получить [decea3]смолу[-] — сделать надрез на дереве ножом или другим клинковым оружием, например мачете или мечом.\n\nДерево начинает «кровоточить» и выделяет ценную [decea3]смолу[-].\n\nС сухих деревьев можно получить значительно меньше [decea3]смолы[-], чем с обычных. Размер дерева также заметно влияет на количество получаемой [decea3]смолы[-]."
1515,scavengeHingesTip,[73E9B2]Gathering Hinges[-],[73E9B2]Сбор петель[-]
1516,scavengeHingesTipDesc,"Making [decea3]Brass Hinges[-] at the [decea3]Blacksmith's Forge[-] is not the only way how to obtain them.\n\nAn alternative way to obtain [decea3]Brass Hinges[-] is by destroying doors, which is a relatively easy source of [decea3]Brass Hinges[-] in the early game. It doesn't matter what melee tool or weapon is used in the process.","Изготовление [decea3]латунных петель[-] в [decea3]кузнечном горне[-] — не единственный способ их получить.\n\nВ начале игры [decea3]латунные петли[-] также довольно легко добывать, разрушая двери, поэтому двери служат доступным источником [decea3]латунных петель[-]. Используемый для этого инструмент или оружие ближнего боя значения не имеет."
1517,scavengeWaterTip,[73E9B2]Gathering Water[-],[73E9B2]Сбор воды[-]
1518,scavengeWaterTipDesc,"Obtaining drinkable water in the wasteland can be difficult. One of the main ways to gather water is by approaching a mineral water stand, water barrel, faucet, toilet seat etc and interact with it by holding an [decea3]Empty Jar[-] or [decea3]Empty Plastic Bottle[-].\n\nAmount of filled Jars or Plastic Bottles will depend on how many charges the water source has.\n\nAdditionally you can also craft a [decea3]Primitive Water Well[-] or [decea3]Water Pump[-], that will slowly generate water charges in order to have constant source of water.\n\n[decea3]You cannot gather water from rivers, lakes or swimming pools, it's too toxic to be used for anything.[-]","Добыть питьевую воду в пустоши может быть непросто. Один из основных способов — найти стойку с минеральной водой, бочку с водой, кран, унитаз и т. п. и взаимодействовать с источником, держа в руках [decea3]пустую банку[-] или [decea3]пустую пластиковую бутылку[-].\n\nКоличество наполненных банок или пластиковых бутылок зависит от оставшегося количества воды в источнике.\n\nТакже можно создать [decea3]примитивный колодец[-] или [decea3]водяную помпу[-], которые будут постепенно накапливать воду и обеспечивать постоянный источник.\n\n[decea3]Набирать воду из рек, озёр и бассейнов нельзя — она слишком токсична для использования.[-]"
1519,scavengeFuelTip,[73E9B2]Gathering Gasoline[-],[73E9B2]Сбор бензина[-]
1520,scavengeFuelTipDesc,"It might be a while until you can manufacture your own [decea3]Gasoline[-], therefore an alternative way to obtain [decea3]Gasoline[-] fuel is by searching for various [decea3]Gas Pumps[-], [decea3]Fuel or Oil Barrels[-]. Once such is found, you can interact with it by holding an [decea3]Empty Fuel Can or Barrel[-] as well as partially filled [decea3]Gasoline Can or Barrel[-]\n\nAmount of filled [decea3]Gasoline[-] will depend on how many charges the source has.\n\nLater you will be able to build [decea3]Oil Extractors[-] and mass produce [decea3]Gasoline[-].","Возможно, пройдет некоторое время, пока вы сможете производить собственный [decea3]бензин[-], поэтому альтернативным способом получения [decea3]бензина[-] является поиск различных [decea3]бензоколонок[-], [decea3]бочек с топливом или маслом[-]. Как только такой источник будет найден, вы сможете взаимодействовать с ним, держа в руках [decea3]пустую канистру или бочку[-], а также частично заполненную [decea3]канистру или бочку[-]\n\nКоличество заправленного [decea3]бензина[-] будет зависеть от количества в источнике.\n\nПозднее в процессе прохождения вы сможете построить [decea3]нефтедобывающие машины[-] и начать массовое производство [decea3]бензина[-]."
1521,searchInventoryTip,[73E9B2]Inventory / Search[-],[73E9B2]Инвентарь / Поиск[-]
1522,searchInventoryTipDesc,"Backpack, storage and vehicle storage interfaces have a [decea3]Toggle Search[-] button, that can be used to enable searching, allowing you to filter out items you want to find in your inventory, storage or vehicle. Clearing the search query text or clicking the [decea3]Toggle Search[-] button again will clear all the search overlays.","В интерфейсах рюкзака, хранилищ и хранилища транспорта есть кнопка [decea3]«Переключить поиск»[-]. Она включает поиск и позволяет отфильтровать предметы, которые вы хотите найти в инвентаре, хранилище или транспорте. Очистка текста поискового запроса или повторное нажатие кнопки [decea3]«Переключить поиск»[-] убирает все фильтры поиска."
1523,vehicleEncumbranceTip,[73E9B2]Vehicles / Encumbrance[-],[73E9B2]Транспорт / Перегруз[-]
1524,vehicleEncumbranceTipDesc,"Just like you, the player, vehicles also have their own encumbrance limits, however unlike the player, once the limit is reached, the vehicle will become inoperable and will not move.\n\nVehicle Encumbrance takes into account every passengers weight in addition to the vehicles internal storage.\n\nOnce the driver and all the passengers are in the vehicle, you can see how encumbered the vehicle is under the speedometer on the Encumbrance meter bar. If vehicle is encumbered, an indicator will light up next to the Speedometer.","Как и игрок, транспорт имеет ограничение по грузоподъёмности. Однако, в отличие от игрока, при превышении этого предела транспорт становится неработоспособным и не сможет двигаться.\n\nПри расчёте перегрузки транспорта учитывается вес всех пассажиров и содержимое встроенного хранилища.\n\nКогда водитель и все пассажиры находятся в транспорте, степень перегрузки отображается под спидометром на шкале грузоподъёмности. Если транспорт перегружен, рядом со спидометром загорится индикатор."
1525,abandonedVehicleRepairTip,[73E9B2]Vehicles / Repairable[-],[73E9B2]Транспорт / Ремонтопригодный[-]
1526,abandonedVehicleRepairTipDesc,"Sometimes you can come across a vehicle that can be repaired. Different vehicles require different kinds of repair materials or knowledge on how to repair them.\n\nTo repair a [decea3]Repairable[-] vehicle you have to have a [decea3]Wrench[-], [decea3]Ratchet[-] or [decea3]Impact Driver[-] and you have to have a matching knowledge learned in regards to vehicle maintenance, for example, a [decea3]Minibike Maintenance[-] knowledge. Higher tier vehicle maintenance knowledges will require you to learn previous tiers down the line in order to learn them. To initiate the repair approach the [decea3]Repairable[-] vehicle and hold [decea3][action:local:Activate][action:permanent:Activate][-] and select option to repair the vehicle in the radial menu.","Иногда можно встретить транспорт, который можно отремонтировать. Для разных видов транспорта требуются разные виды ремонтных материалов или знаний как их ремонтировать:\n\nЧтобы отремонтировать [decea3]ремонтопригодный[-] транспорт, вы должны иметь [decea3]гаечный ключ[-], [decea3]трещотку[-] или [decea3]гайковерт[-] в руке, а также у вас должны быть соответствующие знания по обслуживанию транспортных средств, например, [decea3]знания по обслуживанию минибайков[-]. Знания по обслуживанию транспортных средств более высокого уровня потребуют от вас изучения предыдущих уровней, для их освоения. Чтобы начать ремонт, подойдите к [decea3]ремонтопригодному[-] транспорту и зажмите клавишу взаимодействия [decea3][action:local:Activate][action:permanent:Activate][-] и выберите опцию ремонта транспорта в радиальном меню."
1527,scavengeTitaniumTip,[73E9B2]Gathering Titanium[-],[73E9B2]Сбор титана[-]
1528,scavengeTitaniumTipDesc,"[decea3]Titanium[-] is a very rare and sought out resource and is used for crafting the most advanced of items.\n\n[decea3]Wasteland[-] is the only place to find some natural [decea3]Titanium[-] ore veins, therefore the only safe way to obtain it is in [decea3]Loot[-], buying it from [decea3]Traders[-] or using an [decea3]Ore Extractor[-], which has a small chance of extracting small quantities of [decea3]Titanium[-] in each harvest cycle.","[decea3]Титан[-] является очень редким и востребованным ресурсом, используется для изготовления самых лучших предметов.\n\n[decea3]Пустоши[-] это единственное место, где можно найти естественные [decea3]титановые[-] залежи, поэтому единственный безопасный способ получить его - это [decea3]лут[-], покупка [decea3]торговцев[-] или [decea3]автобур[-], который имеет небольшой шанс добыть небольшое количество [decea3]титана[-] в каждом цикле."
1529,pinRecipeTip,[73E9B2]Inventory / Pin Recipe[-],[73E9B2]Инвентарь / Закрепление рецепта[-]
1530,pinRecipeTipDesc,"To keep track of what resources you need in order to craft certain items, you have the ability to pin a recipe using the Pin item action inside the crafting info panel. Clicking that option once will show the recipe as a Pin on the right side of the screen, clicking it again will remove the pin. You can also remove any active Pin, if you click the 'X' icon on the Pin card.\n\nPinned Recipe will keep track of items in your inventory and update the available ingredient amounts live as you gather or lose the required resources from your inventory.\n\nOnly one Pinned Recipe can be active at the same time.","Чтобы отслеживать, какие ресурсы вам нужны для создания определенных предметов, у вас есть возможность закрепить рецепт с помощью действия Закрепить предмет на панели создания. Если щелкнуть эту опцию один раз, рецепт отобразится в виде булавки в правой части экрана, повторный щелчок по нему удалит булавку. Вы также можете удалить любой активный закреп, щелкнув значок «X» на карточке.\n\nПрикрепленный рецепт будет отслеживать предметы в вашем инвентаре и обновлять доступные количества ингредиентов в режиме реального времени, когда вы собираете или теряете необходимые ресурсы из вашего инвентаря. \n\nОдновременно может быть активен только один закрепленный рецепт."
1531,lockInventorySlotsTip,[73E9B2]Inventory / Slot Locking[-],[73E9B2]Инвентарь / Блокировка ячейки[-]
1532,lockInventorySlotsTipDesc,"You can lock any inventory slot by hovering over it and then pressing [decea3][action:gui:GUILockSlot][-] key. Locked slots are ignored when sorting your inventory by weight, price, type or name as well as they are immune when pressing any of the Transfer to storage buttons.\n\nTo unlock a locked inventory slot, hover over it and press [decea3][action:gui:GUILockSlot][-] key. You can configure the default key binding to a different one in:\n[decea3]Options-> Controls -> UI -> Lock Inventory Slot[-]","Можно заблокировать любой слот инвентаря, наведя на него курсор и нажимая клавишу [decea3][action:gui:GUILockSlot][-]. Заблокированные слоты игнорируются при сортировке предметов по весу, цене, типу или имени, а также при нажатии любой из кнопок передачи в хранилище.\n\nЧтобы разблокировать заблокированный слот, наведите на него курсор и нажмите клавишу [decea3][action:gui:GUILockSlot][-]. Можно настроить привязку клавиши по умолчанию к другой кнопке в:\n[decea3]Настройках-> Управление -> UI -> Заблокировать ячейку[-]"
1533,researchSystemTip,[73E9B2]Crafting / Research[-],[73E9B2]Создание / Исследования[-]
1534,researchSystemTipDesc,"Research system allows you to unlock new crafting recipes and ability to craft better quality items.\n\nTo start researching new recipes you first have to craft a [decea3]Research Station[-], there you can spend [decea3]Research Data[-] along with other required materials to unlock new recipes.\n\nTo craft better quality items you have to build a [decea3]Maintenance Station[-], there you can repair items as well as upgrade their quality rating. For upgrading higher tier and/or quality items, you will have to use a higher tier [decea3]Maintenance Station[-].\n\n[decea3]Research Data[-] can be obtained by scrapping down Schematics, Quest Notes or Treasure Maps.","Система исследований позволяет открывать новые рецепты и создавать предметы более высокого качества.\n\nЧтобы исследовать новые рецепты, сначала создайте [decea3]исследовательскую станцию[-]. На ней можно тратить [decea3]данные исследований[-] вместе с другими требуемыми материалами, чтобы открывать новые рецепты.\n\nЧтобы создавать предметы более высокого качества, постройте [decea3]станцию техобслуживания[-]. На ней можно ремонтировать предметы и повышать их качество. Для улучшения предметов более высокого уровня и/или качества потребуется [decea3]станция техобслуживания[-] более высокого уровня.\n\n[decea3]Данные исследований[-] можно получить, разбирая схемы, записки заданий и карты сокровищ."
1535,vehicleFeatureToggleTip,[73E9B2]Vehicles / Additional Toggles[-],[73E9B2]Транспорт / Дополнительные переключатели[-]
1536,vehicleFeatureToggleTipDesc,"Some vehicles feature additional interactions, that can be toggled by pressing either [decea3][action:vehicle:ToggleTopLight][-] or [decea3][action:vehicle:ToggleSiren][-], for example, Police or Taxi Top Lights can be turned on/off with [decea3][action:vehicle:ToggleTopLight][-] key as well as Police Siren can be turned on/off with [decea3][action:vehicle:ToggleSiren][-].\n\nYou can configure the default key bindings to different ones in:\n[decea3]Options-> Controls -> Vehicle -> Toggle Top Lights or Toggle Siren[-].","Некоторые транспортные средства имеют дополнительные функции, которые переключаются клавишами [decea3][action:vehicle:ToggleTopLight][-] или [decea3][action:vehicle:ToggleSiren][-]. Например, верхние огни полицейской машины или такси включаются и выключаются клавишей [decea3][action:vehicle:ToggleTopLight][-], а полицейская сирена — клавишей [decea3][action:vehicle:ToggleSiren][-].\n\nНазначение этих клавиш можно изменить в:\n[decea3]Настройки -> Управление -> Транспорт -> Переключить верхние огни / Переключить сирену[-]."
1537,recyclerTip,[73E9B2]Crafting / Recycler[-],[73E9B2]Создание / Переработка[-]
1538,recyclerTipDesc,"[decea3]Recycler[-] is a special crafting station, that requires power to operate and where you can recycle most items into their basic components.\n\nAny item or block, that can be recycled while in the Recycler window will be indicated by a special Recycle marker icon in the slot.\n\nThose items or blocks can be put in the Input slot portion of the Recycler and when powered and turned on, it will start processing items one at a time from top left to bottom right and will output basic recycled components in the output section of the Recycler.","[decea3]Переработчик[-] это специальный станок, который требует питания для работы и где вы можете перерабатывать большинство предметов в их компоненты.\n\nКаждый предмет или блок, который может быть переработан, находясь в окне Переработчика, будет отмечен специальным маркером переработки.\n\nТакие предметы или блоки могут быть помещены во входной слот Переработчика, и когда питание будет подано и включено, он начнет перерабатывать предметы по одному сверху вниз слева направо и выдаст переработанные компоненты в выходной слот Переработчика."
1539,maintenanceStationTip,[73E9B2]Item Upgrades and Maintenance[-],[73E9B2]Улучшение и обслуживание предметов[-]
1540,maintenanceStationTipDesc,"[decea3]Maintenance Station[-] is a special crafting station with multiple tiers, that allows you to repair any items with durability (Tools, Weapons, Engines, Vehicles etc) and upgrade any items or mods, that have a quality rating.\n\nHigher tier or quality items may require a higher tier [decea3]Maintenance Station[-].","[decea3]Стол техобслуживания[-] специальное рабочее место котороее имеет несколько уровенй улучшения, позволяет вам ремонтировать любые предметы которые имеют показатель прочности (инструменты, оружие, двигатели, транспортные средства и т.д.) и улучшать любые предметы или моды, которые имеют рейтинг качества.\n\nДля предметов более высокого уровня или качества может потребоваться соответсвенно более высокий уровень [decea3]Стола техобслуживания[-]."
1541,storageBroadcastingTip,[73E9B2]Storage Broadcasting[-],[73E9B2]Трансляция хранилища[-]
1542,storageBroadcastingTipDesc,"[decea3]Storage Broadcasting[-] is a special mechanic, that allows you to broadcast contents of any [decea3]Player Placed[-] Storage Container for Crafting. It will allow crafting system to pull resources directly from the Container.\n\nBroadcasting Range is 10 meters and can be extended by special items found in the game such as [decea3]Broadcast Radio[-] Mod.\n\nIn Multiplayer if another player is accessing a container, it will not be broadcasting its contents until the player stops interacting with it.\n\nTo Enable a Container to be Broadcasting, hold [decea3][action:local:Activate][action:permanent:Activate][-] while looking at the container and select [decea3]Broadcast Storage[-] option. To Disable Broadcasting, hold [decea3][action:local:Activate][action:permanent:Activate][-] and select [decea3]Stop Broadcasting[-] option.","[decea3]Трансляция хранилища[-] — специальная механика, позволяющая использовать содержимое любого [decea3]размещённого игроком[-] контейнера при крафте. Система крафта сможет брать ресурсы прямо из контейнера.\n\nДальность трансляции составляет 10 метров и может быть увеличена специальными предметами, например модом [decea3]Радиовещание[-].\n\nВ многопользовательской игре контейнер не транслирует содержимое, пока другой игрок взаимодействует с ним.\n\nЧтобы включить трансляцию контейнера, удерживайте [decea3][action:local:Activate][action:permanent:Activate][-], глядя на него, и выберите [decea3]Трансляция хранилища[-]. Чтобы отключить её, снова удерживайте [decea3][action:local:Activate][action:permanent:Activate][-] и выберите [decea3]Прекратить трансляцию[-]."
1543,workstationUpgradesTip,[73E9B2]Workstation Upgrades[-],[73E9B2]Модернизация верстаков[-]
1544,workstationUpgradesTipDesc,"Most Workstations in Undead Legacy can have multiple tiers and can be upgraded.\n\nIn order to Upgrade a Workstation, hold [decea3][action:local:Activate][action:permanent:Activate][-] while looking at a Workstation and [decea3]Select Upgrade in the Radial Menu[-]. A window will open up with specified cost and requirements for upgrading the Workstation.\n\nIf the next Workstation Tier dimensions will be bigger, the Upgraded Workstation will be added to your inventory.","Большинство верстаков в Undead Legacy могут иметь несколько уровней и могут быть улучшены.\n\nЧтобы улучшить верстак, удерживайте кнопку взаимодействия [decea3][action:local:Activate][action:permanent:Activate][-], глядя на верстак, и выберите [decea3]Улучшить[-] в радиальном меню. Откроется окно с указанием стоимости и требований для модернизации верстака.\n\nЕсли размеры следующего уровня верстака будут больше, обновленный верстак будет добавлена в ваш инвентарь."
1545,journalNutrition,Nutrition,Питание
1546,journalNutritionDesc,"Staying Healthy in the wasteland is not an easy task, so here are some bullet points to get you started:\n\nYou have to balance 4 major nutrients: Fat, Carbohydrates (Carbs), Protein and Vitamins.\n\nFirst 3 determine your overall energy level (Calories). Vitamins determine strength of your immune system.\n\nAs long as Calories stay above 0 you are not dying and having 0 Vitamins isn't the end of the world, but you will be more susceptible to diseases.\n\nManaging all 4 nutrients above 75% will passively increase wellness. If any of 4 nutrients go below 25%, you will lose wellness.\n\nWellness can't go lower than 0 and each wellness point gives following bonuses:\n- Adds 1 to maximum Health\n- Adds 1 to maximum Stamina\n- Adds 1 to maximum carry weight\n- Adds 1% to Experience gain\n\nIf your body has 0 Calories, then you are dying and:\n- Any passive health regeneration is halted\n- Lose 2 Health every minute\n- Stamina regeneration speed slowed down\n- Stamina regeneration reduces maximum available stamina\n- Seek food intake immediately.","Поддерживать здоровье в пустоши непросто, поэтому вот основные сведения для начала:\n\nНеобходимо следить за 4 основными питательными веществами: жирами, углеводами, белками и витаминами.\n\nПервые 3 определяют общий запас энергии (калории). Витамины определяют силу вашей иммунной системы.\n\nПока запас калорий выше 0, вы не умираете от голода. Даже при 0 витаминов вы не умрёте сразу, но станете более восприимчивы к болезням.\n\nЕсли все 4 показателя выше 75%, показатель здоровья будет постепенно расти. Если любой из 4 показателей опустится ниже 25%, показатель здоровья начнёт снижаться.\n\nПоказатель здоровья не может быть ниже 0. Каждая его единица даёт следующие бонусы:\n- +1 к максимальному здоровью\n- +1 к максимальной выносливости\n- +1 к максимальному переносимому весу\n- +1% к получаемому опыту\n\nЕсли запас калорий падает до 0, вы начинаете умирать от голода:\n- пассивное восстановление здоровья прекращается\n- теряется 2 здоровья каждую минуту\n- скорость восстановления выносливости снижается\n- восстановление выносливости уменьшает максимально доступную выносливость\n- немедленно найдите и съешьте еду."
1547,journalTutorialQuest,[73E9B2]Introduction[-],[73E9B2]Введение[-]
1548,journalTutorialQuestDesc,"Welcome to [decea3]Undead Legacy[-]!\n\nYou have a [decea3]Bug-out Bag[-] in your toolbelt containing useful starter equipment, place it on the ground and interact with it to reveal its contents.\n\n[decea3]Introduction[-] mission will guide you through the basics of gathering and crafting in\n[decea3]Undead Legacy[-].\n\n[decea3]Important![-]\nCheck your [decea3]Journal[-] for entries starting with [decea3]UL[-], they will guide you through with some of the more intricate mechanics featured in [decea3]Undead Legacy[-].","Добро пожаловать в [decea3]Undead Legacy[-]!\n\nНа вашей панели быстрого доступа находится [decea3]тревожный рюкзак[-] с полезным стартовым снаряжением. Поставьте его на землю и взаимодействуйте с ним, чтобы открыть содержимое.\n\nЗадание [decea3]«Введение»[-] познакомит вас с основами сбора ресурсов и изготовления предметов в\n[decea3]Undead Legacy[-].\n\n[decea3]Важно![-]\nПроверьте [decea3]журнал[-]: записи, начинающиеся с [decea3]UL[-], объясняют некоторые более сложные механики [decea3]Undead Legacy[-]."
1549,journalTutorialQuestSkipped,[73E9B2]Introduction[-],[73E9B2]Введение[-]
1550,journalTutorialQuestSkippedDesc,"Welcome to [decea3]Undead Legacy[-]!\n\nYou have a [decea3]Bug-out Bag[-] in your toolbelt containing useful starter equipment, place it on the ground and interact with it to reveal its contents.\n\n[decea3]Important![-]\nCheck your [decea3]Journal[-] for entries starting with [decea3]UL[-], they will guide you through with some of the more intricate mechanics featured in [decea3]Undead Legacy[-].","Добро пожаловать в [decea3]Undead Legacy[-]!\n\nНа вашей панели быстрого доступа находится [decea3]тревожный рюкзак[-] с полезным стартовым снаряжением. Поставьте его на землю и взаимодействуйте с ним, чтобы открыть содержимое.\n\n[decea3]Важно![-]\nПроверьте [decea3]журнал[-]: записи, начинающиеся с [decea3]UL[-], объясняют некоторые более сложные механики [decea3]Undead Legacy[-]."
1551,cementMixerTip,[73E9B2]Cement Mixer[-],[73E9B2]Бетономешалка[-]
1552,cementMixerTipDesc,"The [decea3]Cement Mixer[-] is used to craft [decea3]Concrete Mix[-] as well as [decea3]Asphalt[-], [decea3]Gravel[-] or [decea3]Stone[-] Blocks.","[decea3]Бетономешалка[-] используется для изготовления [decea3]бетонной смеси[-], а также [decea3]асфальтовых[-], [decea3]гравийных[-] или [decea3]каменных[-] блоков."
1553,flyingHelicoptersTip,[73E9B2]Helicopter Controls[-],[73E9B2]Управление вертолетом[-]
1554,flyingHelicoptersTipDesc,"Helicopters fly differently compared to Planes and GyroCopter so here's the breakdown of the controls that you have to master in order to fly a helicopter.\n\nTo ascend upwards, press [decea3][action:vehicle:Forward][-], to descend press [decea3][action:vehicle:Back][-].\nTo turn left press [decea3][action:vehicle:Left][-], to turn right press [decea3][action:vehicle:Right][-].\n\nTo fly forward you have to tilt down by pressing and holding [decea3][action:vehicle:Crouch][-].\nTo fly backwards you have to tilt up by pressing [decea3][action:vehicle:Jump][-].\n\nIf the helicopter has auxiliary lights, you can toggle them by pressing [decea3][action:vehicle:ToggleTopLight][-] and if there's a spotlight, you can turn it on and off with [decea3][action:local:ToggleFlashlight][action:permanent:ToggleFlashlight][-]. Horn can be activated with [decea3][action:vehicle:HonkHorn][-].","Вертолёты управляются иначе, чем самолёты и гирокоптеры, поэтому ниже перечислены основные элементы управления, которые необходимо освоить для полёта на вертолёте.\n\nЧтобы набрать высоту, нажмите [decea3][action:vehicle:Forward][-], чтобы снизиться — [decea3][action:vehicle:Back][-].\nЧтобы повернуть налево, нажмите [decea3][action:vehicle:Left][-], чтобы повернуть направо — [decea3][action:vehicle:Right][-].\n\nЧтобы лететь вперёд, наклоните вертолёт вниз, нажав и удерживая [decea3][action:vehicle:Crouch][-].\nЧтобы лететь назад, наклоните вертолёт вверх, нажав [decea3][action:vehicle:Jump][-].\n\nЕсли у вертолёта есть дополнительные огни, их можно переключать клавишей [decea3][action:vehicle:ToggleTopLight][-]. Если установлен прожектор, его можно включать и выключать с помощью [decea3][action:local:ToggleFlashlight][action:permanent:ToggleFlashlight][-]. Звуковой сигнал включается клавишей [decea3][action:vehicle:HonkHorn][-]."
1555,alternateAmmoTip,[73E9B2]Alternative Ammo[-],[73E9B2]Альтернативные патроны[-]
1556,alternateAmmoTipDesc,Some weapons or tools have more than one ammo type. Equip the weapon and hold the reload action [decea3][action:local:Reload][action:permanent:Reload][-] to see and load the possible ammo types for the active weapon or tool.\n\n[decea3]Caution![-] when changing fuel type on motorized power tools: current fuel will be discarded if there's no appropriate empty or partially filled container for the fuel to go into.,"Некоторые виды оружия или инструментов имеют более одного типа боеприпасов. Экипируйте оружие и удерживайте клавишу перезарядки [decea3][action:local:Reload][action:permanent:Reload][-], чтобы увидеть и использовать возможные типы боеприпасов для активного оружия или инструмента.\n\n[decea3]Внимание![-] при смене типа топлива на бензоинструментах: топливо в баке будет вылито (уничтожено), если нет подходящего пустого или частично заполненного контейнера для топлива куда его можно слить."
1557,survivalTip,Survival,Выживание
1558,survivalTipDesc,Your current health is displayed in red and maximum health in grey. Damaged health or your maximum health cap is displayed in black.\n\nEat food or use medicine to restore health. Cure afflictions like abrasions to restore your maximum health cap.\n\nYour current stamina is displayed in blue and maximum stamina is grey. Hunger lowers your maximum stamina cap and is displayed in black.\n\nYour health and stamina recovery rate is determined by your hydration level.\nFood and water bars are located below your belt slots / hotbar and the stats are found on the character page in the core and extended character stats tabs. Visible buffs will notify you if lack of food or water starts affecting you.,"Ваше текущее здоровье отображается красным, а максимальное — серым. Потерянное здоровье или снижение максимального запаса здоровья отображается чёрным.\n\nЕшьте пищу или используйте лекарства, чтобы восстановить здоровье. Лечите травмы, например ссадины, чтобы восстановить максимальный запас здоровья.\n\nТекущая выносливость отображается синим, а максимальная — серым. Голод снижает максимальный запас выносливости, и эта потеря отображается чёрным.\n\nСкорость восстановления здоровья и выносливости зависит от уровня жажды.\nПолосы еды и воды находятся под поясом / панелью быстрого доступа, а значения можно посмотреть на странице персонажа во вкладках основных и расширенных характеристик. Видимые эффекты предупредят вас, если нехватка еды или воды начнёт влиять на персонажа."
1559,infectionTip,Infection,Инфекция
1560,infectionTipDesc,"Infection is a constant danger in the zombie apocalypse.\nFighting zombies is the most common source of infection and wearing armor is highly recommended.\n\nInfection will drain your stamina and in later stages of the infection also your attributes. If untreated it is lethal within 7 game days.\n\nUsing any applicable cure (Honey, Herbal Antibiotics, Antibiotics) will immediately make you feel better and reduce the negative effects. A cure reduces the infection percentage by the amount listed on the item.\n\nThe Infection symbol on the main screen will change to show if it is being treated (getting better) or not.","Инфекция — постоянная угроза во время зомби-апокалипсиса.\nСамый частый источник заражения — сражения с зомби, поэтому настоятельно рекомендуется носить броню.\n\nИнфекция снижает выносливость, а на поздних стадиях — также ваши атрибуты. Без лечения она смертельна в течение 7 игровых дней.\n\nИспользование подходящего лекарства (мёд, растительные антибиотики, антибиотики) сразу ослабит отрицательные эффекты. Лекарство уменьшает процент инфекции на величину, указанную на предмете.\n\nЗначок инфекции на основном экране изменяется и показывает, лечится инфекция (становится лучше) или нет."
1561,foodPoisoningTip,Food Poisoning,Пищевое отравление
1562,foodPoisoningTipDesc,Eating and drinking are necessities but these days not all food and drink is safe.\n\nFood and drink items display a % value for the chance of getting Dysentery.\nLevels of the Iron Gut perk reduce this chance.\n\nDysentery causes diarrhea which dehydrates you. This slows down the rate at which you regenerate stamina and health.\nGoldenrod Tea and Pure Mineral Water will cure dysentery.\nRotten food can be eaten if you're starving but will hurt your health.,"Еда и питьё необходимы для выживания, но теперь далеко не вся пища и вода безопасны.\n\nУ еды и напитков отображается значение в %, показывающее шанс получить дизентерию.\nУровни навыка «Железный желудок» снижают этот шанс.\n\nДизентерия вызывает диарею и обезвоживание. Это замедляет восстановление выносливости и здоровья.\nЧай из золотарника и чистая минеральная вода излечивают дизентерию.\nЕсли вы умираете от голода, можно съесть испорченную пищу, но она нанесёт урон здоровью."
1563,rangedWeaponStatsTip,Ranged Weapons and Ammo,Оружие дальнего боя и боеприпасы
1564,rangedWeaponStatsTipDesc,"Ranged Damage: The damage done to an enemy. Includes installed mods and loaded ammunition but not perk bonuses.\nDamage / Pellet, Pellets: Basic shotgun shells shoot multiple pellets that can hit targets independently. The damage is given for each pellet.\nExplosion Damage / Radius: The damage to enemies at the center of the explosion with the radius given in meters.\nBlock Damage: Most ranged weapons do very little block damage compared to harvesting tools. Some types of explosives do very high block damage.\nTarget Armor: Ammunition that lowers target armor by 20% reduces an armor rating of 50 to 40.\nPenetration: 1 point of target penetration will penetrate 1 enemy or a block of up to 250 hit points and hit a 2nd target behind it.\n\nProjectile Velocity: Advanced bows / crossbows and ammo types have higher projectile speeds which means a flatter trajectory.\nMagazine Size: The obvious.\nRounds / Minute: The rate of fire of this weapon.\nEffective Range: At this range the projectile starts to lose power until it reaches the Maximum Range where it does 0 damage. The maximum range is always much higher than the Effective range.","Урон дальнего боя: урон, наносимый противнику. Учитывает установленные модификации и заряженные боеприпасы, но не бонусы навыков.\nУрон / дробина, дробины: обычные патроны для дробовика выпускают несколько дробин, каждая из которых может самостоятельно попасть в цель. Урон указан для одной дробины.\nУрон взрыва / радиус: урон противникам в центре взрыва; радиус указан в метрах.\nУрон по блокам: большинство видов оружия дальнего боя наносят блокам очень мало урона по сравнению с инструментами для добычи. Некоторые виды взрывчатки наносят блокам очень большой урон.\nБроня цели: боеприпасы, снижающие броню цели на 20%, уменьшают показатель брони 50 до 40.\nПробивание: 1 единица пробивания позволяет пробить 1 противника или блок прочностью до 250 и поразить 2-ю цель за ним.\n\nСкорость снаряда: продвинутые луки / арбалеты и типы боеприпасов имеют более высокую скорость снаряда, поэтому траектория становится более настильной.\nРазмер магазина: очевидно.\nВыстрелов / минуту: скорострельность этого оружия.\nЭффективная дальность: после этой дистанции снаряд начинает терять силу, пока на максимальной дальности его урон не станет равен 0. Максимальная дальность всегда значительно больше эффективной."
1565,stealthTip,Stealth,Скрытность
1566,stealthTipDesc,"Sneak Bonus Damage is applied to attacks while crouched.\nThis only works if the enemy is sleeping or not alerted.\nTo get sneak bonus damage on the same target, a cooldown of up to 60 seconds for PVP and 10 seconds for zombies must pass. These times can be reduced with perks.","Бонус скрытой атаки применяется к атакам в положении присев.\nОн работает только если противник спит или ещё не встревожен.\nЧтобы снова получить бонус скрытой атаки по той же цели, должно пройти до 60 секунд в PVP и 10 секунд для зомби. Эти интервалы можно уменьшить навыками."
1567,firstAidTip,First Aid,Первая помощь
1568,firstAidTipDesc,"Heal yourself or stop bleeding by holding a Bandage, First Aid Bandage, Sewing Kit or First Aid Kit and using the primary action. Heal others with the same items using the secondary action.\n\nAloe Cream, Bandages or First Aid Kits will heal abrasions, which are the most common effect you receive in combat. First Aid or Sewing Kits will heal deep lacerations. Healing these effects restores your max health cap which is shown in black on the health bar.","Чтобы вылечить себя или остановить кровотечение, возьмите в руки бинт, медицинский бинт, швейный набор или аптечку и используйте основное действие. Чтобы лечить других, используйте те же предметы вторичным действием.\n\nКрем алоэ, бинты и аптечки лечат ссадины — одну из самых частых травм в бою. Аптечки и швейные наборы лечат глубокие рваные раны. Лечение этих травм восстанавливает максимальный запас здоровья, потерянная часть которого показана чёрным на полосе здоровья."
1569,waterTip,Water,Вода
1570,waterTipDesc,"Water determines how fast your health and stamina bars recover. With empty hands, you can drink from any water source by pressing ""E"". Drinking water that has not been boiled has the risk of contracting dysentery. At a campfire, you can boil jars of water with a cooking pot. Your water level can be found in the character stats menu.\nAn advanced method of collecting water is by crafting a Dew Collector.\nWater will affect regen speed when it is below 50% and 25%.\nAll drink items will provide a small bonus to stamina regen while the 'drink' buff is visible.","Вода определяет скорость восстановления здоровья и выносливости. С пустыми руками вы можете пить из любого источника воды, нажав ""E"". Употребление некипячёной воды может вызвать дизентерию. На костре воду в банках можно вскипятить с помощью кастрюли. Текущий уровень воды отображается в характеристиках персонажа.\nПродвинутый способ добычи воды — изготовить сборщик росы.\nКогда уровень воды падает ниже 50% и 25%, это влияет на скорость восстановления.\nВсе напитки дают небольшой бонус к восстановлению выносливости, пока действует эффект «напиток»."
1571,meleeWeaponStatsTip,Melee Weapons,Оружие ближнего боя
1572,meleeWeaponStatsTipDesc,"Melee Damage: The damage includes installed mods, but not perk bonuses that the primary attack does to an enemy.\nPower Attack Damage: The damage of the secondary attack. Some weapon types and perks add special abilities or effects to power attacks.\nBlock Damage: A primary attack does this much damage to a block or decoration in the game world. Some tools are ineffective against certain materials, like bladed weapons against rock.\n\nStamina Cost: Melee tools and weapons cost stamina for each swing. Power attacks cost a lot more stamina.\n\nFuel Capacity: Motor tools use fuel instead of stamina, but they tend to be noisy.\n\nAttacks / Minute: The swing or in the case of motor tools, attack speed.\n\nMax Durability: The number of attacks you can perform until the item needs repairs.","Урон в ближнем бою: урон, который основная атака наносит противнику с учётом установленных модификаций, но без бонусов навыков.\nУрон силовой атаки: урон вторичной атаки. Некоторые типы оружия и навыки добавляют силовым атакам особые способности или эффекты.\nУрон по блокам: столько урона основная атака наносит блоку или объекту в игровом мире. Некоторые инструменты неэффективны против определённых материалов, например клинковое оружие против камня.\n\nРасход выносливости: инструменты и оружие ближнего боя расходуют выносливость при каждом взмахе. Силовые атаки расходуют намного больше выносливости.\n\nОбъём топлива: моторизированные инструменты используют топливо вместо выносливости, но обычно создают много шума.\n\nАтак / минуту: скорость взмахов или, для моторизированных инструментов, скорость атаки.\n\nМакс. прочность: количество атак, которое можно выполнить до необходимости ремонта предмета."
1573,armorStatsTip,Armor,Броня
1574,armorStatsTipDesc,"Light, Medium or Heavy Armor Rating tells you which perk affects this item. The armor rating of an item is the damage reduction in percent. 90 AR is the maximum and reduces incoming damage by 90%.\n\nCritical Hit Resistance: Increased resistance against stun, bleeding and such.\n\nStamina /s: Wearing this armor costs you extra stamina while walking or running. Armor perks can mitigate this.\nMobility: Wearing this armor reduces your movement speed by this much. Armor perks can mitigate this.\nNoise Increase: Heavier armor tends to be noisy, making a stealthy approach harder.\n\nMax Durability: The amount of damage that this piece or armor can absorb. Armor with high AR will absorb more damage and therefore lose more durability.\n\nCold Resist / Heat Resist: Typically found on clothing and not on armor. The higher the better. Can be added to armor by installing mods.","Класс лёгкой, средней или тяжёлой брони показывает, какой навык влияет на этот предмет. Показатель брони — это процент снижения урона. Максимум — 90 AR, что снижает входящий урон на 90%.\n\nСопротивление критическим травмам: повышает сопротивление оглушению, кровотечению и другим подобным эффектам.\n\nВыносливость /с: ношение этой брони дополнительно расходует выносливость при ходьбе или беге. Навыки брони могут уменьшить этот штраф.\nПодвижность: ношение этой брони снижает скорость передвижения на указанную величину. Навыки брони могут уменьшить этот штраф.\nУвеличение шума: тяжёлая броня обычно шумнее и затрудняет скрытное передвижение.\n\nМакс. прочность: количество урона, которое может поглотить эта часть брони. Броня с высоким AR поглощает больше урона и поэтому быстрее теряет прочность.\n\nСопротивление холоду / жаре: обычно встречается на одежде, а не на броне. Чем выше, тем лучше. Можно добавить к броне с помощью модификаций."
1575,criticalHitsTip,Critical Damage,Критические травмы
1576,criticalHitsTipDesc,"You start with 100% critical hit resistance for all critical debuffs. Getting hit by enemies can lower these various resistances. When it falls below 100%, you can suffer critical hits like infection or deep lacerations.\n\nWearing armor deflects the chances to lower the critical hit resistances. The stack up of your armor values can be seen on the 2nd 'stats' tab in the upper left of the Character window.\n\nCritical hits other than infection heal on their own or can be treated with specific items.","Вы начинаете со 100% сопротивлением всем критическим негативным эффектам. Удары противников могут снижать соответствующие сопротивления. Когда значение падает ниже 100%, вы можете получить критическую травму, например инфекцию или глубокую рваную рану.\n\nБроня снижает вероятность потери сопротивления критическим травмам. Суммарные показатели брони можно увидеть на 2-й вкладке «Характеристики» в левом верхнем углу окна персонажа.\n\nКритические травмы, кроме инфекции, со временем проходят сами или могут быть вылечены специальными предметами."
1577,gunAssemblyTip,Item Assembly,Сборка предметов
1578,gunAssemblyTipDesc,To assemble a Gun or Motorized Tool or upgrade it with better parts you must have all the parts in your inventory and have read the schematic. Build it by selecting the part in your inventory and clicking on the 'Assemble' action. These recipes will not appear in Crafting menus.,"Чтобы собрать оружие или моторизированный инструмент либо улучшить его более качественными деталями, нужно иметь все детали в инвентаре и прочитать соответствующий чертёж. Выберите деталь в инвентаре и нажмите действие «Собрать». Эти рецепты не отображаются в меню изготовления."
1579,tableSawTip,Table Saw,Циркулярная пила
1580,tableSawTipDesc,Use the table saw to unlock and craft a multitude of cosmetic recipes to customize and decorate your base.,"Используйте циркулярную пилу, чтобы открыть и изготавливать множество декоративных предметов для настройки и украшения базы."
1581,airDropTip,Air Drops,Грузы снабжения
1582,airDropTipDesc,Air Supply Drops can happen around mid-day. Listen for the airplane and follow the orange smoke to find the crate the plane drops. You can also find supply crates marked on your map if the mark air drops option is enabled.,"Грузы снабжения могут сбрасываться примерно в середине дня. Прислушивайтесь к самолёту и следуйте за оранжевым дымом, чтобы найти сброшенный ящик. Если включена отметка грузов снабжения, такие ящики также отображаются на карте."
1583,augmentGunsTip,Mod Items,Модификации предметов
1584,augmentGunsTipDesc,"Items with a quality level like guns, melee weapons and armor can be augmented by installing mods.\nEvery mod that takes up a non-decorative mod slot increases a weapon's damage.\n\nSelect the 'Modify' action in the item inspect window and then drag or shift-click the mod into a free slot.\nMods that are compatible with the selected item will have their gear icon highlighted in green.\n\nMods can be removed and put into other items at any time.","Предметы с уровнем качества, например огнестрельное оружие, оружие ближнего боя и броня, можно улучшать установкой модификаций.\nКаждая модификация, занимающая не декоративный слот, увеличивает урон оружия.\n\nВыберите действие «Модифицировать» в окне осмотра предмета, затем перетащите модификацию в свободный слот или поместите её туда через Shift+клик.\nУ совместимых с выбранным предметом модификаций значок шестерёнки подсвечивается зелёным.\n\nМодификации можно в любое время снять и установить в другие предметы."
1585,batteryBankTip,Battery Bank,Аккумуляторная батарея
1586,batteryBankTipDesc,"The Battery Bank allows you to power your electrical components.\nIt requires at least one battery, expandable up to six. The maximum energy output is determined by the number of batteries installed and their quality.\nAn externally powered and turned on Battery Bank will recharge its batteries.\nIf there are no batteries installed it acts as a relay pushing power down the line.\nRequires a wire tool to add and cut wires between electrical components.","Блок аккумуляторов позволяет питать электрические компоненты.\nДля работы требуется как минимум один аккумулятор, всего можно установить до шести. Максимальная выходная мощность зависит от количества установленных аккумуляторов и их качества.\nЕсли включённый блок аккумуляторов получает внешнее питание, он заряжает установленные аккумуляторы.\nЕсли аккумуляторы не установлены, блок работает как реле и передаёт питание дальше по цепи.\nДля подключения и обрезки проводов между электрическими компонентами требуется инструмент для проводки."
1587,bedrollTip,Bedroll,Спальный мешок
1588,bedrollTipDesc,When you place a Bedroll you will see a Bed Icon on your compass and map. This will lead you back to your home and will act as a respawn point if you die.\nYou can only have one bedroll active and your last placed bedroll is your active bedroll. Placing a new bed or picking up the last placed bed will permanently clear all previous respawn points.\n\nA placed and active bedroll will prevent enemy respawn in the area. The size of this area is shown while you place a bedroll.,После установки спального мешка на компасе и карте появится значок кровати. Он поможет вернуться домой и служит точкой возрождения после смерти.\nОдновременно активен только один спальный мешок — последний установленный. Установка новой кровати или поднятие последнего установленного спального места окончательно удалит все предыдущие точки возрождения.\n\nУстановленный и активный спальный мешок предотвращает появление противников в области вокруг него. Размер области отображается при установке спального мешка.
1589,cameraTip,Camera,Камера
1590,cameraTipDesc,"If you have an aim-able electrical item such as an auto-turret, motion sensor or spotlight you can set its default aim by opening it, clicking into the camera preview area, holding down your primary action and aiming to the desired position.\nAfter this is complete hit escape and exit the component.","Если у вас есть наводимый электрический компонент, например автоматическая турель, датчик движения или прожектор, можно задать направление его наведения по умолчанию. Откройте компонент, нажмите в области предпросмотра камеры, удерживайте основное действие и наведите устройство в нужную точку.\nПосле этого нажмите Escape и выйдите из компонента."
1591,campfireTip,Campfires,Костры
1592,campfireTipDesc,"Campfires are used to keep you warm, cook food, purify water and for simple chemistry.\nYou must place wood or burnable objects in the fuel slots to use it and have all recipe ingredients in your inventory.\nCraft even more recipes in the campfire by adding a cooking pot, cooking grill or beaker in the utensils slot.\nHold E to pick up Workstations within your land claim area.","Костры используются для обогрева, приготовления пищи, очистки воды и простой химии.\nЧтобы пользоваться костром, поместите дерево или другие горючие предметы в слоты топлива и держите все ингредиенты рецепта в инвентаре.\nДобавьте в слот посуды кастрюлю, решётку для гриля или лабораторный стакан, чтобы открыть дополнительные рецепты.\nУдерживайте E, чтобы подобрать рабочую станцию внутри области вашего блока притязания."
1593,chemistryStationTip,Chemistry Station,Химическая станция
1594,chemistryStationTipDesc,"The Chemistry Station enables you craft additional chemicals, liquids and compounds.\nWhile some recipes are also available at a Campfire the Chemistry Station requires fewer resources.\nTo craft recipes here you must have all ingredients in your inventory.\nHold E to pick up Workstations within your land claim area.","Химическая станция позволяет создавать дополнительные химикаты, жидкости и соединения.\nНекоторые рецепты также доступны на костре, но на химической станции требуется меньше ресурсов.\nДля изготовления все ингредиенты должны находиться в инвентаре.\nУдерживайте E, чтобы подобрать рабочую станцию внутри области вашего блока притязания."
1595,coldWeatherTip,Cold Weather,Холодная погода
1596,coldWeatherTipDesc,"If you are getting cold you can combat this by wearing clothing, getting indoors, standing near a lit campfire or forge or carrying a torch.\n\nItems with a higher cold resist rating are better and offer more protection against cold weather. You can see an item's cold resist rating by inspecting it.","Если вам холодно, согреться помогут одежда, помещение, зажжённый костёр или горн, а также факел в руках.\n\nПредметы с более высоким сопротивлением холоду лучше защищают от холодной погоды. Значение сопротивления холоду можно увидеть при осмотре предмета."
1597,encumbranceTip,Encumbrance,Перегрузка
1598,encumbranceTipDesc,"If you carry too many items in your backpack (inventory) you can become encumbered which lowers your movement speed. Items in your hotbar and worn clothing do not count.\nYour inventory shows a number of unlocked and locked slots symbolic for how many items you can carry in your inventory without being encumbered. It is not necessary to place items on specific slots. Only the total amount of items in your backpack matters.\n\nThe Pack Mule perk as well as certain mods or drugs unlock more inventory slots, allowing you to carry more without being encumbered.","Если нести слишком много предметов в рюкзаке (инвентаре), возникает перегрузка, снижающая скорость передвижения. Предметы на панели быстрого доступа и надетая одежда не учитываются.\nВ инвентаре показаны открытые и заблокированные слоты — они обозначают, сколько предметов можно переносить без перегрузки. Раскладывать предметы по конкретным слотам не требуется: имеет значение только общее количество предметов в рюкзаке.\n\nНавык «Вьючный мул», а также некоторые модификации и препараты открывают дополнительные слоты инвентаря и позволяют переносить больше вещей без перегрузки."
1599,farmingTip,Farming,Фермерство
1600,farmingTipDesc,Use your fists or any tool to harvest crops.\nCraft Farm Plots and plant seeds on Farm Plots using the secondary action.\nSeeds can be crafted after reading crafting skill magazines.\nSome perks or items will help you boost harvested crop yields.,"Используйте кулаки или любой инструмент, чтобы собирать урожай.\nСоздавайте фермерские участки и сажайте на них семена вторичным действием.\nВозможность изготовления семян открывается после чтения журналов навыков изготовления.\nНекоторые навыки и предметы увеличивают количество собираемого урожая."
1601,generatorBankTip,Generator Bank,Схема генератора
1602,generatorBankTipDesc,"The Generator Bank allows you to power your electrical components.\nIt requires at least one engine, expandable up to six. The maximum energy output is determined by the number of engines installed.\nThe generator bank uses gas for fuel which can be found in loot and crafted at chemistry stations.\nRequires a wire tool to add and cut wires between electrical components","Генераторный блок позволяет питать электрические компоненты.\nДля работы требуется как минимум один двигатель, всего можно установить до шести. Максимальная выходная мощность зависит от количества установленных двигателей.\nГенератор использует бензин, который можно найти в добыче или изготовить на химической станции.\nДля подключения и обрезки проводов между электрическими компонентами требуется инструмент для проводки."
1603,harvestTip,Harvesting Resources,Сбор ресурсов
1604,harvestTipDesc,Use any bladed tool or weapon like a Bone Knife to skin an animal.\nUse a wrench to break down cars or mechanical items for advanced resources.\nPerks can increase the harvest yield in several areas.,"Используйте любой клинковый инструмент или оружие, например костяной нож, чтобы разделывать животных.\nИспользуйте гаечный ключ для разбора автомобилей и механических объектов на продвинутые ресурсы.\nНавыки могут увеличить количество добываемых ресурсов."
1605,heatMapTip,Activity/Heat Map,Карта активности
1606,heatMapTipDesc,Many actions and events will cause a local increase on the Activity Map.\n\nWhat affects the Activity Map:\n- Flickering torches and to a lesser degree candles.\n- Any workstation that burns fuel.\n- Gunfire and explosions.\n- Motor tools like chainsaws.\n- Active traps like blade traps or shotgun turrets.\n- Hitting or destroying metal or glass blocks or slamming metal doors.\n\nIf an area is 'hot' you will eventually have zombie scouts snooping around. If they spot you they will call in reinforcements.\nLimit or stop these activities and this area will 'cool down' on it's own.\nLights or sounds are counted regardless of being noticeable to a player standing out in the open.\nElectric generators or lights do not register.,"Многие действия и события повышают локальный уровень активности.\n\nНа карту активности влияют:\n- мерцающие факелы и, в меньшей степени, свечи;\n- любые рабочие станции, сжигающие топливо;\n- стрельба и взрывы;\n- моторизированные инструменты, например бензопилы;\n- активные ловушки, например лезвийные ловушки или дробовые турели;\n- удары по металлическим или стеклянным блокам и их разрушение, а также хлопанье металлическими дверями.\n\nЕсли область становится «горячей», со временем её начнут обследовать зомби-разведчики. Если они вас заметят, то позовут подкрепление.\nОграничьте или прекратите такие действия, и область постепенно «остынет» сама.\nСвет и звуки учитываются независимо от того, заметил бы их игрок, стоящий на открытом месте.\nЭлектрические генераторы и освещение не учитываются."
1607,hotWeatherTip,Hot Weather,Жаркая погода
1608,hotWeatherTipDesc,"If you are overheating you can combat this by wearing clothing, drinking certain beverages, and getting indoors.\n\nItems with a higher heat resist rating are better and offer more protection against hot weather. You can see an item's heat resist rating by inspecting it.","Если вы перегреваетесь, помогут подходящая одежда, некоторые напитки и нахождение в помещении.\n\nПредметы с более высоким сопротивлением жаре лучше защищают от горячей погоды. Значение сопротивления жаре можно увидеть при осмотре предмета."
1609,landClaimTip,Land Claim,Блок притязания
1610,landClaimTipDesc,"A land claim grants a hardness modifier to all blocks in your claim area.\nThis hardness modifier applies to any attacks or damage to blocks by enemy players.\n\nYou can pick up and move electrical components and workstations inside your claim. Electrical Items outside of your claim can be cut and wired by strangers.\nWhen placing a claim block you will see a colored placement preview. Colors are as follows: Green inside your claim, Yellow inside your friends claim, White everywhere else, Red you cannot place the block.\nYou can have three active land claim blocks at a time. Placing another will deactivate your first block.\nEnemies will not respawn within your claimed area.","Блок притязания повышает прочность всех блоков в пределах вашей территории.\nЭтот модификатор прочности действует на атаки и урон по блокам со стороны вражеских игроков.\n\nВнутри своей территории можно поднимать и перемещать электрические компоненты и рабочие станции. Электрические устройства вне вашей территории посторонние могут отключать и подключать проводами.\nПри установке блока притязания отображается цветной предпросмотр размещения: зелёный — внутри вашей территории, жёлтый — внутри территории друзей, белый — в остальных местах, красный — блок установить нельзя.\nОдновременно можно иметь три активных блока притязания. Установка ещё одного деактивирует первый.\nВраги не возрождаются внутри заявленной территории."
1611,lockPickingTip,Lockpicking,Взлом замков
1612,lockPickingTipDesc,Some containers can be unlocked using lockpicks.\nHold the interact key when looking at the container and select 'pick lock' to start picking the lock.\nYou do not have to be holding the lockpicks to do this.,"Некоторые контейнеры можно открыть отмычками.\nСмотря на контейнер, удерживайте клавишу взаимодействия и выберите «Взломать замок», чтобы начать взлом.\nДержать отмычки в руках для этого не требуется."
1613,meleeToolWireToolTip,Wire Tool,Электромонтажный инструмент
1614,meleeToolWireToolTipDesc,"Use a wiring tool to connect electrical components. The first component you attach the wire to will be the parent component.\nFocus on any electrical component and use the secondary action to add a wire to that component. Repeat to complete the connection to a second component.\nFocus on any electrical component and use the primary action to remove or cut that components wire to its parent component.\nWith the wire tool equipped you can see many useful things including: a components power usage and current power status, the flow of power represented on the wires by moving pulse from parent component to its child component and the aiming and view cone angle of objects with motion sensing capabilities.\n\nA component can only have one parent or input, but can have multiple children or outputs.","Используйте инструмент для проводки, чтобы соединять электрические компоненты. Первый компонент, к которому вы подключите провод, станет родительским.\nНаведитесь на электрический компонент и используйте вторичное действие, чтобы начать провод от него. Повторите действие на втором компоненте, чтобы завершить соединение.\nНаведитесь на электрический компонент и используйте основное действие, чтобы удалить или перерезать провод, соединяющий его с родительским компонентом.\nС инструментом для проводки в руках можно видеть полезную информацию: потребление и текущее состояние питания компонентов, направление потока энергии по проводам в виде движущегося импульса от родителя к дочернему компоненту, а также направление наведения и сектор обзора устройств с датчиками движения.\n\nУ компонента может быть только один родительский вход, но несколько дочерних выходов."
1615,miningTip,Mining,Горное дело
1616,miningTipDesc,"With the exception of Oil Shale all ores are found in all biomes and can be found at any depth. These ores are Iron, Lead, Coal and Nitrate.\nThe desert is special in that you will find Oil Shale but no Coal.\n\nOre piles are often found where ore veins exist close to the surface. Dig straight down, not sideways, to find an ore vein.\nClay Soil can be dug up almost everywhere.","За исключением горючего сланца, все руды встречаются во всех биомах и на любой глубине: железо, свинец, уголь и нитрат.\nПустыня отличается тем, что там встречается горючий сланец, но нет угля.\n\nКуски руды на поверхности часто указывают на жилу неподалёку. Копайте прямо вниз, а не в сторону, чтобы найти рудную жилу.\nГлинистую почву можно добывать почти повсюду."
1617,onFireTip,On Fire,Горение
1618,onFireTipDesc,"Some weapons, zombies, or parts of the environment can set you on fire. To extinguish that fire, you can jump into water, submerging yourself, or by using a drinkable item like boiled water. Drinking may also prevent being set on fire for up to 10 seconds, though some hazards are just too hot.","Некоторые виды оружия, зомби и элементы окружения могут поджечь вас. Чтобы потушить огонь, прыгните в воду и погрузитесь в неё либо используйте пригодный для питья предмет, например кипячёную воду. Питьё также может на срок до 10 секунд защитить от повторного возгорания, хотя некоторые источники жара слишком сильны."
1619,paintingTip,Painting,Краска
1620,paintingTipDesc,Use a paint brush and paint to give your base a custom look.\nFocus on any paint-able block and use the secondary action to paint a surface and the primary action to erase the paint from a surface.\nHold the reload key to see additional painting features and change the desired paint color.\nCreative mode has even more paint features.,"Используйте кисть и краску, чтобы придать базе собственный вид.\nНаведитесь на окрашиваемый блок и используйте вторичное действие, чтобы покрасить поверхность, а основное — чтобы стереть краску.\nУдерживайте клавишу перезарядки, чтобы открыть дополнительные функции покраски и выбрать нужный цвет.\nВ творческом режиме доступно ещё больше функций покраски."
1621,passthroughTriggeringTip,Sensors and Triggers,Датчики и триггеры
1622,passthroughTriggeringTipDesc,"Sensors are devices like trigger plates, motion sensors, and trip wires.\nLike all components a sensor can only have one input and needs to be powered to work. If a powered sensor is triggered, all children attached to it will activate such as blade traps starting to turn.\n\nPassthrough Triggering\nUsing this, multiple sensors can be used to activate the same component. To do this sensors need to be wired as a daisy chain, one sensor being connected to the next and the final sensor powering the device.\nIf the first sensor in a chain is powered all are considered powered. If any one sensor in the chain is activated then the signal is passed through and will power all consumers down the line.\nExample:  Generator -- motion sensor -- motion sensor -- door\nThe door will open if either one or both of the motion sensors are triggered.","Датчики — это такие устройства, как нажимные пластины, датчики движения и растяжки.\nКак и любой компонент, датчик может иметь только один вход и для работы должен получать питание. Если запитанный датчик срабатывает, активируются все подключённые к нему дочерние устройства, например начинают вращаться лезвийные ловушки.\n\nСквозное срабатывание\nЭта схема позволяет нескольким датчикам активировать один и тот же компонент. Для этого датчики подключаются последовательно: один к следующему, а последний питает устройство.\nЕсли первый датчик цепи получает питание, все датчики считаются запитанными. При срабатывании любого датчика сигнал проходит дальше и подаёт питание на все последующие потребители.\nПример:  Генератор -- датчик движения -- датчик движения -- дверь\nДверь откроется, если сработает один или оба датчика движения."
1623,powerAttackTip,Power Attack,Силовая атака
1624,powerAttackTipDesc,Use the primary action to attack enemies and damage structures.\nUse the secondary action to perform a power attack which does more damage and can apply additional effects but costs more stamina.\nPower attacks do not work with repair tools like stone axes and claw hammers.,"Используйте основное действие, чтобы атаковать врагов и повреждать строения.\nИспользуйте вторичное действие для силовой атаки: она наносит больше урона и может накладывать дополнительные эффекты, но расходует больше выносливости.\nСиловые атаки не работают с ремонтными инструментами, например каменными топорами и молотками."
1625,questTip,Quests,Задания
1626,questTipDesc,"Traders have quests available to survivors who are up for a challenge.\nBuried Supply quests involve tracking down a buried stash (bring a shovel) and returning the supplies to the trader.\nClear quests require exterminating all hostiles from a location.\nFetch quests instruct survivors to find and return supplies from a location.\nClear and Fetch quests are simply the combination of the two types.\nInfestation quests, much like a clear quest, but with a lot more hostiles to exterminate.\nRestore Power quests take place at night inside a location where generators need to be turned back on.\nSpecial rewards are given for each quest and each quest tier completed.","Торговцы предлагают задания выжившим, готовым принять вызов.\nВ заданиях на закопанные припасы нужно найти зарытый тайник (возьмите лопату) и вернуть припасы торговцу.\nЗадания на зачистку требуют уничтожить всех врагов в указанном месте.\nВ заданиях на поиск нужно найти припасы в указанном месте и вернуть их.\nЗадания «Поиск и зачистка» объединяют эти два типа.\nЗадания на заражение похожи на зачистку, но противников в них значительно больше.\nЗадания на восстановление питания проходят ночью в местах, где необходимо снова запустить генераторы.\nЗа каждое выполненное задание и завершённый уровень заданий выдаются особые награды."
1627,shapeMenuTip,Shape Menu / Placing Blocks,Меню форм / Установка блоков
1628,shapeMenuTipDesc,"The Shape menu allows choosing custom shapes or variants for certain blocks.\nPut the crafted block on your hotbar, hold the Reload action (or Shift+Reload) and select the Shape entry from the radial menu. Click or Shift-Click to select a variant to build with.\n\nPlace blocks with the secondary action.\n\nMost building blocks have 24 rotations. Some have 28 including 45° rotations. Rotate blocks with the primary action. Rotate backwards with the reload action.\nCopy Rotation (hold the reload action) copies the rotation of the targeted block and applies it to the one you have active on your hotbar.\nOn Face (hold the reload action) is mostly used for light fixtures or signs that are intended to attach to walls.\nAuto Rotate (hold the reload action) restores the default rotation of the block.","Меню форм позволяет выбирать особые формы или варианты некоторых блоков.\nПоместите созданный блок на панель быстрого доступа, удерживайте действие перезарядки (или Shift+перезарядка) и выберите «Форма» в радиальном меню. Нажмите или используйте Shift+клик, чтобы выбрать вариант для строительства.\n\nУстанавливайте блоки вторичным действием.\n\nБольшинство строительных блоков имеют 24 варианта поворота. У некоторых их 28, включая повороты на 45°. Поворачивайте блоки основным действием. Поворот назад выполняется действием перезарядки.\n«Копировать поворот» (удерживайте перезарядку) копирует ориентацию выбранного блока и применяет её к активному блоку на панели быстрого доступа.\n«На грань» (удерживайте перезарядку) в основном используется для светильников и табличек, которые крепятся к стенам.\n«Автоповорот» (удерживайте перезарядку) восстанавливает стандартную ориентацию блока."
1629,skillPointTip,Spending Skill Points,Распределение очков навыков
1630,skillPointTipDesc,"You have earned Skill Points.\nSpend them by accessing your Inventory and navigating to the Skills menu, then highlight the desired Attribute or Perk and purchase it by clicking on the shopping cart symbol.\nPerks grant you specific abilities and higher perk levels require certain attribute levels.\n\nSome perks increase the chance to find related tools, weapons, ammo, or crafting skill magazines. For example, perking into Boomstick will increase the chance to find shotguns, shotgun shells, shotgun parts, and Shotgun Weekly Magazines.","Вы получили очки навыков.\nЧтобы потратить их, откройте инвентарь и перейдите в меню навыков, затем выберите нужный атрибут или навык и приобретите его, нажав значок корзины.\nНавыки дают определённые способности, а для более высоких уровней навыков требуются соответствующие уровни атрибутов.\n\nНекоторые навыки повышают шанс найти связанные с ними инструменты, оружие, боеприпасы или журналы навыков изготовления. Например, вложения в «Бумстик» повышают шанс найти дробовики, патроны для дробовика, детали дробовиков и журналы Shotgun Weekly."
1631,solarBankTip,Solar Bank,Солнечная батарея
1632,solarBankTipDesc,"The Solar Bank allows you to power your electrical components. It requires at least one solar cell to be installed, expandable up to six.\nThe maximum energy output is determined by the number of solar cells installed and their quality.\nSolar banks produce power during the day when in direct sunlight.\nSolar cells can be purchased from traders or found in loot.\nRequires a wire tool to add and cut wires between electrical components.","Солнечная батарея позволяет питать электрические компоненты. Для работы требуется как минимум одна солнечная ячейка, всего можно установить до шести.\nМаксимальная выходная мощность зависит от количества установленных солнечных ячеек и их качества.\nСолнечные батареи вырабатывают энергию днём, находясь под прямыми солнечными лучами.\nСолнечные ячейки можно купить у торговцев или найти в добыче.\nДля подключения и обрезки проводов между электрическими компонентами требуется инструмент для проводки."
1633,staminaAndToolsTip,Iron Tools Use,Использование железных инструментов
1634,staminaAndToolsTipDesc,"When using an iron tool for the first time many are surprised by iron being heavy.\nComparing an iron pickaxe to a stone axe it does more than 2x the damage to metal but also costs more than 2x the stamina to swing.\n\nGaining levels and eating cooked food increases your base stamina.\nBeverages and perks help with stamina regeneration, stamina consumption and how hungry you get from exertion.\n\nEven simple water grants minor stamina regeneration.","При первом использовании железных инструментов многие удивляются их весу.\nПо сравнению с каменным топором железная кирка наносит металлу более чем в 2x больше урона, но также требует более чем в 2x больше выносливости за удар.\n\nПовышение уровня и употребление приготовленной еды увеличивают базовый запас выносливости.\nНапитки и навыки помогают с восстановлением выносливости, её расходом и скоростью появления голода от нагрузки.\n\nДаже обычная вода немного ускоряет восстановление выносливости."
1635,traderTip,Traders,Торговцы
1636,traderTipDesc,"Traders can be found at various settlements around the world. They have a trader sign and green trader flag flying high above it.\nItems can be bought and sold with Duke Coins. You can see your total cash in the upper corner of your inventory.\nTraders will restock items periodically.\nSome items can only be bought or sold in bundles.\nTraders are open for business between dawn and dusk.\nInvest in the Better Barter perk to improve your buying and selling skills with traders.\nAs you level and/or invest in Daring Adventurer, it will increase your Trader Stage. Increasing Trader Stage let's you gain access to better trader items.\nTraders can also give you quests.","Торговцев можно найти в различных поселениях по всему миру. Их легко узнать по вывеске торговца и высоко поднятому зелёному флагу.\nПредметы можно покупать и продавать за жетоны Дюка. Общую сумму денег видно в верхнем углу инвентаря.\nТорговцы периодически обновляют ассортимент.\nНекоторые предметы можно покупать или продавать только комплектами.\nТорговцы работают от рассвета до заката.\nВкладывайтесь в навык «Выгодный торг», чтобы улучшить цены покупки и продажи.\nПовышение уровня и/или развитие «Отважного авантюриста» увеличивает ваш уровень торговли. Чем выше уровень торговли, тем лучше товары становятся доступны.\nТорговцы также могут выдавать задания."
1637,treasureMapTip,Treasure Maps,Карты сокровищ
1638,treasureMapTipDesc,Treasure maps can lead to really great loot.\nIf you read and accept a Treasure Quest the map and compass will be marked with a treasure icon. Follow this icon and when you get close it will flash red.\nMake sure you are digging in the area when the compass icon is flashing red. Treasure is usually buried 2-3 meters underground.\nInvest in the Treasure Hunter Perk to make treasure easier to find.,"Карты сокровищ могут привести к очень ценной добыче.\nПосле прочтения и принятия задания на сокровище на карте и компасе появится значок сокровища. Следуйте к нему; когда вы подойдёте близко, он начнёт мигать красным.\nКопайте в области, пока значок на компасе мигает красным. Сокровище обычно зарыто на глубине 2-3 метров.\nРазвивайте навык «Охотник за сокровищами», чтобы облегчить поиск."
1639,triggerDelayDurationTip,Trigger Delay and Duration,Задержка и длительность срабатывания
1640,triggerDelayDurationTipDesc,"If you have a triggering component such as a trigger plate, motion sensor or trip wire you can customize the way it triggers.\nOpen it and you will see control options to manipulate Delay and Duration with a variety of options under each setting.\nPower duration can be set to a time or triggered which only lasts as long as someone is standing in the trigger zone.\nThere is also an always setting which stays on until it is out of power or reset as well as options to customize the timing of the triggered event.","Если у вас есть срабатывающий компонент, например нажимная пластина, датчик движения или растяжка, можно настроить его поведение.\nОткройте устройство — появятся параметры задержки и длительности с несколькими вариантами для каждой настройки.\nДлительность подачи питания можно задать временем либо режимом срабатывания, при котором питание сохраняется только пока кто-то находится в зоне датчика.\nТакже есть режим «Всегда», который остаётся включённым до отключения питания или сброса, и дополнительные настройки времени срабатывания."
1641,vendingMachineTip,Vending Machines,Торговые автоматы
1642,vendingMachineTipDesc,"There are three types of vending machines: food and beverage vending machines found in various POI's, rentable vending machines found at Trader Settlements, and player owned vending machines which can be purchased from traders. All vending machines use Duke Coins which can be found in the world or acquired through selling items to traders. You can see how much money you have in the upper right of your inventory. NPCs can purchase from your rented vending machine so it's wise to keep it well stocked and not mark up the items too high.","Существует три типа торговых автоматов: автоматы с едой и напитками в различных POI, арендуемые автоматы в поселениях торговцев и автоматы игроков, которые можно купить у торговцев. Все торговые автоматы используют жетоны Дюка, которые можно найти в мире или получить за продажу предметов торговцам. Количество денег видно в правом верхнем углу инвентаря. NPC могут покупать товары из арендованного вами автомата, поэтому разумно поддерживать хороший запас и не завышать цены."
1643,waterTip,Water,Вода
1644,waterTipDesc,"Water determines how fast your health and stamina bars recover. With empty hands, you can drink from any water source by pressing ""E"". Drinking water that has not been boiled has the risk of contracting dysentery. At a campfire, you can boil jars of water with a cooking pot. Your water level can be found in the character stats menu.\nAn advanced method of collecting water is by crafting a Dew Collector.\nWater will affect regen speed when it is below 50% and 25%.\nAll drink items will provide a small bonus to stamina regen while the 'drink' buff is visible.","Вода определяет скорость восстановления здоровья и выносливости. С пустыми руками вы можете пить из любого источника воды, нажав ""E"". Употребление некипячёной воды может вызвать дизентерию. На костре воду в банках можно вскипятить с помощью кастрюли. Текущий уровень воды отображается в характеристиках персонажа.\nПродвинутый способ добычи воды — изготовить сборщик росы.\nКогда уровень воды падает ниже 50% и 25%, это влияет на скорость восстановления.\nВсе напитки дают небольшой бонус к восстановлению выносливости, пока действует эффект «напиток»."
1645,workbenchTip,Workbench,Верстак
1646,workbenchTipDesc,"Not only does the Workbench have all the backpack recipes, but it also unlocks advanced recipes allowing you to craft more items. Queue up a craft action and walk away keeping your main crafting queue open for use. Inside your land claim area all workstations can be picked up by holding 'E' and selecting 'TAKE' from the radial menu.","Верстак содержит все рецепты изготовления из рюкзака и дополнительно открывает продвинутые рецепты, позволяя создавать больше предметов. Поставьте предметы в очередь изготовления и уходите, оставив основную очередь изготовления свободной. Внутри области вашего блока притязания все рабочие станции можно подобрать, удерживая 'E' и выбрав 'ВЗЯТЬ' в радиальном меню."
1647,animalBossGrace,Mutated Giant Boar,Грейс
1648,animalCoyote,Coyote,Койот
1649,animalDireWolf,Dire Wolf,Лютоволк
1650,animalMountainLion,Mountain Lion,Пума
1651,animalSnake,Snake,Змея
1652,animalWolf,Wolf,Волк
1653,animalZombieBear,Infected Bear,Зомби-медведь
1654,animalZombieVultureRadiated,Radiated Zombie Vulture,Облученный зомби-стервятник
1655,zombieArlene,Decaying Girl,Гнилая девушка
1656,zombieArleneFeral,Feral Decaying Girl,Бешеная гнилая девушка
1657,zombieArleneRadiated,Radiated Decaying Girl,Облученная гнилая девушка
1658,zombieBiker,Zombie Biker,Зомбобайкер
1659,zombieBikerFeral,Feral Zombie Biker,Бешеный зомбобайкер
1660,zombieBikerRadiated,Radiated Zombie Biker,Радиоактивный зомбобайкер
1661,zombieBoe,Infected Zombie,Зараженный
1662,zombieBoeFeral,Feral Zombie,Бешеный зараженный
1663,zombieBoeRadiated,Radiated Zombie,Облученный зараженный
1664,zombieBurnt,Burnt Zombie,Обгоревший зомби
1665,zombieBurntFeral,Feral Burnt Zombie,Бешеный обгоревший зомби
1666,zombieBurntRadiated,Radiated Burnt Zombie,Радиоактивный обгоревший зомби
1667,zombieBusinessMan,Infected Businessman,Зараженный бизнесмен
1668,zombieBusinessManFeral,Feral Businessman,Бешеный бизнесмен
1669,zombieBusinessManRadiated,Radiated Businessman,Радиационный бизнесмен
1670,zombieDarlene,Infected Woman,Зараженная женщина
1671,zombieDarleneFeral,Feral Woman,Бешеная женщина
1672,zombieDarleneRadiated,Radiated Woman,Облученная женщина
1673,zombieDemolition,Demolition Zombie,Подрывник
1674,zombieFatCop,Infected Officer,Прогнивший полицейский
1675,zombieFatCopFeral,Feral Infected Officer,Бешеный полицейский
1676,zombieFatCopRadiated,Radiated Infected Officer,Радиоактивный полицейский
1677,zombieFatHawaiian,Disturbed Tourist,Турист
1678,zombieFatHawaiianFeral,Feral Tourist,Бешеный турист
1679,zombieFatHawaiianRadiated,Radiated Tourist,Радиационный турист
1680,zombieFemaleFat,Rapacious Zombie,Большая мамочка
1681,zombieFemaleFatFeral,Feral Rapacious Zombie,Бешеная мамочка
1682,zombieFemaleFatRadiated,Radiated Rapacious Zombie,Радиоактивная мамочка
1683,zombieJanitor,Janitor Zombie,Зомби-уборщик
1684,zombieJanitorFeral,Feral Janitor Zombie,Бешеный зомби-уборщик
1685,zombieJanitorRadiated,Radiated Janitor Zombie,Облученный зомби-уборщик
1686,zombieJoe,Undead Cadaver,Гнойный зомби
1687,zombieJoeFeral,Feral Cadaver,Бешеный Гнойный зомби
1688,zombieJoeRadiated,Radiated Cadaver,Радиоактивный гнойный зомби
1689,zombieLab,Infected Scientist,Зараженный лаборант
1690,zombieLabFeral,Feral Scientist,Бешеный зараженный лаборант
1691,zombieLabRadiated,Radiated Scientist,Радиоактивный лаборант
1692,zombieMaleHazmat,Hazmat Walker,Ходок в защите
1693,zombieMaleHazmatFeral,Feral Hazmat Walker,Бешеный ходок
1694,zombieMaleHazmatRadiated,Radiated Hazmat Walker,Радиационный ходок
1695,zombieMarlene,Infected Woman,Покойница
1696,zombieMarleneFeral,Feral Woman,Бешеная покойница
1697,zombieMarleneRadiated,Radiated Woman,Радиоактивная покойница
1698,zombieMoe,Bloated Walker,Распухший ходок
1699,zombieMoeFeral,Feral Bloated Walker,Бешеный распухший ходок
1700,zombieMoeRadiated,Radiated Bloated Walker,Радиоактивный распухший ходок
1701,zombieNurse,Restless Nurse,Беспокойная медсестра
1702,zombieNurseFeral,Feral Nurse,Бешеная медсестра
1703,zombieNurseRadiated,Radiated Nurse,Зараженная медсестра
1704,zombieScreamer,Screamer,Крикуша
1705,zombieScreamerFeral,Feral Screamer,Бешеная крикуша
1706,zombieScreamerRadiated,Radiated Screamer,Облученная крикуша
1707,zombieSkateboarder,Decaying Undead,Ходячий труп
1708,zombieSkateboarderFeral,Feral Decaying Undead,Бешеный труп
1709,zombieSkateboarderRadiated,Radiated Decaying Undead,Радиоактивный труп
1710,zombieLumberjack,Infected Lumberjack,Зараженный дровосек
1711,zombieLumberjackFeral,Feral Lumberjack,Бешеный дровосек
1712,zombieLumberjackRadiated,Radiated Lumberjack,Радиоактивный дровосек
1713,zombieSoldier,Infected Soldier,Неупокоенный солдат
1714,zombieSoldierFeral,Feral Soldier,Бешеный солдат
1715,zombieSoldierRadiated,Radiated Soldier,Радиоактивный солдат
1716,zombieSpider,Hunter Zombie,Охотник
1717,zombieSpiderFeral,Feral Hunter Zombie,Бешеный охотник
1718,zombieSpiderRadiated,Radiated Hunter Zombie,Облученный охотник
1719,zombieSteve,Walking Corpse,Ходок
1720,zombieSteveFeral,Feral Walking Corpse,Бешеный ходок
1721,zombieSteveRadiated,Radiated Walking Corpse,Облученный ходок
1722,zombieTomClark,Restless Walker,Беспокойный ходок
1723,zombieTomClarkFeral,Feral Walker,Бешеный ходок
1724,zombieTomClarkRadiated,Radiated Walker,Радиоактивный ходок
1725,zombieWightFeral,Feral Wight,Бешеный упырь
1726,zombieWightRadiated,Radiated Wight,Облученный упырь
1727,zombieUtilityWorker,Depraved Utility Worker,Зомби-строитель
1728,zombieUtilityWorkerFeral,Feral Utility Worker,Бешеный Зомби-строитель
1729,zombieUtilityWorkerRadiated,Radiated Utility Worker,Радиационный Зомби-строитель
1730,zombieYo,Walking Undead,Разлагающаяся туша
1731,zombieYoFeral,Feral Undead,Бешеная разлагающаяся туша
1732,zombieYoRadiated,Radiated Undead,Радиоактивная туша
1733,npcTraderEllen,Ellen,Эллен
1734,npcTraderEthan,Ethan,Итан
1735,npcTraderMaxton,Maxton,Макстон
1736,npcTraderLogan,Logan,Логан
1737,npcTraderRaiden,Raiden,Райден
1738,npcTraderHagen,Hagen,Хаган
1739,npcTraderRyan,Ryan,Раян
1740,ulmSpawnerTraderEllen,Spawner: Ellen,Спавнер: Эллен
1741,ulmSpawnerTraderEthan,Spawner: Ethan,Спавнер: Итан
1742,ulmSpawnerTraderMaxton,Spawner: Maxton,Спавнер: Макстон
1743,ulmSpawnerTraderLogan,Spawner: Logan,Спавнер: Логан
1744,ulmSpawnerTraderRaiden,Spawner: Raiden,Спавнер: Райден
1745,ulmSpawnerTraderHagen,Spawner: Hagen,Спавнер: Хаган
1746,ulmSpawnerTraderRyan,Spawner: Ryan,Спавнер: Раян
1747,ulmAnimalScorpionRadiated,Irradiated Scorpion,Облученный скорпион
1748,ulmAnimalScorpionRadiatedBoss,Leviathan Scorpion,Левиафан скорпион
1749,ulmAnimalScorpionBlood,Blood Scorpion,Кровавый скорпион
1750,ulmAnimalScorpionScorched,Scorched Scorpion,Опаленный скорпион
1751,ulmAnimalScorpionFrostbite,Frostbite Scorpion,Ледяной скорпион
1752,ulmSleeperScorpionRadiated,Irradiated Scorpion,Облученный скорпион
1753,ulmSleeperScorpionBlood,Blood Scorpion,Кровавый скорпион
1754,ulmSleeperScorpionScorched,Scorched Scorpion,Опаленный скорпион
1755,ulmSleeperScorpionFrostbite,Frostbite Scorpion,Ледяной скорпион
1756,ulmSleeperScorpionRadiatedBoss,Leviathan Scorpion,Скорпион-левиафан
1757,ulmZombieFirefighter,Zombie Firefighter,Зомби-пожарный
1758,ulmZombieFirefighterFeral,Feral Zombie Firefighter,Одичавший зомби-пожарный
1759,ulmZombieFirefighterRadiated,Radiated Zombie Firefighter,Радиоактивный зомби-пожарный
1760,adhesive,Adhesive,Адгезионный клей
1761,aluminum,Aluminum,Алюминий
1762,bone,Bone,Кости
1763,branch,Branch,Ветка
1764,brass,Brass,Латунь
1765,chitin,Chitin,Хитин
1766,clay,Clay,Глина
1767,cloth,Cloth,Ткань
1768,coal,Coal,Уголь
1769,concrete,Concrete,Бетон
1770,copper,Copper,Медь
1771,cotton,Cotton,Хлопок
1772,diamond,Diamond,Алмаз
1773,electronics,Electronics,Электроника
1774,feather,Feathers,Перо
1775,fiber,Plant Fibers,Волокно
1776,glass,Glass,Стекло
1777,gold,Gold,Золото
1778,iron,Iron,Железо
1779,knowledge,Skill Notes,Примечания к навыкам
1780,lead,Lead,Свинец
1781,leather,Leather,Кожа
1782,leatherScrap,Leather Scrap,Обрывки кожи
1783,misc,Miscellaneous,Разное
1784,meleeToolChainsawParts,Motor Tool Parts,Части для бензоинструмента
1785,militaryFiber,Military Fiber,Кевларовая лента
1786,militarySteel,Military Steel,Военная сталь
1787,militaryTitanium,Military Titanium,Военный титан
1788,militaryLeather,Military Leather,Военная кожа
1789,organic,Organic,Органика
1790,paper,Paper,Бумага
1791,plastic,Plastic,Пластик
1792,plants,Plant,Растения
1793,potassium,Potassium Nitrate,Селитра
1794,research,Research,Исследования
1795,rubber,Rubber,Резина
1796,sand,Sand,Песок
1797,silicon,Silicon,Кремний
1798,silver,Silver,Серебро
1799,shale,Oil Shale,Сланец
1800,steel,Steel,Сталь
1801,stick,Stick,Палка
1802,stone,Stone,Камень
1803,sulfur,Sulfur,Сера
1804,titanium,Titanium,Титан
1805,wood,Wood,Древесина
1806,zinc,Zinc,Цинк
1807,unit_brass,Brass,Латунь
1808,unit_clay,Clay,Глина
1809,unit_coal,Coal,Уголь
1810,unit_copper,Copper,Медь
1811,unit_glass,Sand,Песок
1812,unit_gold,Gold,Золото
1813,unit_iron,Iron,Железо
1814,unit_lead,Lead,Свинец
1815,unit_silver,Silver,Серебро
1816,unit_stone,Stone,Камень
1817,unit_titanium,Titanium,Титан
1818,ulmObsoleteItemDesc,This item is no longer used in Undead Legacy. Discard or sell it to the trader.,Этот предмет больше не используется в Undead Legacy. Выбросьте или продайте.
1819,ulmDeprecatedItemDesc,This item is no longer used in Undead Legacy. Discard or sell it to the trader.,Этот предмет больше не используется в Undead Legacy. Выбросьте его или продайте торговцу.
1820,ammo9mmBulletBall,9mm Round,9мм Патроны
1821,ammo9mmBulletBallDesc,"9mm [decea3]Standard[-] Rounds, commonly used by [decea3]Small Handguns[-].","[decea3]Стандартные[-] патроны калибра 9мм , для [decea3]пистолетов[-]."
1822,ammo9mmBulletHP,9mm Round (HP),9мм Патроны «дум-дум»
1823,ammo9mmBulletHPDesc,"9mm [decea3]Hollow-point[-] Rounds, an alternative ammo for [decea3]Small Handguns[-], that has better penetration and accuracy. Banned in most areas.","[decea3]Экспансивные или «дум-дум»[-] патроны калибра 9мм , альтернативные патроны для [decea3]пистолетов[-], обладает лучшей останавливающей способностью и точностью. Запрещены в большинстве областей"
1824,ammo9mmBulletAP,9mm Round (AP),9мм Патроны(ББ)
1825,ammo9mmBulletAPDesc,"9mm [decea3]Armor Piercing[-] Rounds, an alternative ammo for [decea3]Small Handguns[-] with much higher penetrating power compared to standard rounds.","[decea3]Бронебойные[-] патроны калибра 9мм, альтернативные патроны для [decea3]пистолетов[-] с гораздо более высокой проникающей способностью по сравнению со стандартными патронами."
1826,ammo44MagnumBulletBall,.44 Cal Round,.44 Патроны
1827,ammo44MagnumBulletBallDesc,".44 Cal [decea3]Standard[-] Rounds, commonly used by [decea3]Large Handguns[-].","[decea3]Стандартные[-] патроны .44 калибра, для [decea3]крупнокалиберных пистолетов[-]."
1828,ammo44MagnumBulletHP,.44 Cal Round (HP),.44 Патроны «дум-дум»
1829,ammo44MagnumBulletHPDesc,".44 Cal [decea3]Hollow-point[-] Rounds, an alternative ammo for [decea3]Large Handguns[-], that has better penetration and accuracy. Banned in most areas.",.44 калибр [decea3]экспансивные[-] патроны — альтернативные боеприпасы для [decea3]крупнокалиберных пистолетов[-] с лучшей пробиваемостью и точностью. Запрещены в большинстве регионов.
1830,ammo44MagnumBulletAP,.44 Cal Round (AP),.44 Патроны(ББ)
1831,ammo44MagnumBulletAPDesc,".44 Cal [decea3]Armor Piercing[-] Rounds, an alternative ammo for [decea3]Large Handguns[-] with much higher penetrating power compared to standard rounds.","[decea3]Бронебойные[-] патроны .44 калибра, альтернативные патроны для [decea3]крупнокалиберных пистолетов[-] с гораздо более высокой проникающей способностью по сравнению со стандартными патронами."
1832,ammo762mmBulletBall,7.62mm Round,7.62мм Патроны
1833,ammo762mmBulletBallDesc,"7.62mm [decea3]Standard[-] Rounds, commonly used by [decea3]Assault Rifles[-].","[decea3]Стандартные[-] патроны калибра 7.62мм , для [decea3]автоматических винтовок[-]."
1834,ammo762mmBulletHP,7.62mm Round (HP),7.62мм Патроны «дум-дум»
1835,ammo762mmBulletHPDesc,"7.62mm [decea3]Hollow-point[-] Rounds, an alternative ammo for [decea3]Assault Rifles[-], that has better penetration and accuracy. Banned in most areas.","7.62мм [decea3]экспансивная-очко[-] патронов, альтернативный боеприпасы для [decea3]штурмовые винтовки[-], который имеет лучше пробивание и точность. запрещены в большинство Зоны."
1836,ammo762mmBulletAP,7.62mm Round (AP),7.62мм Патроны(ББ)
1837,ammo762mmBulletAPDesc,"7.62mm [decea3]Armor Piercing[-] Rounds, an alternative ammo for [decea3]Assault Rifles[-] with much higher penetrating power compared to standard rounds.","[decea3]Бронебойные[-] патроны калибра 7.62мм, альтернативные патроны для [decea3]автоматических винтовок[-] с гораздо более высокой проникающей способностью по сравнению со стандартными патронами."
1838,ammoBlunderbuss,Blunderbuss Ammo,Патроны для мушкетона
1839,ammoBlunderbussDesc,Blunderbuss ammo can be made with paper and gun powder plus small rocks.,Патроны для мушкетона можно сделать из бумаги и пороха и мелких камни.
1840,ammoArrowExploding,Arrow (Exploding),Стрела (Взрывная)
1841,ammoArrowFlaming,Arrow (Flaming),Стрела (Пылающая)
1842,ammoArrowIron,Arrow (Iron),Стрела (Железная)
1843,ammoArrowSteelAP,Arrow (Steel),Стрела (Стальная)
1844,ammoArrowStone,Arrow (Stone),Стрела (Каменная)
1845,ammoCrossbowBoltFlaming,Crossbow Bolt (Flaming),Арбалетный болт (Пылающий)
1846,ammoCrossbowBoltExploding,Crossbow Bolt (Exploding),Арбалетный болт (Взрывной)
1847,ammoCrossbowBoltExplodingDesc,"Crude solution, that packs a heavy punch. Compatible with most standard crossbows","Грубое решение, которое наносит большой урон. Совместим с большинством стандартных арбалетов"
1848,ammoCrossbowBoltIron,Crossbow Bolt (Iron),Арбалетный болт (Железный)
1849,ammoCrossbowBoltIronDesc,"Iron-tipped bolt, compatible with most standard crossbows.","Арбалетный болт с железным наконечником, совместимый с большинством стандартных арбалетов."
1850,ammoCrossbowBoltSteelAP,Crossbow Bolt (Steel),Арбалетный болт (Стальной)
1851,ammoCrossbowBoltSteelAPDesc,"Steel-tipped bolt, compatible with most standard crossbows.","Арбалетный болт с стальным наконечником, совместимый с большинством стандартных арбалетов."
1852,ammoCrossbowBoltStone,Crossbow Bolt (Stone),Арбалетный болт (Каменный)
1853,ammoCrossbowBoltStoneDesc,"Stone-tipped bolt, compatible with most standard crossbows.","Арбалетный болт с каменным наконечником, совместимый с большинством стандартных арбалетов."
1854,ammoRocketHE,Rocket,Фугасная ракета
1855,ammoRocketHEDesc,Used as rocket launcher ammunition.,Снаряд для ракетомёта. Наносит урон блокам.
1856,ammoRocketFrag,Frag Rocket,Осколочная ракета
1857,ammoRocketFragDesc,"Fragmentation rocket, used as rocket launcher ammunition.","Осколочная ракета, снаряд для ракетомёта. Наносит урон существам."
1858,ammoShotgunShell,Shotgun Shell,Патроны для дробовика
1859,ammoShotgunShellDesc,"12x50mm shell, the most common shotgun ammunition. Shot consists of multiple small pellets, that strike the target.","12x50мм картечь, большинство обычный дробовик боеприпасы. выстрел состоит несколько малый дробин, который удар цель."
1860,ammoShotgunSlug,Shotgun Slug,Патрон-Пуля для дробовика
1861,ammoShotgunSlugDesc,"12x50mm slug, deals more damage than standard shotgun shells. Shot consists of a single lead projectile (slug).","Пуля 12x50 мм, наносит больше урона, чем стандартные снаряды для дробовика. Выстрел состоит из одного свинцового снаряда (пули)."
1862,armorAssassinHelmet,Headhunter Hood,Капюшон охотника за головами
1863,armorAssassinHelmetDesc,"A reinforced, well stitched hood and mask built for durability and fear, marking the wearer as a seasoned hunter of the wastes.","Усиленный, хорошо прошитый капюшон с маской, созданный для долговечности и устрашения. Он выдаёт в владельце опытного охотника пустошей."
1864,armorAssassinOutfit,Headhunter Outfit,Костюм охотника за головами
1865,armorAssassinOutfitDesc,"Built for durability, combat awareness and imposing fear over your opponents.","Прочная экипировка, рассчитанная на бой, сохраняет хорошую подвижность и внушает страх противникам."
1866,armorAssassinGloves,Headhunter Gloves,Перчатки охотника за головами
1867,armorAssassinGlovesDesc,Offers great protection without reducing much of your dexterity.,"Отлично защищают, почти не ограничивая ловкость."
1868,armorAssassinBoots,Headhunter Boots,Ботинки охотника за головами
1869,armorAssassinBootsDesc,With these boots you can be both deadly and nimble.,В этих ботинках можно оставаться одновременно смертоносным и проворным.
1870,armorAssassinGroupDesc,Features a well balanced combination of materials and metal plates used to give the wearer a solid level of protection and enough agility against all kinds of threats.,Хорошо сбалансированное сочетание материалов и металлических пластин обеспечивает владельцу надёжную защиту и достаточную подвижность против самых разных угроз.
1871,armorAthleticHelmet,Athletic Cap (Flipped),Спортивная кепка (задом наперёд)
1872,armorAthleticHelmetDesc,Lightweight fabric cap.,Лёгкая тканевая кепка.
1873,armorAthleticOutfit,Athletic Outfit,Спортивный костюм
1874,armorAthleticOutfitDesc,Light weight and well balanced protective gear. Boosts vigor in battle (Not really).,Лёгкая и хорошо сбалансированная защитная экипировка. Придаёт бодрости в бою (на самом деле нет).
1875,armorAthleticGloves,Athletic Gloves,Спортивные перчатки
1876,armorAthleticGlovesDesc,Provides strong grip and protects your hands from blisters.,Обеспечивают надёжный хват и защищают руки от мозолей.
1877,armorAthleticBoots,Athletic Shoes,Спортивная обувь
1878,armorAthleticBootsDesc,"You don't have to be the fastest, you just have to not be the slowest and these boots may or may not help with that.","Не обязательно быть самым быстрым — достаточно не быть самым медленным. Возможно, эта обувь в этом поможет."
1879,armorBikerHelmet,Biker Hat,Шляпа байкера
1880,armorBikerHelmetDesc,"Adorned with spikes and a skull emblem, symbol of chaos and brutality, striking fear in the eyes of rivals.","Украшена шипами и эмблемой черепа — символами хаоса и жестокости, внушающими страх соперникам."
1881,armorBikerOutfit,Biker Outfit,Костюм байкера
1882,armorBikerOutfitDesc,Look and feel like a badass with this outfit.,В этом костюме вы будете выглядеть и чувствовать себя настоящим крутым байкером.
1883,armorBikerGloves,Biker Gloves,Перчатки байкера
1884,armorBikerGlovesDesc,Great for intimidating your opponents.,"Отлично подходят, чтобы внушать страх противникам."
1885,armorBikerBoots,Biker Boots,Ботинки байкера
1886,armorBikerBootsDesc,Nothing says kick ass more than a pair of leather Biker Boots.,Ничто не говорит «крутой парень» лучше пары кожаных байкерских ботинок.
1887,armorCommandoHelmet,Commando Cap,Кепка коммандос
1888,armorCommandoHelmetDesc,Durable cap made out of military grade fabric.,Прочная кепка из ткани военного класса.
1889,armorCommandoOutfit,Commando Outfit,Костюм коммандос
1890,armorCommandoOutfitDesc,True commandos endure without flinching. This outfit will not help with that.,Настоящие коммандос терпят любые трудности не дрогнув. Этот костюм вам в этом не поможет.
1891,armorCommandoGloves,Commando Gloves,Перчатки коммандос
1892,armorCommandoGlovesDesc,Helps you better protect your trigger fingers and hopefully allow to dish out more of that pain.,"Лучше защищают пальцы на спусковом крючке и, возможно, помогут причинить врагам ещё больше боли."
1893,armorCommandoBoots,Commando Boots,Ботинки коммандос
1894,armorCommandoBootsDesc,These military fiber toed kickers make you look tough.,Эти армейские ботинки с усиленным носком придадут вам суровый вид.
1895,ulmArmorCommandoHelmetBackwards,Commando Cap (Flipped),Кепка коммандос (задом наперёд)
1896,ulmArmorCommandoHelmetBackwardsDesc,Durable cap made out of military grade fabric.,Прочная кепка из ткани военного качества.
1897,armorEnforcerHelmet,Agent Top Hat,Цилиндр агента
1898,armorEnforcerHelmetDesc,"Popular among Agents of the Commonwealth, symbolizing working class headwear of an old era.",Популярен среди агентов Содружества и напоминает о рабочем головном уборе ушедшей эпохи.
1899,armorEnforcerOutfit,Agent Outfit,Костюм агента
1900,armorEnforcerOutfitDesc,This stylish outfit consists out of  light weight and breathable materials that can take a beating.,"Стильный костюм из лёгких и дышащих материалов, способных выдержать серьёзную нагрузку."
1901,armorEnforcerGloves,Agent Gloves,Перчатки агента
1902,armorEnforcerGlovesDesc,"Nice pair of leather gloves, that some drivers prefer to use while on the wheel.","Хорошая пара кожаных перчаток, которые некоторые водители предпочитают носить за рулём."
1903,armorEnforcerBoots,Agent Boots,Ботинки агента
1904,armorEnforcerBootsDesc,Who said you can't run around with stylish and nice looking pair of boots.,"Кто сказал, что нельзя бегать в стильной и красивой обуви?"
1905,armorFarmerHelmet,Farmer Straw Hat,Соломенная шляпа фермера
1906,armorFarmerHelmetDesc,Helps keeping the sun out of your eyes.,Помогает защитить глаза от солнца.
1907,armorFarmerOutfit,Farmer Outfit,Костюм фермера
1908,armorFarmerOutfitDesc,Being ready for a square dance isn't all these overalls are good for.,Этот комбинезон годится не только для деревенских танцев.
1909,armorFarmerGloves,Farmer Gloves,Перчатки фермера
1910,armorFarmerGlovesDesc,Sturdy gloves meant for farm work.,Прочные перчатки для сельскохозяйственных работ.
1911,armorFarmerBoots,Farmer Boots,Ботинки фермера
1912,armorFarmerBootsDesc,Quite comfortable pair of boots designed for out in the field use at a farm.,"Довольно удобные ботинки, предназначенные для работы в поле."
1913,armorLumberjackHelmet,Lumberjack Warm Cap,Тёплая шапка лесоруба
1914,armorLumberjackHelmetDesc,"Not the best looking, but will keep your head reasonably warm.","Выглядит не лучшим образом, зато неплохо согревает голову."
1915,armorLumberjackOutfit,Lumberjack Outfit,Костюм лесоруба
1916,armorLumberjackOutfitDesc,Features a vest full of pockets.,Жилет с множеством карманов.
1917,armorLumberjackGloves,Lumberjack Gloves,Перчатки лесоруба
1918,armorLumberjackGlovesDesc,Helps to protect your precious hands against splinters and hold your axes firmly.,Защищают руки от заноз и помогают крепче держать топор.
1919,armorLumberjackBoots,Lumberjack Boots,Ботинки лесоруба
1920,armorLumberjackBootsDesc,The form-fitting ankle supports look like they could prevent quick fatigue while out and about in the wilderness.,Плотная поддержка голеностопа помогает меньше уставать во время долгих походов по дикой местности.
1921,armorMinerHelmet,Miner Helmet,Шахтёрская каска
1922,armorMinerHelmetDesc,"A durable plastic helmet fitted with a built-in headlamp. Once used underground, it now helps survivors light their way through the darkness.","Прочная пластиковая каска со встроенным налобным фонарём. Когда-то её носили под землёй, а теперь она помогает выжившим освещать путь во тьме."
1923,armorMinerOutfit,Miner Outfit,Костюм шахтёра
1924,armorMinerOutfitDesc,Don't get carried away with mining all night with this ergonomically fit outfit.,"Эргономичный костюм для тех, кто готов копать хоть всю ночь."
1925,armorMinerGloves,Miner Gloves,Перчатки шахтёра
1926,armorMinerGlovesDesc,Crack rocks like a pro with these gloves.,С этими перчатками можно дробить камень как настоящий профессионал.
1927,armorMinerBoots,Miner Boots,Ботинки шахтёра
1928,armorMinerBootsDesc,Makes your toes feel safe with these steel reinforced leather boots.,Кожаные ботинки со стальным усилением надёжно защищают пальцы ног.
1929,armorNerdHelmet,Colorful Cap (Flipped),Цветная кепка (задом наперёд)
1930,armorNerdHelmetDesc,"You are probably not going to win any dates with this hat, but at least it's something?","Вряд ли эта кепка поможет произвести впечатление на свидании, но всё же это хоть что-то."
1931,armorNerdOutfit,Tinkerer Outfit,Костюм мастера
1932,armorNerdOutfitDesc,"This outfit might not win fashion awards, but it strikes a decent balance of protection and mobility.","Этот костюм вряд ли получит награду за стиль, зато неплохо сочетает защиту и подвижность."
1933,armorNerdGloves,Tinkerer Gloves,Перчатки мастера
1934,armorNerdGlovesDesc,Will protect your soft hands and can help you focus on more important things.,Защищают нежные руки и позволяют сосредоточиться на более важных вещах.
1935,armorNerdBoots,Tinkerer Boots,Ботинки мастера
1936,armorNerdBootsDesc,Offers decent protection with a springy twist.,Обеспечивают неплохую защиту и немного пружинят при ходьбе.
1937,ulmArmorNerdHatNormal,Colorful Cap,Цветная кепка
1938,ulmArmorNerdHatNormalDesc,"You are probably not going to win any dates with this hat, but at least it's something?","С этой шляпой свидание вы, скорее всего, не выиграете, но это всё же лучше, чем ничего."
1939,armorNomadHelmet,Nomad Headgear,Головной убор кочевника
1940,armorNomadHelmetDesc,Rugged hood paired with a reinforced metal gas mask and shatterproof lenses. Built for long journeys through toxic winds and endless dust.,Прочный капюшон с усиленным металлическим противогазом и небьющимися линзами. Создан для долгих путешествий сквозь ядовитые ветры и бесконечную пыль.
1941,armorNomadOutfit,Nomad Outfit,Костюм кочевника
1942,armorNomadOutfitDesc,Nomadic life means carrying everything with you and this outfit can help you protect yourself from those who want to take those things from you.,"Кочевая жизнь заставляет носить всё с собой, а этот костюм поможет защититься от тех, кто захочет это отнять."
1943,armorNomadGloves,Nomad Gloves,Перчатки кочевника
1944,armorNomadGlovesDesc,Well stitched and put together leather gloves.,Качественно сшитые кожаные перчатки.
1945,armorNomadBoots,Nomad Boots,Ботинки кочевника
1946,armorNomadBootsDesc,Seasoned travelers know the importance of proper footwear.,"Опытные путешественники знают, насколько важна хорошая обувь."
1947,armorNomadGroupDesc,"Among the heaviest armors, suitable for the severe conditions of the wasteland, allowing the wearer to wander further with high damage protection, but equal mobility impact.","Одна из самых тяжёлых разновидностей брони, подходящая для суровых условий пустоши. Позволяет уходить дальше благодаря высокой защите от урона, но заметно ограничивает подвижность."
1948,armorPreacherHelmet,Preacher Hat,Шляпа проповедника
1949,armorPreacherHelmetDesc,"Comfortable headwear often liked by the Preachers of the Commonwealth. Light, sturdy and well built.","Удобный головной убор, популярный среди проповедников Содружества. Лёгкий, прочный и добротно сделанный."
1950,armorPreacherOutfit,Preacher Outfit,Костюм проповедника
1951,armorPreacherOutfitDesc,"Blessed by the Lord, these threads could keep you protected from the evils of the undead.","Благословлённые Господом одежды, способные защитить вас от зла нежити."
1952,armorPreacherGloves,Preacher Gloves,Перчатки проповедника
1953,armorPreacherGlovesDesc,Smite thy enemy with these well put together gloves.,Карайте врагов этими добротно сшитыми перчатками.
1954,armorPreacherBoots,Preacher Boots,Ботинки проповедника
1955,armorPreacherBootsDesc,You can't kick ass for the Lord if you're dead! These boots might help you with that.,"Нельзя карать зло во славу Господа, если вы мертвы! Эти ботинки могут немного помочь."
1956,armorPrimitiveHelmet,Primitive Headwear,Примитивный головной убор
1957,armorPrimitiveHelmetDesc,Light fabric hood with a wooden face mask to offer some protection.,"Лёгкий тканевый капюшон с деревянной маской, обеспечивающей некоторую защиту."
1958,armorPrimitiveOutfit,Primitive Outfit,Примитивный костюм
1959,armorPrimitiveOutfitDesc,"It might be itchy, but it provides at least some resistances and armor.","Возможно, он немного колется, но всё же даёт некоторую защиту и сопротивляемость."
1960,armorPrimitiveGloves,Primitive Gloves,Примитивные перчатки
1961,armorPrimitiveGlovesDesc,"Doesn't provide much protection, but some is better than none.","Защита невелика, но лучше такая, чем никакой."
1962,armorPrimitiveBoots,Primitive Shoes,Примитивная обувь
1963,armorPrimitiveBootsDesc,Better to have at least something than running barefoot to increase the chances of survival.,"Лучше иметь хоть какую-то обувь, чем бегать босиком и снижать свои шансы на выживание."
1964,armorRaiderHelmet,Raider Helmet,Шлем рейдера
1965,armorRaiderHelmetDesc,"A full-face raider helmet fitted with a perforated metal mask. Heavy, menacing, and built to intimidate as much as to protect.","Закрытый шлем рейдера с перфорированной металлической маской. Тяжёлый и угрожающий — он создан не только защищать, но и устрашать."
1966,armorRaiderOutfit,Raider Outfit,Костюм рейдера
1967,armorRaiderOutfitDesc,"Very heavy and uncomfortable to wear, a trade off of having nearly impenetrable defense. ",Очень тяжёлый и неудобный костюм — цена почти непробиваемой защиты.
1968,armorRaiderGloves,Raider Gloves,Перчатки рейдера
1969,armorRaiderGlovesDesc,Covered in metal plates to help with better hand protection.,Покрыты металлическими пластинами для дополнительной защиты рук.
1970,armorRaiderBoots,Raider Boots,Ботинки рейдера
1971,armorRaiderBootsDesc,"Good balance of comfort, protection and shock absorption and features metal plate covers.","Хорошо сочетают комфорт, защиту и амортизацию, а сверху усилены металлическими пластинами."
1972,armorRaiderGroupDesc,"The chaos of battle can be jarring, but this nearly impenetrable metal plate armor is worth its weight and is the embodiment of the battle scars of survival in the wasteland.","Хаос боя может потрясти кого угодно, но эта почти непробиваемая металлическая пластинчатая броня стоит своего веса и воплощает боевые шрамы выживания в пустоши."
1973,armorRangerHelmet,Ranger Hat,Шляпа рейнджера
1974,armorRangerHelmetDesc,"Rugged leather hat, often favored by Rangers due to it's particular brim shape and durable material, that can withstand the harshness of the woodlands.","Прочная кожаная шляпа, которую рейнджеры ценят за характерную форму полей и долговечный материал, способный выдержать суровые условия лесов."
1975,armorRangerOutfit,Ranger Outfit,Костюм рейнджера
1976,armorRangerOutfitDesc,Rugged leather duster that might keep you longer in the fight.,"Прочный кожаный плащ, который поможет дольше продержаться в бою."
1977,armorRangerGloves,Ranger Gloves,Перчатки рейнджера
1978,armorRangerGlovesDesc,Features several layers of fabric stitched together to better protect your hands.,Несколько сшитых слоёв ткани обеспечивают рукам дополнительную защиту.
1979,armorRangerBoots,Ranger Boots,Ботинки рейнджера
1980,armorRangerBootsDesc,Might help you cover more ground and stay in the fight longer with these plate reinforced leather boots.,"Кожаные ботинки, усиленные пластинами, помогут пройти дальше и дольше оставаться в строю."
1981,armorRogueHelmet,Rogue Hood,Капюшон разбойника
1982,armorRogueHelmetDesc,"A concealing hood paired with a fitted face wrap, leaving only the eyes exposed. Favored by scavengers and assassins alike, it offers anonymity in the wastes.","Скрывающий лицо капюшон с плотно прилегающей повязкой, оставляющей открытыми только глаза. Его любят и мусорщики, и убийцы: в пустошах он помогает оставаться неузнанным."
1983,armorRogueOutfit,Rogue Outfit,Костюм разбойника
1984,armorRogueOutfitDesc,"Rogues know how to get in, and get out undetected.","Разбойники знают, как проникнуть внутрь и выбраться незамеченными."
1985,armorRogueGloves,Rogue Gloves,Перчатки разбойника
1986,armorRogueGlovesDesc,"Nicely made leather gloves, that Rogues find very useful when trying to break into locks.","Добротные кожаные перчатки, особенно полезные разбойникам при взломе замков."
1987,armorRogueBoots,Rogue Boots,Ботинки разбойника
1988,armorRogueBootsDesc,Designed to withstand harsh impacts and not squeak much when moving.,Рассчитаны на сильные удары и почти не скрипят при движении.
1989,armorScavengerHelmet,Scavenger Cap (Flipped),Кепка мусорщика (задом наперёд)
1990,armorScavengerHelmetDesc,Lightweight fabric cap.,Лёгкая тканевая кепка.
1991,armorScavengerOutfit,Scavenger Outfit,Костюм мусорщика
1992,armorScavengerOutfitDesc,Bulky and with many deep pockets.,Громоздкий костюм с множеством глубоких карманов.
1993,armorScavengerGloves,Scavenger Gloves,Перчатки мусорщика
1994,armorScavengerGlovesDesc,Protects your knuckles and helps you focus more on scavenging.,Защищают костяшки и помогают лучше сосредоточиться на поиске полезного хлама.
1995,armorScavengerBoots,Scavenger Boots,Ботинки мусорщика
1996,armorScavengerBootsDesc,"Despite how bulky they are, they are quite comfortable to wear.","Несмотря на громоздкость, эти ботинки довольно удобны."
1997,drugSteroids,Steroids,Стероиды
1998,drugSteroidsDesc,Allows you to carry more and perform actions normally when you have a sprained or broken limb.,"Позволяет вам нести больше и нормально выполнять действия, когда у вас растяжение или сломана конечность."
1999,apparelNightvisionGoggles,Night Vision Goggles,Очки ночного видения
2000,apparelNightvisionGogglesDesc,These night vision goggles provide a little face protection and when activated allow you to see better in the dark.,Эти очки ночного видения обеспечивают небольшую защиту лица и при включении позволяют лучше видеть в темноте.
2001,bucketEmpty,Empty Bucket,Пустое ведро
2002,bucketEmptyDesc,"Can be used to transport water.\n[decea3]You cannot gather water from rivers, lakes or swimming pools, it's too toxic to be used for anything.[-]","Можно использовать для переноса воды.\n[decea3]Вы не можете набирать воду из рек, озёр или бассейнов, она слишком токсична, чтобы использовать ее для чего-либо.[-]"
2003,drinkJarEmpty,Empty Jar,Пустая банка
2004,drinkJarEmptyDesc,"Can be used to transport water.\n[decea3]You cannot gather water from rivers, lakes or swimming pools, it's too toxic to be used for anything.[-]","Можно использовать для транспортировки воды.\n[decea3]Вы не можете набирать воду из рек, озер или бассейнов, она слишком токсична, чтобы использовать ее для чего-либо.[-]"
2005,drinkJarGrandpasForgettingElixir,Forgetting Elixir,Эликсир забвения
2006,drinkJarGrandpasForgettingElixirDesc,"Resets your perk points and allows you to redistribute them between attributes and perks, action skills are not affected.","Сбрасывает очки умений и позволяет перераспределить, навыки не затрагиваются."
2007,drinkJarPureMineralWater,Mineral Water,Минералка в банке
2008,drugJailBreakers,Jail Breakers,Медвежатник
2009,drugJailBreakersDesc,Temporarily improves your lockpicking skill and also increases lockpicking tool durability by [decea3]200%[-].,Временно повышает навык взлома. Также повышает прочность инструментов для взлома на [decea3]200%[-].
2010,gunPistol,Pistol,Пистолет
2011,gunPistolDesc,A basic pistol developed by Kiloton Ballistics for standard civilian use. Requires a magazine to function., базовая пистолет разработан с помощью Kiloton баллистика для Стандартный гражданский использовать. требуется журнал к функция.
2012,gunBotT1JunkSledge,Sledge Turret,Робопушка «Молот»
2013,gunBotT1JunkSledgeDesc,Close proximity robotic melee turret. Can be deployed using secondary action.,Роботизированная турель ближнего боя. Можно использовать как оружие или поставить на землю.
2014,gunBotT2JunkTurret,Junk Turret,Робопушка «Хламомёт»
2015,gunBotT2JunkTurretDesc,Can be used as a gun or placed on the ground,Можно использовать как огнестрельное оружие или поставить на землю
2016,gunBotT3JunkDrone,Junk Drone,Дрон из хлама
2017,gunBotT3JunkDroneDesc,Programmed to be a loyal companion in the apocalypse. It can help you carry some items or heal you.,Запрограммирован быть верным спутником во время апокалипсиса. Он может помочь вам перенести некоторые предметы или вылечить вас.
2018,gunBowT0PrimitiveBow,Primitive Bow,Примитивный лук
2019,gunBowT0PrimitiveBowDesc,"Doesn't do much damage, but is a good starter ranged weapon","Не наносит большого урона, но является хорошим стартовым оружием дальнего боя"
2020,gunBowT1WoodenBow,Hunting Bow,Охотничий лук
2021,gunBowT1WoodenBowDesc,Good for hunting and killing,Хорош для охоты и убийства
2022,gunBowT3CompoundBow,Compound Bow,Блочный лук
2023,gunBowT3CompoundBowDesc,Does more damage and is more precise than regular bows,"Наносит больше урона и является более точным, чем обычные луки"
2024,gunBowT1IronCrossbow,Iron Crossbow,Железный арбалет
2025,gunBowT1IronCrossbowDesc,"Slow to reload, but deals more damage compared to bows and it can be fired underwater.","Медленно перезаряжается, но наносит больше урона по сравнению с луком и может стрелять под водой."
2026,gunExplosivesT3RocketLauncher,Rocket Launcher,Гранатомет
2027,gunExplosivesT3RocketLauncherDesc,Can cause hell and chaos,Может создать ад и хаос
2028,gunHandgunT0PipePistol,Rusty Revolver,Ржавый револьвер
2029,gunHandgunT0PipePistolDesc,Surprisingly still functional.,"Удивительно, но он все еще функционирует."
2030,gunHandgunT1Pistol,Bengal M9,Bengal M9
2031,gunHandgunT1PistolDesc,Standard issue pistol,Стандартный выпуск пистолет
2032,gunHandgunT2Magnum44,Magnum .44,Магнум .44
2033,gunHandgunT2Magnum44Desc,"A very powerful, but noisy revolver","Очень мощный, но шумный револьвер"
2034,gunHandgunT3DesertVulture,Desert Vulture,Пустынный стервятник
2035,gunHandgunT3DesertVultureDesc,Heavy 44 Cal Handgun,Тяжелый пистолет 44 калибра
2036,gunHandgunT3SMG5,SMG-5,SMG-5
2037,gunHandgunT3SMG5Desc,Standard issue submachine gun,Стандартный пистолет-пулемёт
2038,gunMGT0PipeMachineGun,Pipe Machine Gun,Трубный автомат
2039,gunMGT0PipeMachineGunDesc,"Made out of scrap metal and pipes, surprisingly it's not blowing up.","Сделано из металлолома и труб, удивительно, что не взрывается."
2040,gunMGT1AK47,AK-47,AK-47
2041,gunMGT1AK47Desc,"Despite its simplicity, this weapon can be very powerful in the right hands","Несмотря на свою простоту, это оружие может быть очень мощным в правильных руках"
2042,gunMGT2TacticalAR,Tactical Assault Rifle,Штурмовая винтовка
2043,gunMGT2TacticalARDesc,Military grade assault rifle,Штурмовая винтовка военного образца
2044,gunMGT3M60,M60 Machine Gun,Пулемет M60
2045,gunMGT3M60Desc,"Cumbersome to use, but excel at automatic fire","Громоздок в использовании, но имеет большую огневую мощь"
2046,gunRifleT0PipeRifle,Pipe Rifle,Трубное ружье
2047,gunRifleT0PipeRifleDesc,Very primitive firearm.,Очень примитивное оружие.
2048,gunRifleT1HuntingRifle,Hunting Rifle,Охотничья винтовка
2049,gunRifleT1HuntingRifleDesc,Some farmers favorite choice of ranged weapon due to its combination of simplicity and firepower,Любимое оружие некоторых фермеров благодаря сочетанию простоты и огневой мощи.
2050,gunRifleT2LeverActionRifle,Lever Action Rifle,Рычажная винтовка
2051,gunRifleT2LeverActionRifleDesc,Have to make those shots count with this.,Надо считать каждый выстрел.
2052,gunRifleT2MarksmanRifle,Marksman Rifle,Марксманская винтовка
2053,gunRifleT2MarksmanRifleDesc,Mid-tier rifle with good firepower,"Оружие пехотного снайпера, занимающее промежуточное положение между обычным стрелковым оружием и тяжёлыми, высокоточными не автоматическими снайперскими винтовками с продольно скользящим, поворотным затвором, под патроны увеличенной мощности."
2054,gunRifleT3SniperRifle,Sniper Rifle,Снайперская винтовка
2055,gunRifleT3SniperRifleDesc,High precision rifle is an excellent choice for sniping enemies at great distances,Высокоточная винтовка - отличный выбор для стрельбы по противникам на больших дистанциях.
2056,gunShotgunT0PipeShotgun,Pipe Shotgun,Трубный дробовик
2057,gunShotgunT0PipeShotgunDesc,"Short range primitive firearm, effective at very close ranges.","Примитивное огнестрельное оружие малой дальности, эффективное на очень близких расстояниях."
2058,gunShotgunT1DoubleBarrel,Double Barrel Shotgun,Двуствольный дробовик
2059,gunShotgunT1DoubleBarrelDesc,Great for close range carnage,Отлично подходит для расправы на близком расстоянии.
2060,gunShotgunT2PumpShotgun,Pump Shotgun,Помповый дробовик
2061,gunShotgunT2PumpShotgunDesc,Long-barrel shotgun with pump action loading,Длинноствольное ружье с помповым механизмом.
2062,gunShotgunT3AutoShotgun,Auto Shotgun,Автоматический дробовик
2063,gunShotgunT3AutoShotgunDesc,"Semi automatic shotgun has a very devastating short range gun, capable of making minced meat out of anything in its path","Полуавтоматический дробовик - очень разрушительное оружие ближнего боя, способное сделать фарш из всего, что окажется перед ним."
2064,leatherPoncho,Poncho,Пончо
2065,leatherPonchoDesc,This poncho provides a little protection and helps you survive hot weather.,Это пончо обеспечивает небольшую защиту и помогает в жару.
2066,lightPlayerNoPowerGroupDesc,Requires no external power source,Не требует внешнего источника питания
2067,medicalBloodDrawKit,Blood Draw Kit,Набор для забора крови
2068,medicalBloodDrawKitDesc,Use blood draw kits to make blood bags. These are used to craft first aid kits.,"Используйте наборы для забора крови, чтобы сделать пакеты крови. Они используются для изготовления аптечек первой помощи."
2069,meleeToolAxeT1IronFireaxe,Iron Fireaxe,Пожарный топор
2070,meleeToolAxeT1IronFireaxeDesc,[decea3]+200%[-] more damage against trees.,[decea3]+200%[-] урона по деревьям.
2071,meleeToolAxeT2SteelAxe,Steel Axe,Стальной топор
2072,meleeToolAxeT2SteelAxeDesc,[decea3]+300%[-] more damage against trees.,[decea3]+300%[-] урона по деревьям.
2073,meleeToolAxeT3Chainsaw,Chainsaw,Бензопила
2074,meleeToolAxeT3ChainsawDesc,[decea3]+300%[-] more damage against trees.,[decea3]+300%[-] урона по деревьям.
2075,meleeToolFlashlight02,Flashlight,Фонарик
2076,meleeToolFlashlight02Desc,Can be used as a light source,Может использоваться в качестве источника света
2077,meleeToolHuntingKnife,Hunting Knife,Охотничий нож
2078,meleeToolHuntingKnifeDesc,"Useful tool for slicing wood to gain [decea3]Resin[-], cactus to gain [decea3]Yucca Fruit[-]. Also useful for gutting animals.","Многозадачный инструмент, надрежьте дерево чтобы собрать [decea3]смолу[-], кактус чтобы получить [decea3]плоды юкки[-]. Также можно свежевать животных."
2079,meleeToolMachete,Iron Machete,Железное мачете
2080,meleeToolMacheteDesc,"Great tool for slicing wood to gain [decea3]Resin[-], cactus to gain [decea3]Yucca Fruit[-]. Also useful for gutting animals or chopping zombie limbs off.","Многозадачный инструмент, надрежьте дерево чтобы собрать [decea3]смолу[-], кактус чтобы получить [decea3]плоды юкки[-]. Также можно свежевать животных или отрубать зомби конечности."
2081,meleeToolPickT1IronPickaxe,Iron Pickaxe,Железная кирка
2082,meleeToolPickT1IronPickaxeDesc,[decea3]+100%[-] more damage to ore and asphalt. Good for breaking stone and harvesting minerals,[decea3]+100%[-] урона по рудам и асфальту. Хорошо подходит для разрушения камня и сбора полезных ископаемых
2083,meleeToolPickT2SteelPickaxe,Steel Pickaxe,Стальная кирка
2084,meleeToolPickT2SteelPickaxeDesc,[decea3]+100%[-] more damage to ore and asphalt. Great for breaking stone and harvesting minerals,[decea3]+100%[-] урона по рудам и асфальту. Хорошо подходит для разрушения камня и сбора полезных ископаемых
2085,meleeToolPickT3Auger,Auger,Бур
2086,meleeToolPickT3AugerDesc,[decea3]+120%[-] more damage to earth and asphalt.,[decea3]+120%[-] урона по земле и асфальту.
2087,meleeToolRepairT1ClawHammer,Claw Hammer,Молоток-гвоздодёр
2088,meleeToolRepairT1ClawHammerDesc,Great block repair and upgrade tool. Can be used as a weapon,Отличный инструмент для ремонта и модернизации блоков. Может использоваться в качестве оружия
2089,meleeToolRepairT3Nailgun,Nail gun,Строительный пистолет
2090,meleeToolRepairT3NailgunDesc,Best block repair and upgrade tool. Can be used as weapon,Лучшее средство восстановления и модернизации блоков. Может использоваться в качестве оружия
2091,meleeToolRepairT0StoneAxe,Stone Axe,Каменный топор
2092,meleeToolRepairT0StoneAxeDesc,[decea3]+200%[-] more damage against trees. Not the best weapon but useful for cutting wood.,"[decea3]+200%[-] урона по деревьям. Не лучшее оружие, но полезный инструмент для рубки дерева."
2093,meleeToolRepairT0TazasStoneAxe,Taza's Stone Axe,Каменный топор Тазы
2094,meleeToolRepairT0TazasStoneAxeDesc,"[decea3]+200%[-] more damage against trees. The Apache artifact, that is to be believed of making those who wielded it invincible in battle","[decea3]+200%[-] урона по деревьям. Артефакт апачей, который, как полагают, делает тех, кто им владел, непобедимыми в бою."
2095,meleeToolSalvageT1Wrench,Wrench,Гаечный ключ
2096,meleeToolSalvageT1WrenchDesc,"Tool for disassembling mechanical devices like cars, air conditioners and more. Can repair cars","Инструмент для разборки механических устройств, таких как автомобили, кондиционеры и многое другое. Может ремонтировать автомобили"
2097,meleeToolSalvageT2Ratchet,Ratchet,Ключ-трещотка
2098,meleeToolSalvageT2RatchetDesc,"Tool for disassembling mechanical devices like cars, air conditioners and more. Can repair cars","Инструмент для разборки механических устройств, таких как автомобили, кондиционеры и многое другое. Может ремонтировать автомобили"
2099,meleeToolSalvageT3ImpactDriver,Impact Driver,Гайковёрт
2100,meleeToolSalvageT3ImpactDriverDesc,"Tool for disassembling mechanical devices like cars, air conditioners and more. Can repair cars","Инструмент для разборки механических устройств, таких как автомобили, кондиционеры и многое другое. Может ремонтировать автомобили"
2101,meleeToolShovelIron,Iron Shovel,Железная лопата
2102,meleeToolShovelIronDesc,"Great tool for digging through dirt, sand or snow.","Отличный инструмент для копки грязи, песка или снега."
2103,meleeToolShovelSteel,Steel Shovel,Стальная лопата
2104,meleeToolShovelSteelDesc,"Great tool for digging through dirt, sand or snow.","Отличный инструмент для копки грязи, песка или снега"
2105,meleeToolShovelT0StoneShovel,Stone Shovel,Каменная лопата
2106,meleeToolShovelT0StoneShovelDesc,"Primitive digging tool, useful for gathering dirt, sand or snow if no better tool is available","Примитивный инструмент для копки грязи, песка или снега, лучше, чем ничего"
2107,meleeToolShovelT1IronShovel,Iron Shovel,Железная лопата
2108,meleeToolShovelT1IronShovelDesc,"Good for digging through earth, sand or snow","Отличный инструмент для копки грязи, песка или снега"
2109,meleeToolShovelT2SteelShovel,Steel Shovel,Стальная лопата
2110,meleeToolShovelT2SteelShovelDesc,"Great for digging earth, sand or snow","Отличный инструмент для копки грязи, песка или снега."
2111,meleeToolTorch,Torch,Факел
2112,meleeToolTorchDesc,Can be used as a light source. Has a chance to ignite enemies,Может использоваться как источник света. Имеет шанс поджечь врагов
2113,meleeWpnBatonT2StunBaton,Stun Baton,Шоковый жезл
2114,meleeWpnBatonT2StunBatonDesc,Combination of primitive brute force and technology,Сочетание примитивной грубой силы и технологий
2115,meleeWpnBladeT0BoneKnife,Bone Shiv,Костяная заточка
2116,meleeWpnBladeT0BoneKnifeDesc,Useful for gutting animals. Attacks can cause bleeding,Полезен для потрошения животных. Атаки могут вызвать кровотечение
2117,meleeWpnBladeT1HuntingKnife,Hunting Knife,Охотничий нож
2118,meleeWpnBladeT1HuntingKnifeDesc,Useful for gutting animals. Attacks can cause bleeding,Полезен при потрошении животных. Атаки могут вызвать кровотечение
2119,meleeWpnBladeT1CandyKnife,Candy Knife,Конфетный нож
2120,meleeWpnBladeT1CandyKnifeDesc,Stab your enemies in a festive mood!,Поразите врагов в праздничном настроении!
2121,meleeWpnBladeT3Machete,Scrap Machete,Мачете из лома
2122,meleeWpnBladeT3MacheteDesc,Useful for gutting animals. Attacks can cause bleeding,Полезен при потрошении животных. Атаки могут вызвать кровотечение
2123,meleeWpnClubT0WoodenClub,Wooden Club,Деревянная дубинка
2124,meleeWpnClubT0WoodenClubDesc,"Primitive blunt weapon, good for breaking knees and skulls","Примитивное дробящее оружие, хорошее для перелома колен и черепов."
2125,meleeWpnClubT1BaseballBat,Baseball Bat,Бейсбольная бита
2126,meleeWpnClubT1BaseballBatDesc,Average blunt weapon for breaking knees and skulls,Среднее тупое оружие для разбивания коленей и черепов
2127,meleeWpnClubT1CandyClub,Candy Cane Club,Конфетная дубинка
2128,meleeWpnClubT1CandyClubDesc,Beat down your enemies in a festive mood!,Поразите врагов в праздничном настроении!
2129,meleeWpnClubT3SteelClub,Steel Club,Стальная дубинка
2130,meleeWpnClubT3SteelClubDesc,Hard hitting and durable club for breaking knees and skulls,Сильно бьющая и прочная дубина для разбивания черепов
2131,meleeWpnKnucklesT0LeatherKnuckles,Knuckle Wraps,Обмотки для кулаков
2132,meleeWpnKnucklesT0LeatherKnucklesDesc,Protects your hands and makes punches more impactful,Защищает руки и делает удары более сильными
2133,meleeWpnKnucklesT1IronKnuckles,Iron Knuckles,Железный кастет
2134,meleeWpnKnucklesT1IronKnucklesDesc,Protects your hands and makes punches more impactful,Защищает руки и делает удары более сильными
2135,meleeWpnKnucklesT3SteelKnuckles,Steel Knuckles,Стальной кастет
2136,meleeWpnKnucklesT3SteelKnucklesDesc,Protects your hands and makes punches more impactful. Also useful for gutting animals,Защищает руки и делает удары более сильными. Им можно свежевать
2137,meleeWpnBatonT0PipeBaton,Pipe Baton,Дубинка из трубы
2138,meleeWpnBatonT0PipeBatonDesc,"Baton crafted from junk parts and pipes. Light weight, but still packs a decent punch.","Дубинка сделана из хлама и труб. Легкий вес, но при этом обладает приличной силой удара."
2139,meleeWpnSledgeT0StoneSledgehammer,Stone Sledgehammer,Каменная кувалда
2140,meleeWpnSledgeT0StoneSledgehammerDesc,One of the best weapons for cracking skulls,Одно из лучших орудий для раскалывания черепов
2141,meleeWpnSledgeT1IronSledgehammer,Iron Sledgehammer,Железная кувалда
2142,meleeWpnSledgeT1IronSledgehammerDesc,One of the best weapons for cracking skulls,Одно из лучших орудий для раскалывания черепов
2143,meleeWpnSledgeT3SteelSledgehammer,Steel Sledgehammer,Стальная кувалда
2144,meleeWpnSledgeT3SteelSledgehammerDesc,One of the best weapons for cracking skulls,Одно из лучших орудий для раскалывания черепов
2145,meleeWpnSpearT0StoneSpear,Stone Spear,Каменное копьё
2146,meleeWpnSpearT0StoneSpearDesc,Can be used as a primitive melee weapon,Может использоваться как оружие ближнего боя или можно метнуть
2147,meleeWpnSpearT1IronSpear,Iron Spear,Железное копьё
2148,meleeWpnSpearT1IronSpearDesc,Can be used as a melee weapon,Может использоваться как оружие ближнего боя или можно метнуть
2149,meleeWpnSpearT3SteelSpear,Steel Spear,Стальное копьё
2150,meleeWpnSpearT3SteelSpearDesc,Can be used as a melee weapon,Может использоваться как оружие ближнего боя или можно метнуть
2151,modArmorAdvancedMuffledConnectors,Advanced Muffled Connectors,Улучш. бесшумные соединения
2152,modArmorAgility,Dexterity Mod,Модификация ловкости
2153,modArmorAgilityDesc,"Biomechanical augmentation kit, that when installed into headgear enhances wearers Dexterity.","биомеханический улучшение комплект, который когда установленный в головной убор усиливает владельца ловкость."
2154,modArmorPerception,Perception Mod,Модификация восприятия
2155,modArmorPerceptionDesc,"Biomechanical augmentation kit, that when installed into headgear enhances wearers Perception.","биомеханический улучшение комплект, который когда установленный в головной убор усиливает владельца Восприятие."
2156,modArmorStrength,Strength Mod,Модификация силы
2157,modArmorStrengthDesc,"Biomechanical augmentation kit, that when installed into headgear enhances wearers Strength.","биомеханический улучшение комплект, который когда установленный в головной убор усиливает владельца Сила."
2158,modArmorFortitude,Fortitude Mod,Модификация стойкости
2159,modArmorFortitudeDesc,"Biomechanical augmentation kit, that when installed into headgear enhances wearers Fortitude.","биомеханический улучшение комплект, который когда установленный в головной убор усиливает владельца Стойкость."
2160,modArmorIntellect,Intellect Mod,Модификация интеллекта
2161,modArmorIntellectDesc,"Biomechanical augmentation kit, that when installed into headgear enhances wearers Intellect.","биомеханический улучшение комплект, который когда установленный в головной убор усиливает владельца Интеллект."
2162,modArmorBandolier,Armor Bandolier,Патронташ
2163,modArmorCustomizedFittings,Advanced Armor Fittings,Индивидуальные соединения
2164,modArmorHelmetLight,Helmet Light,Налобный фонарь
2165,modArmorImpactBracing,Impact Bracing,Ударный амортизатор
2166,modArmorImprovedFittings,Improved Armor Fittings,Улучш. индивидуальные соединения
2167,modArmorMuffledConnectors,Muffled Connectors,Бесшумные соединения
2168,modArmorPlatingBasic,Improved Armor Plating,Бронепластины
2169,modArmorPlatingReinforced,Advanced Armor Plating,Усиленные бронепластины
2170,modArmorStoragePocket,Military Pocket,Военный подсумок
2171,modArmorStoragePocketDesc,[decea3]Armor Mod[-]\nExpands your inventory capacity when added to armor.,[decea3]Подсумок[-]\nУвеличивает вместимость инвентаря при установке на броню.
2172,modArmorDoubleStoragePocket,Military Double Pockets,Двойные военные подсумки
2173,modArmorDoubleStoragePocketDesc,[decea3]Armor Mod[-]\nExpands your inventory capacity when added to armor.,[decea3]Подсумок[-]\nУвеличивает вместимость инвентаря при установке на броню.
2174,modArmorTripleStoragePocket,Military Triple Pockets,Тройные военные подсумки
2175,modArmorTripleStoragePocketDesc,[decea3]Armor Mod[-]\nExpands your inventory capacity when added to armor.,[decea3]Подсумок[-]\nУвеличивает вместимость инвентаря при установке на броню.
2176,modArmorQuadStoragePocket,Military Quad Pockets,Военные четырёхсекционные карманы
2177,modArmorQuadStoragePocketDesc,[decea3]Armor Mod[-]\nExpands your inventory capacity when added to armor.,[decea3]Модификация брони[-]\nУвеличивает вместимость инвентаря при установке на броню.
2178,modArmorWaterPurifier,Helmet Water Purifier,Фильтр для воды
2179,modFuelTankLarge,Motor Tool Large Tank,Большой бак мотоинструмента
2180,modFuelTankSmall,Motor Tool Small Tank,Маленький бак мотоинструмента
2181,modGunBarrelExtender,Barrel Extender,Удлинитель ствола
2182,modGunBipod,Bipod,Сошки
2183,modGunBowArrowRest,Arrow Rest,Полка для стрел
2184,modGunBowPolymerString,Composite String,Синтетическая тетива
2185,modGunChoke,Shotgun Choke,Чок дробовика
2186,modGunCrippleEm,Crippler,Увечье
2187,modGunDrumMagazineExtender,Drum Magazine,Барабанный магазин
2188,modGunDrumMagazineExtenderDesc,"This large drum magazine increases ammo capacity on machine guns, but it is a little slower to reload.","Этот большой барабанный магазин увеличивает боекомплект пулемётов, но перезаряжается медленнее."
2189,modGunDuckbill,Shotgun DuckBill,«Утиный клюв» для дробовика
2190,modGunFlashlight,Weapon Flashlight,Фонарик
2191,modGunForegrip,Fore Grip,Оружейная рукоятка
2192,modGunLaserSight,Laser Sight,ЛЦУ
2193,modGunMagazineExtender,Magazine Extender,Расширитель магазина
2194,modGunMeleeExoticAlloy,Exotic Alloy Kit,Благословленный металл
2195,modGunMeleeExoticAlloyDesc,Increased damage to undead targets.,Дополнительный урон по зомби.
2196,modGunMeleeRadRemover,Rad Remover,Подавитель радиации
2197,modGunMeleeTheHunter,Hunter Kit,Охотник
2198,modGunMeleeTheHunterDesc,Increases damage to all animals.,Дополнительный урон по всем животным.
2199,modGunMuzzleBrake,Muzzle Brake,Дульный тормоз
2200,modGunReflexSight,Reflex Sight,Коллиматорный прицел
2201,modGunRetractingStock,Retracting Stock,Складной приклад
2202,modGunScopeSmall,2x Scope,2x прицел
2203,modGunScopeMedium,4x Scope,4x прицел
2204,modGunScopeLarge,8x Scope,8x прицел
2205,modGunSoundSuppressorSilencer,Silencer,Глушитель
2206,modGunTriggerGroupBurst3,Trigger: Burst,Спусковой механизм: Очередь
2207,modGunTriggerGroupAutomatic,Trigger: Full Auto,Спусковой механизм: Автоматический
2208,modGunTriggerGroupSemi,Trigger: Semi,Спусковой механизм: Одиночными
2209,modMeleeBunkerBuster,Bunker Buster,Глубокое проникновение
2210,modMeleeBunkerBusterDesc,Increases damage against [decea3]Stone[-].,Увеличивает урон по блокам [decea3]камня[-].
2211,modMeleeClubBurningShaft,Burning Shaft,Пылающий ствол
2212,modMeleeClubBarbedWire,Barbed Wire Mod,Колючая проволока
2213,modMeleeClubMetalSpikes,Metal Spikes Mod,Металлические шипы
2214,modMeleeDiamondTip,Diamond Tip,Алмазное напыление
2215,modMeleeDiamondTipDesc,Any hand tool or blade weapon degrades slower with this modification.,Любой ручной инструмент или клинковое оружие ломается медленнее с этой модификацией.
2216,modMeleeErgonomicGrip,Ergonomic Grip,Эргономичная рукоятка
2217,modMeleeFiremansAxeMod,Fireman's Blade,Пожарная заточка
2218,modMeleeFiremansAxeModDesc,"Deals more damage to blocks, but less damage to enemies.","Наносит больше урона по блокам, но меньше по врагам."
2219,modMeleeFortifyingGrip,Fortifying Grip,Укрепленная рукоятка
2220,modMeleeGraveDigger,Grave Digger,Могильщик
2221,modMeleeGraveDiggerDesc,Increases damage against [decea3]Dirt[-].,Увеличивает урон по блокам [decea3]земли[-].
2222,modMeleeIronBreaker,Iron Breaker,Железолом
2223,modMeleeIronBreakerDesc,Increases damage against [decea3]Iron[-].,Дополнительный урон по блокам [decea3]железа[-].
2224,modMeleeSerratedBlade,Serrated Blade,Зазубренное лезвие
2225,modMeleeStructuralBrace,Structural Brace,Конструкционная скоба
2226,modMeleeStructuralBraceDesc,Melee weapons and tools degrade slower.,Оружие и инструменты ближнего боя изнашиваются медленнее.
2227,modMeleeTemperedBlade,Tempered Blade,Закаленное лезвие
2228,modMeleeTemperedBladeDesc,Blade modification that increases block damage and makes weapon degrade slower.,"Модификация лезвия, которая увеличивает урон по блокам и замедляет износ оружия."
2229,modMeleeWeightedHead,Weighted Head,Утяжелитель
2230,modMeleeWeightedHeadDesc,"A modification for some melee weapons and tools, that adds a chance to stun and slow victims.","Модификация для тупых видов оружия ближнего боя и инструментов, которая добавляет шанс оглушить и замедлить жертву."
2231,modMeleeWoodSplitter,Wood Splitter,Дровокол
2232,modMeleeWoodSplitterDesc,Increases damage against [decea3]Wood[-].,Увеличивает урон по [decea3]дереву[-].
2233,modRoboticDroneArmorPlatingMod,Drone Armor,Броня для дрона
2234,modRoboticDroneCargoMod,Drone Cargo Extender,Сумка для дрона
2235,modRoboticDroneHeadlampMod,Drone Light,Дрон-светильник
2236,modRoboticDroneMedicMod,Drone Medic Kit,Дрон-медик
2237,modRoboticDroneMoraleBoosterMod,Drone Morale Booster,Дрон-психолог
2238,modShotgunSawedOffBarrel,Sawed-Off Shotgun Mod,Обрез дробовика
2239,modVehicleExpandedSeat,Vehicle Expanded Seating,Доп. сиденье
2240,modVehicleFuelSaver,Vehicle Fuel Saver,Экономия топлива
2241,modVehicleOffRoadHeadlights,Vehicle Off Road Lights,Усиленное освещение
2242,modVehicleReserveFuelTank,Vehicle Reserve Fuel Tank,Доп. бак транспорта
2243,modVehicleReserveFuelTankDesc,Increases your vehicle fuel storage.,Увеличивает запас топлива в вашем транспорте.
2244,modVehicleSuperCharger,Vehicle Super Charger,Турбонаддув
2245,oldCash,Old Cash,Старые деньги
2246,oldCashDesc,This used to be legal tender. A great substitute for toilet paper. Some traders might be interested buying this.,Раньше это было платежным средством. Отличный заменитель туалетной бумаги. Некоторые торговцы могут быть заинтересованы в покупке этого.
2247,resourceBrokenGlass,Scrap Glass,Битое стекло
2248,resourceBrokenGlassDesc,Broken glass can be smelted into glass at the forge or used to end it all if the apocalypse is just too much for you.,"Битое стекло можно переплавить в стекло в кузнице или использовать, чтобы положить конец всему, если апокалипсис для вас это слишком"
2249,resourceBulletCasing,Bullet Casing,Гильзы
2250,resourceBulletCasingDesc,Brass casing for projectile based firearms. Holds all parts of the ammunition round together.,Латунный корпус патрона удерживающий все части вместе
2251,resourceBulletTip,Bullet Tip,Пуля
2252,resourceBulletTipDesc,"A bullet tip for projectile based firearms. Also known as the projectile of the round, casted from molten lead.","Стандартная пуля, делается отливкой свинца"
2253,resourceClayLump,Clay,Глина
2254,resourceClayLumpDesc,Key resource for forging. Dug from earth in small quantities alongside with soil. Can also be crafted by mixing soil with water.,"Ключевой ресурс для ковки. В небольших количествах выкапывают из земли вместе с почвой. Также можно создать, смешав почву с водой."
2255,resourceCobblestones,Cobblestone,Булыжник
2256,resourceCobblestonesDesc,Cobblestone can be used to build surprisingly sturdy stone structures.,Из булыжника можно построить удивительно прочные каменные конструкции.
2257,resourceCrushedSand,Sand,Песок
2258,resourceCrushedSandDesc,"Core resource, that can be harvested in desert and used to make glass, cement, concrete.","Основной ресурс, который можно собрать в пустыне и использовать для производства стекла, цемента, бетона."
2259,resourceFeather,Feather,Перо
2260,resourceFeatherDesc,Feathers are primarily found in bird nests & on chickens. They can be used to craft arrows and crossbow bolts.,Перья в основном встречаются в птичьих гнездах и на курах. Их можно использовать для изготовления стрел и арбалетных болтов.
2261,resourceFemur,Large Bone,Кость
2262,resourceFemurDesc,You can get [decea3]Bone Powder[-] by scrapping it up into bits. [decea3]Bone Powder[-] is used to make [decea3]Glue[-].,"Вы можете получить [decea3]костный порошок[-], измельчив его на кусочки. [decea3]Костный порошок[-] используется для изготовления [decea3]клея[-]."
2263,resourceFishingWeight,Fishing Weights,Рыболовные грузила
2264,resourceFishingWeightDesc,Lead objects can be scrapped into scrap lead in the [decea3]Recycler[-].,Свинец объекты можно Разбирается в Разобрать Свинец в [decea3]Recycler[-].
2265,resourceForgedIron,Iron Plating,Железные пластины
2266,resourceForgedIronDesc,"Crafted by shaping iron ingots to form flat forged iron pieces. Used in crafting, repairing and upgrading a variety of things.","Изготовлен путем формования железных слитков для формирования плоских кованых железных деталей. Используется для изготовления, ремонта и модернизации различных вещей."
2267,resourceForgedSteel,Steel Plating,Стальные пластины
2268,resourceForgedSteelDesc,Crafted by shaping steel ingots to form flat forged steel pieces. Can be used to make some of the strongest items in the game.,Изготовлен путем формования стальных слитков для формирования плоских кусков кованой стали. Может быть использован для изготовления некоторых из самых сильных предметов в игре.
2269,resourceGoldNugget,Gold Nugget,Золотой самородок
2270,resourceGoldNuggetDesc,"It's a shiny, densely packed nugget, could be smelted into an ingot to increase the value.","Это блестящий, плотный самородок, который можно переплавить в слиток, чтобы увеличить его ценность."
2271,resourceGunPowder,Gunpowder,Порох
2272,resourceGunPowderDesc,"Gun powder made from coal, nitrate and sulfur can be used to make your own ammo and explosives.","Порох, изготовленный из угля, нитратов и серы, можно использовать для изготовления собственных боеприпасов и взрывчатых веществ."
2273,resourceLockPick,Lockpick,Отмычка
2274,resourceLockPickDesc,If you have lockpicks in your inventory then you can pick some locks by holding 'E' and selecting the Pick Lock action.\nThey do not need to be equipped on the toolbelt.,"Если в инвентаре есть отмычки, некоторые замки можно взломать, удерживая 'E' и выбрав действие «Взломать замок».\nОтмычки не требуется помещать на панель быстрого доступа."
2275,resourceLegendaryParts,Superior Parts,Детали высшего качества
2276,resourceLegendaryPartsDesc,"Well preserved factory manufactured Superior Parts, that can be used for upgrading items to the highest quality.","хорошо сохранившиеся заводской изготовленные Детали высшего качества, который можно используется для улучшение предметы к высший качество."
2277,resourceMetalPipe,Iron Pipe,Железная труба
2278,resourceMetalPipeDesc,A rather ordinary short iron pipe. Can be used in a variety of recipes.,Довольно обычная короткая железная труба. Может использоваться в различных рецептах.
2279,resourceRadiator,Brass Radiator,Латунный радиатор
2280,resourceRadiatorDesc, ,
2281,resourceRawDiamond,Raw Diamond,Необработанный алмаз
2282,resourceRawDiamondDesc,"If only i found this before the apocalypse started, I wonder if its a blood diamond.","Если бы я только нашел это до начала апокалипсиса, интересно, кровавый ли это алмаз."
2283,resourceRepairKit,Repair Kit,Ремкомплект
2284,resourceRepairKitDesc,Allows repairing tools or weapons made out of [decea3]Iron[-],"Позволяет ремонтировать инструменты или оружие, сделанные из [decea3]железа[-]."
2285,resourceRocketCasing,Rocket Casing,Корпус ракеты
2286,resourceRocketCasingDesc,A rocket casing is used to make ammo for the rocket launcher.,Корпус ракеты используется для изготовления боеприпасов для гранатомёта.
2287,resourceRocketTip,Rocket Fuse,Ракетный взрыватель
2288,resourceRocketTipDesc,A rocket fuse is used to make ammo for the rocket launcher.,Ракетный взрыватель используется для изготовления боеприпасов для гранатомёта.
2289,resourceScrapBrass,Scrap Brass,Лом латуни
2290,resourceScrapBrassDesc,A core resource for forging that can be used to make ammo casings among other things.,"Основной ресурс для ковки, который, помимо прочего, можно использовать для изготовления гильз для боеприпасов."
2291,resourceScrapIron,Scrap Iron,Лом железа
2292,resourceScrapIronDesc,"A core resource for crafting, forging, repairing & upgrading. Next to wood there's nothing more useful.","Основной ресурс для изготовления, ковки, ремонта и модернизации."
2293,resourceScrapLead,Scrap Lead,Лом свинца
2294,resourceScrapLeadDesc,A core resource for forging. Can be used to make bullet tips and more.,Основной ресурс для ковки. Может использоваться для изготовления пуль и многого другого.
2295,resourceScrapPolymers,Scrap Plastic,Пластик
2296,resourceScrapPolymersDesc,"Random bits of scrap plastic, that you can carefully mold into new shapes.","Кусочки пластика, которые вы можете аккуратно отлить в новые формы."
2297,resourceSilverNugget,Silver Nugget,Серебряный самородок
2298,resourceSilverNuggetDesc,"Maybe I should keep this, werewolves in the apocalypse are totally possible right?","Может быть, мне стоит оставить это себе, оборотни в апокалипсисе вполне возможны, верно?"
2299,resourceTrophy1,Brass Trophy,Латунный трофей
2300,resourceTrophy1Desc,It would be more useful if scrapped in the [decea3]Recycler[-].,Более полезен если разобрать на [decea3]лом латуни[-]
2301,resourceTrophy2,Lead Trophy,Свинцовый трофей
2302,resourceTrophy2Desc,Lead objects can be scrapped into scrap lead in the [decea3]Recycler[-].,"Свинцовый трофей, полезней разобрать на [decea3]лом свинца[-]"
2303,resourceWood,Salvaged Old Boards,Доски
2304,resourceWoodDesc,"Some old boards, that don't have much use","Какие-то старые доски, от которых мало толку"
2305,stove,Stove,Плита
2306,toolBeaker,Beaker,Химический стакан
2307,toolBeakerDesc,Required tool for making a chemistry station.,Необходимый инструмент для изготовления химической станции.
2308,toolBellows,Bellows,Кузнечные мехи
2309,toolBellowsDesc,"Helps better manage airflow in the forge, increasing it's crafting speed by [decea3]25%[-]","Помогает лучше управлять воздушным потоком в горне, увеличивая скорость его работы на [decea3]25%[-]."
2310,resourceYuccaFibers,Plant Fibers,Волокно
2311,resourceYuccaFibersDesc,Plant fibers are acquired from destroying grass & small plants. Can be used to craft many things and for planting grass using the secondary action.,Растительные волокна собираются при уничтожении травы и мелких растений. Могут быть использованы для изготовления многих вещей и для посадки травы с помощью вторичного действия.
2312,thrownDynamite,Dynamite,Динамитная шашка
2313,thrownDynamiteDesc,Can be lit with the secondary action & thrown with the primary action. The throwing part is very important.,Может быть зажжен с помощью вторичного действия и брошен с помощью первичного действия. Бросок очень важен.
2314,thrownAmmoPipeBomb,Pipe Bomb,Самодельная бомба
2315,thrownGrenade,Grenade,Граната
2316,thrownGrenadeContact,Contact Grenade,Контактная граната
2317,thrownAmmoMolotovCocktail,Molotov Cocktail,Коктейль Молотова
2318,thrownTimedCharge,Timed Charge,Бомба с таймером
2319,toolAnvil,Anvil,Наковальня
2320,toolAnvilDesc,"Required to make [decea3]Blacksmith's Forge (Tier 2)[-], which will allow shaping more advanced metals.","Требуется для изготовления [decea3]кузницы (уровень 2)[-], которая позволит ковать более сложные металлы."
2321,toolForgeCrucible,Crucible,Тигель
2322,toolForgeCrucibleDesc,"Required to make [decea3]Furnace (Tier 2)[-], which will allow processing of silver, gold, steel and titanium.","Требуется для изготовления [decea3]горна (уровень 2)[-], который позволит обрабатывать серебро, золото, сталь и титан."
2323,questReward4x4PartsBundle,Car Parts,Автозапчасти
2324,questRewardPipePistolBundle,Rusty Revolver,Ржавый револьвер
2325,questRewardPipePistolBundleDesc,Bundle containing a Rusty Revolver and some ammo for it.,Комплект с предметом «Ржавый револьвер» и боеприпасами к нему.
2326,questRewardPipeShotgunBundle,Pipe Shotgun,Трубный дробовик
2327,questRewardPipeShotgunBundleDesc,Bundle containing a Pipe Shotgun and some ammo for it.,Комплект с предметом «Самодельный дробовик» и боеприпасами к нему.
2328,questRewardPipeRifleBundle,Pipe Rifle,Трубное ружье
2329,questRewardPipeRifleBundleDesc,Bundle containing a Pipe Rifle and some ammo for it.,Комплект с предметом «Самодельная винтовка» и боеприпасами к нему.
2330,questRewardPipeMachineGunBundle,Pipe Machine Gun,Трубный автомат
2331,questRewardPipeMachineGunBundleDesc,Bundle containing a Pipe Machine Gun and some ammo for it.,Комплект с предметом «Самодельный автомат» и боеприпасами к нему.
2332,questRewardPipeBatonBundle,Pipe Baton,Дубинка из трубы
2333,questRewardPipeBatonBundleDesc,"Bundle containing a Pipe Baton, a Repair Kit and some First Aid Bandages.","Комплект с самодельной дубинкой, ремонтным комплектом и медицинскими бинтами."
2334,questRewardSteelKnuckleCraftingBundle,Steel Knuckle Crafting,Изготовление: стальные кастеты
2335,questRewardSteelKnuckleCraftingBundleDesc,Bundle containing some components for crafting Steel Knuckles.,Комплект с компонентами для изготовления стальных кастетов.
2336,questRewardMacheteCraftingBundle,Machete Crafting,Изготовление: мачете
2337,questRewardMacheteCraftingBundleDesc,Bundle containing some components for crafting a Steel Machete.,Комплект с компонентами для изготовления стального мачете.
2338,questRewardSteelClubCraftingBundle,Steel Club Crafting,Изготовление: Стальная дубина
2339,questRewardSteelClubCraftingBundleDesc,Bundle containing some components for crafting a Steel Club.,Комплект с компонентами для изготовления стальной дубины.
2340,questRewardSteelSledgehammerCraftingBundle,Steel Sledge Crafting,Изготовление: Стальная кувалда
2341,questRewardSteelSledgehammerCraftingBundleDesc,Bundle containing some components for crafting a Steel Sledgehammer.,Комплект с компонентами для изготовления стальной кувалды.
2342,questRewardBowCraftingBundle,Wooden Bow Crafting,Изготовление: Деревянный лук
2343,questRewardBowCraftingBundleDesc,Bundle containing some components for crafting a Wooden Bow along with some ammo for it.,Комплект с компонентами для изготовления деревянного лука и боеприпасами к нему.
2344,questRewardSteelSpearCraftingBundle,Steel Spear Crafting,Изготовление: Стальное копьё
2345,questRewardSteelSpearCraftingBundleDesc,Bundle containing some components for crafting a Steel Spear.,Комплект с компонентами для изготовления стального копья.
2346,questRewardHandgunCraftingBundle,9mm Pistol Crafting,Изготовление: 9-мм пистолет
2347,questRewardHandgunCraftingBundleDesc,Bundle containing some components for crafting a Bengal M9 9mm Pistol along with some ammo for it.,Комплект с компонентами для изготовления 9-мм пистолета Bengal M9 и боеприпасами к нему.
2348,questRewardShotgunCraftingBundle,Shotgun Crafting,Изготовление: дробовик
2349,questRewardShotgunCraftingBundleDesc,Bundle containing some components for crafting a Shotgun along with some ammo for it.,Комплект с компонентами для изготовления дробовика и боеприпасами к нему.
2350,questRewardRifleCraftingBundle,Rifle Crafting,Изготовление: винтовка
2351,questRewardRifleCraftingBundleDesc,Bundle containing some components for crafting a Rifle along with some ammo for it.,Комплект с компонентами для изготовления винтовки и боеприпасами к ней.
2352,questRewardMachineGunCraftingBundle,Machine Gun Crafting,Изготовление: автомат
2353,questRewardMachineGunCraftingBundleDesc,Bundle containing some components for crafting a Machine Gun along with some ammo for it.,Комплект с компонентами для изготовления пулемёта и боеприпасами к нему.
2354,questRewardRocketLauncherCraftingBundle,Rocket Launcher Crafting,Изготовление: ракетница
2355,questRewardRocketLauncherCraftingBundleDesc,Bundle containing some components for crafting a Rocket Launcher along with some ammo for it.,Комплект с компонентами для изготовления ракетницы и боеприпасами к ней.
2356,questRewardBatonCraftingBundle,Stun Baton Crafting,Изготовление: электродубинка
2357,questRewardBatonCraftingBundleDesc,Bundle containing some components for crafting a Stun Baton.,Комплект с компонентами для изготовления электрошоковой дубинки.
2358,questRewardRoboticsCraftingBundle,Robotics Crafting,Изготовление: робототехника
2359,questRewardRoboticsCraftingBundleDesc,Bundle containing some components for crafting a Portable Turret along with some ammo for it.,Комплект с компонентами для изготовления переносной турели и боеприпасами к ней.
2360,questRewardSteelToolsCraftingBundle,Steel Tools Crafting,Изготовление: стальные инструменты
2361,questRewardSteelToolsCraftingBundleDesc,Bundle containing some components for crafting steel tools.,Комплект с компонентами для изготовления стальных инструментов.
2362,questRewardMotorToolsCraftingBundle,Motor Tools Crafting,Изготовление: моторизированные инструменты
2363,questRewardMotorToolsCraftingBundleDesc,Bundle containing some components for crafting motor tools.,Комплект с компонентами для изготовления моторизированных инструментов.
2364,questRewardLegendarySteelKnuckleCraftingBundle,Superior Knuckle Crafting,Изготовление предмета высшего качества: кастет
2365,questRewardLegendarySteelKnuckleCraftingBundleDesc,Bundle containing some components for crafting Steel Knuckles and [decea3]Superior Parts[-] for item upgrading.,Комплект с компонентами для изготовления стальных кастетов и [decea3]деталями высшего качества[-] для улучшения предмета.
2366,questRewardLegendaryMacheteCraftingBundle,Superior Steel Machete Crafting,Изготовление предмета высшего качества: Стальное мачете
2367,questRewardLegendaryMacheteCraftingBundleDesc,Bundle containing some components for crafting a Steel Machete and [decea3]Superior Parts[-] for item upgrading.,Комплект с компонентами для изготовления стального мачете и [decea3]деталями высшего качества[-] для улучшения предмета.
2368,questRewardLegendarySteelClubCraftingBundle,Superior Steel Club Crafting,Изготовление предмета высшего качества: Стальная дубина
2369,questRewardLegendarySteelClubCraftingBundleDesc,Bundle containing some components for crafting a Steel Club and [decea3]Superior Parts[-] for item upgrading.,Комплект с компонентами для изготовления стальной дубины и [decea3]деталями высшего качества[-] для улучшения предмета.
2370,questRewardLegendarySteelSledgehammerCraftingBundle,Superior Steel Sledge Crafting,Изготовление предмета высшего качества: Стальная кувалда
2371,questRewardLegendarySteelSledgehammerCraftingBundleDesc,Bundle containing some components for crafting a Steel Sledge and [decea3]Superior Parts[-] for item upgrading.,Комплект с компонентами для изготовления стальной кувалды и [decea3]деталями высшего качества[-] для улучшения предмета.
2372,questRewardLegendaryBowCraftingBundle,Superior Bow Crafting,Изготовление предмета высшего качества: лук
2373,questRewardLegendaryBowCraftingBundleDesc,Bundle containing some components for crafting Bows and [decea3]Superior Parts[-] for item upgrading.,Комплект с компонентами для изготовления луков и [decea3]деталями высшего качества[-] для улучшения предмета.
2374,questRewardLegendarySteelSpearCraftingBundle,Superior Steel Spear Crafting,Изготовление предмета высшего качества: Стальное копьё
2375,questRewardLegendarySteelSpearCraftingBundleDesc,Bundle containing some components for crafting a Steel Spear and [decea3]Superior Parts[-] for item upgrading.,Комплект с компонентами для изготовления стального копья и [decea3]деталями высшего качества[-] для улучшения предмета.
2376,questRewardLegendaryHandgunCraftingBundle,Superior 9mm Pistol Crafting,Изготовление предмета высшего качества: 9-мм пистолет
2377,questRewardLegendaryHandgunCraftingBundleDesc,Bundle containing some components for crafting 9mm Pistol and [decea3]Superior Parts[-] for item upgrading.,Комплект с компонентами для изготовления 9-мм пистолета и [decea3]деталями высшего качества[-] для улучшения предмета.
2378,questRewardLegendaryShotgunCraftingBundle,Superior Shotgun Crafting,Изготовление предмета высшего качества: дробовик
2379,questRewardLegendaryShotgunCraftingBundleDesc,Bundle containing some components for crafting a Shotgun and [decea3]Superior Parts[-] for item upgrading.,Комплект с компонентами для изготовления дробовика и [decea3]деталями высшего качества[-] для улучшения предмета.
2380,questRewardLegendaryRifleCraftingBundle,Superior Rifle Crafting,Изготовление предмета высшего качества: винтовка
2381,questRewardLegendaryRifleCraftingBundleDesc,Bundle containing some components for crafting a Rifle and [decea3]Superior Parts[-] for item upgrading.,Комплект с компонентами для изготовления винтовки и [decea3]деталями высшего качества[-] для улучшения предмета.
2382,questRewardLegendaryMachineGunCraftingBundle,Superior Machine Gun Crafting,Изготовление предмета высшего качества: автомат
2383,questRewardLegendaryMachineGunCraftingBundleDesc,Bundle containing some components for crafting a Machine Gun and [decea3]Superior Parts[-] for item upgrading.,Комплект с компонентами для изготовления пулемёта и [decea3]деталями высшего качества[-] для улучшения предмета.
2384,questRewardLegendaryRocketLauncherCraftingBundle,Superior Rocket Launcher Crafting,Изготовление предмета высшего качества: ракетница
2385,questRewardLegendaryRocketLauncherCraftingBundleDesc,Bundle containing some components for crafting a Rocket Launcher and [decea3]Superior Parts[-] for item upgrading.,Комплект с компонентами для изготовления ракетницы и [decea3]деталями высшего качества[-] для улучшения предмета.
2386,questRewardLegendaryBatonCraftingBundle,Superior Stun Baton Crafting,Изготовление предмета высшего качества: электродубинка
2387,questRewardLegendaryBatonCraftingBundleDesc,Bundle containing some components for crafting a Stun Baton and [decea3]Superior Parts[-] for item upgrading.,Комплект с компонентами для изготовления электрошоковой дубинки и [decea3]деталями высшего качества[-] для улучшения предмета.
2388,questRewardLegendaryRoboticsCraftingBundle,Superior Robotics Crafting,Изготовление предмета высшего качества: робототехника
2389,questRewardLegendaryRoboticsCraftingBundleDesc,Bundle containing some components for crafting a Portable Turret and [decea3]Superior Parts[-] for item upgrading.,Комплект с компонентами для изготовления переносной турели и [decea3]деталями высшего качества[-] для улучшения предмета.
2390,questRewardLegendarySteelToolsCraftingBundle,Superior Steel Tools Crafting,Изготовление предмета высшего качества: стальные инструменты
2391,questRewardLegendarySteelToolsCraftingBundleDesc,Bundle containing some components for crafting Steel Tools and [decea3]Superior Parts[-] for item upgrading.,Комплект с компонентами для изготовления стальных инструментов и [decea3]деталями высшего качества[-] для улучшения предмета.
2392,questRewardLegendaryMotorToolsCraftingBundle,Superior Motor Tools Crafting,Изготовление предмета высшего качества: моторизированные инструменты
2393,questRewardLegendaryMotorToolsCraftingBundleDesc,Bundle containing some components for crafting Motor Tools and [decea3]Superior Parts[-] for item upgrading.,Комплект с компонентами для изготовления моторизированных инструментов и [decea3]деталями высшего качества[-] для улучшения предмета.
2394,questRewardT1SkillMagazineBundle,Research Bundle,Комплект исследований
2395,questRewardT1SkillMagazineBundleDesc,Bundle containing a random assortment of Research Data and research books.,Комплект со случайным набором исследовательских данных и книг исследований.
2396,ulmAmmo10mmRoundST,10mm Round,10мм Патроны
2397,ulmAmmo10mmRoundSTDesc,"10mm [decea3]Standard[-] Rounds, commonly used by [decea3]Submachine guns[-].","[decea3]Стандартные[-] патроны калибра 10мм, используются [decea3]пистолетами-пулемётами[-]."
2398,ulmAmmo10mmRoundHP,10mm Round (HP),10мм Патроны «дум-дум»
2399,ulmAmmo10mmRoundHPDesc,"10mm [decea3]Hollow-point[-] Rounds, an alternative ammo for [decea3]Submachine guns[-], that has better penetration and accuracy. Banned in most areas.","[decea3]Экспансивные или «дум-дум»[-] патроны калибра 10мм, альтернативные патроны для [decea3]пистолетов-пулемётов[-] обладает лучшей останавливающей способностью и точностью. Запрещены в большинстве областей"
2400,ulmAmmo10mmRoundAP,10mm Round (AP),10мм Патроны(ББ)
2401,ulmAmmo10mmRoundAPDesc,"10mm [decea3]Armor Piercing[-] Rounds, an alternative ammo for [decea3]Submachine guns[-] with much higher penetrating power compared to standard rounds.","[decea3]Бронебойные[-] патроны калибра 10мм, альтернативные патроны для [decea3]пистолетов-пулемётов[-] с гораздо более высокой проникающей способностью по сравнению со стандартными патронами."
2402,ulmAmmo38CalRoundST,.38 Round,.38 Патроны
2403,ulmAmmo38CalRoundSTDesc,".38 Cal [decea3]Standard[-] Rounds, commonly used by [decea3]Light Handguns[-].","[decea3]Стандартные[-] патроны .38 калибра, используются [decea3]пистолетами[-]."
2404,ulmAmmo38CalRoundHP,.38 Round (HP),.38 Патроны «дум-дум»
2405,ulmAmmo38CalRoundHPDesc,".38 Cal [decea3]Hollow-point[-] Rounds, an alternative ammo for [decea3]Light Handguns[-], that has better penetration and accuracy. Banned in most areas.","[decea3]Экспансивные или «дум-дум»[-] патроны .38 калибра, альтернативные патроны для [decea3]пистолетов[-] обладает лучшей останавливающей способностью и точностью. Запрещены в большинстве областей."
2406,ulmAmmo38CalRoundAP,.38 Round (AP),.38 Патроны(ББ)
2407,ulmAmmo38CalRoundAPDesc,".38 Cal [decea3]Armor Piercing[-] Rounds, an alternative ammo for [decea3]Light Handguns[-] with much higher penetrating power compared to standard rounds.","[decea3]Бронебойные[-] патроны калибра .38 , альтернативные патроны для [decea3]пистолетов[-] с гораздо более высокой проникающей способностью по сравнению со стандартными патронами."
2408,ulmAmmo50CalRoundST,.50 Round,.50 Патроны
2409,ulmAmmo50CalRoundSTDesc,".50 Cal [decea3]Standard[-] Rounds, commonly used by [decea3]Sniper Rifles[-].",".50 Cal [decea3]Стандартный[-] патронов, обычно используется с помощью [decea3]снайперский винтовки[-]."
2410,ulmAmmo50CalRoundHP,.50 Round (HP),.50 Патроны «дум-дум»
2411,ulmAmmo50CalRoundHPDesc,".50 Cal [decea3]Hollow-point[-] Rounds, an alternative ammo for [decea3]Sniper Rifles[-], that has better penetration and accuracy. Banned in most areas.","[decea3]Экспансивные или «дум-дум»[-] патроны калибра .50, альтернативные патроны для [decea3]снайперских винтовок[-] обладает лучшей останавливающей способностью и точностью. Запрещены в большинстве областей."
2412,ulmAmmo50CalRoundAP,.50 Round (AP),.50 Патроны(ББ)
2413,ulmAmmo50CalRoundAPDesc,".50 Cal [decea3]Armor Piercing[-] Rounds, an alternative ammo for [decea3]Sniper Rifles[-] with much higher penetrating power compared to standard rounds.","[decea3]Бронебойные[-] патроны калибра .50, альтернативные патроны для [decea3]снайперских винтовок[-] с гораздо более высокой проникающей способностью по сравнению со стандартными патронами."
2414,ulmAmmo556mmRoundST,5.56mm Round,5.56мм Патроны
2415,ulmAmmo556mmRoundSTDesc,"5.56mm [decea3]Standard[-] Rounds, commonly used by [decea3]Combat Rifles[-].","[decea3]Стандартные[-] патроны калибра 5.56мм, патроны для [decea3]автоматов[-]."
2416,ulmAmmo556mmRoundHP,5.56mm Round (HP),5.56мм Патроны «дум-дум»
2417,ulmAmmo556mmRoundHPDesc,"5.56mm [decea3]Hollow-point[-] Rounds, an alternative ammo for [decea3]Combat Rifles[-], that has better penetration and accuracy. Banned in most areas.","[decea3]Экспансивные или «дум-дум»[-] патроны калибра 5.56мм, альтернативные патроны для [decea3]автоматов[-] обладает лучшей останавливающей способностью и точностью. Запрещены в большинстве областей"
2418,ulmAmmo556mmRoundAP,5.56mm Round (AP),5.56мм Патроны(ББ)
2419,ulmAmmo556mmRoundAPDesc,"5.56mm [decea3]Armor Piercing[-] Rounds, an alternative ammo for [decea3]Combat Rifles[-] with much higher penetrating power compared to standard rounds.","[decea3]Бронебойные[-] патроны калибра 5.56мм, альтернативные патроны для [decea3]автоматов[-] с гораздо более высокой проникающей способностью по сравнению со стандартными патронами."
2420,ulmAmmo792mmRoundST,7.92mm Round,7.92мм Патроны
2421,ulmAmmo792mmRoundSTDesc,"7.92mm [decea3]Standard[-] Rounds, commonly used by [decea3]Sniper Rifles[-].","[decea3]Стандартные[-] патроны калибра 7.92мм, используются [decea3]снайперскими винтовками[-]."
2422,ulmAmmo792mmRoundHP,7.92mm Round (HP),7.92мм Патроны «дум-дум»
2423,ulmAmmo792mmRoundHPDesc,"7.92mm [decea3]Hollow-point[-] Rounds, an alternative ammo for [decea3]Sniper Rifles[-], that has better penetration and accuracy. Banned in most areas.","[decea3]Экспансивные или «дум-дум»[-] патроны калибра 7.92мм, альтернативные патроны для [decea3]снайперских винтовок[-] обладает лучшей останавливающей способностью и точностью. Запрещены в большинстве областей."
2424,ulmAmmo792mmRoundAP,7.92mm Round (AP),7.92мм Патроны(ББ)
2425,ulmAmmo792mmRoundAPDesc,"7.92mm [decea3]Armor Piercing[-] Rounds, an alternative ammo for [decea3]Sniper Rifles[-] with much higher penetrating power compared to standard rounds.",7.92мм [decea3]бронебойные[-] патроны — альтернативные боеприпасы для [decea3]снайперских винтовок[-] со значительно большей пробивной способностью по сравнению со стандартными патронами.
2426,ulmAmmoFuelBiofuel,Biofuel,Биотопливо
2427,ulmAmmoFuelBiofuelDesc,"Portable container, that can contain some biofuel inside.","Портативная ёмкость, внутри которого может находиться биотопливо."
2428,ulmAmmoFuelBarrelEmpty,Empty Fuel Barrel,Пустая топливная бочка
2429,ulmAmmoFuelBarrelEmptyDesc,"Portable container, that can be filled with up to [decea3]60[-] Gasoline either by crafting or interacting with a block containing Gasoline.","Переносная ёмкость, который можно заполнить бензином до [decea3]60[-], создав его в хим. лаборатории или взаимодействуя с блоком, содержащим бензин."
2430,ulmAmmoFuelCanEmpty,Empty Fuel Can,Пустая топливная канистра
2431,ulmAmmoFuelCanEmptyDesc,"Portable container, that can be filled with up to [decea3]20[-] Gasoline either by crafting or interacting with a block containing Gasoline.","Переносная ёмкость, который можно заполнить до [decea3]20[-] бензина, создав его хим. лаборатории или взаимодействуя с блоком, содержащим бензин."
2432,ulmAmmoFuelGasoline,Gasoline,Бензин
2433,ulmAmmoFuelGasolineDesc,"Portable container, that can store up to [decea3]20[-] Gasoline inside.","Переносной контейнер, который может содержать до [decea3]20[-] бензина."
2434,ulmAmmoFuelGasolineBarrel,Gasoline Barrel,Бочка с бензином
2435,ulmAmmoFuelGasolineBarrelDesc,"Portable container, that can store up to [decea3]60[-] Gasoline inside.","Переносной контейнер, который может содержать до [decea3]60[-] бензина."
2436,ulmAmmoFuelJetFuel,Jet Fuel,Авиационное топливо
2437,ulmAmmoFuelJetFuelDesc,"Portable container, that can contain some aviation grade fuel inside.","Портативный контейнер, внутри которого может находиться некоторое количество авиационного топлива."
2438,ulmAmmoGasPropane,Propane Canister,Баллон с пропаном
2439,ulmAmmoGasPropaneDesc,"A sturdy metal canister, that holds highly flammable gas inside.",Прочный металлический баллон с легковоспламеняющимся газом внутри.
2440,ulmAmmoGasEmpty,Empty Gas Canister,Пустой газовый баллон
2441,ulmAmmoGasEmptyDesc,"An empty sturdy metal canister, that can be filled with gas.","Пустой прочный металлический баллон, который можно заполнить газом."
2442,ulmArmor8PCoverHatDesc,"Features eight distinct points (seams) around the crown, that give a more rigid and boxy shape, traditionally worn by Marine Corps or Navy.",Восемь характерных клиньев (швов) вокруг тульи придают этой фуражке более жёсткую угловатую форму. Традиционно такую форму носили морские пехотинцы и моряки.
2443,ulmArmor8PCoverHatBlack,8 Point Cover (Black),Панама 8 Point (чёрная)
2444,ulmArmor8PCoverHatDesert,8 Point Cover (Desert),Панама 8 Point (пустынная)
2445,ulmArmor8PCoverHatGreen,8 Point Cover (Green),Панама 8 Point (зелёная)
2446,ulmArmor8PCoverHatTan,8 Point Cover (Tan),Панама 8 Point (песочная)
2447,ulmArmor8PCoverHatWoodlands,8 Point Cover (Woodlands),Панама 8 Point (лесная)
2448,ulmArmorArmyHelmet1Desc,Most commonly used by the general military units.,Чаще всего используется обычными армейскими подразделениями.
2449,ulmArmorArmyHelmet1Green,Military Helmet (Green),Военный шлем (зелёная)
2450,ulmArmorArmyHelmet1Savanna,Military Helmet (Savanna),Военный шлем (саванна)
2451,ulmArmorArmyHelmet1Urban,Military Helmet (Urban),Военный шлем (городская)
2452,ulmArmorArmyHelmet1Woodlands,Military Helmet (Woodlands),Военный шлем (лесная)
2453,ulmArmorArmyHelmet2Desc,"Most commonly used by the tactical response military units, featuring multiple accessory attachment points.",Чаще всего используется тактическими армейскими подразделениями быстрого реагирования и имеет несколько точек крепления аксессуаров.
2454,ulmArmorArmyHelmet2Black,Tactical Helmet (Black),Тактический шлем (чёрная)
2455,ulmArmorArmyHelmet2Desert,Tactical Helmet (Desert),Тактический шлем (пустынная)
2456,ulmArmorArmyHelmet2Green,Tactical Helmet (Green),Тактический шлем (зелёная)
2457,ulmArmorArmyHelmet2Savanna,Tactical Helmet (Savanna),Тактический шлем (саванна)
2458,ulmArmorArmyHelmet3Desc,Most commonly used by the subdivision military task force breacher units.,Чаще всего используется штурмовыми подразделениями специальных военных групп.
2459,ulmArmorArmyHelmet3Black,Breacher Helmet (Black),Штурмовой шлем (чёрная)
2460,ulmArmorArmyHelmet3Olive,Breacher Helmet (Olive),Штурмовой шлем (оливковая)
2461,ulmArmorArmyHelmet3Sand,Breacher Helmet (Sand),Штурмовой шлем (песочная)
2462,ulmArmorBeanieHat,Warm Beanie,Тёплая вязаная шапка
2463,ulmArmorBeanieHatDesc,Very comfortable and warm Beanie.,Очень удобная и тёплая вязаная шапка.
2464,ulmArmorBoneHelmet,Bone Helmet,Костяной шлем
2465,ulmArmorBoneHelmetDesc,"Offers both protection and a fearsome visage. Worn by raiders and survivors alike, it’s as much a symbol of dominance as it is a shield against the dangers of the world.","Даёт защиту и одновременно внушает страх. Такой шлем носят и рейдеры, и выжившие: это не только защита от опасностей мира, но и символ превосходства."
2466,ulmArmorBandanaBlack,Bandana (Black),Бандана (чёрная)
2467,ulmArmorBandanaBlackDesc,Simple Bandana made from Cloth to cover your head with something.,Простая тканевая бандана для защиты головы.
2468,ulmArmorBandanaGreen,Bandana (Green),Бандана (зелёная)
2469,ulmArmorBandanaGreenDesc,Simple Bandana made from Cloth to cover your head with something.,Простая тканевая бандана для защиты головы.
2470,ulmArmorBandanaOlive,Bandana (Olive),Бандана (оливковая)
2471,ulmArmorBandanaOliveDesc,Simple Bandana made from Cloth to cover your head with something.,Простая тканевая бандана для защиты головы.
2472,ulmArmorHeadbandBlack,Headband (Black),Повязка на голову (чёрная)
2473,ulmArmorHeadbandBlackDesc,Simple Headband made from Cloth to help sweat pouring into your eyes during intense combat.,"Простая тканевая повязка, не позволяющая поту заливать глаза во время напряжённого боя."
2474,ulmArmorHeadbandGreen,Headband (Green),Повязка на голову (зелёная)
2475,ulmArmorHeadbandGreenDesc,Simple Headband made from Cloth to help sweat pouring into your eyes during intense combat.,"Простая тканевая повязка, не позволяющая поту заливать глаза во время напряжённого боя."
2476,ulmArmorHeadbandOlive,Headband (Olive),Повязка на голову (оливковая)
2477,ulmArmorHeadbandOliveDesc,Simple Headband made from Cloth to help sweat pouring into your eyes during intense combat.,"Простая тканевая повязка, не позволяющая поту заливать глаза во время напряжённого боя."
2478,ulmArmorBonnieHatDesc,"This soft, wide-brimmed hat was designed to shield its wearer from sun and rain, making it a favorite among soldiers and outdoorsmen. Lightweight and practical, it remains a reliable choice for long journeys through unforgiving terrain.","Мягкая широкополая шляпа защищает от солнца и дождя, поэтому её часто выбирали солдаты и любители походов. Лёгкая и практичная, она остаётся надёжным выбором для долгих путешествий по суровой местности."
2479,ulmArmorBonnieHatBlack,Bonnie Hat (Black),Армейская панама (чёрная)
2480,ulmArmorBonnieHatCamo,Bonnie Hat (Camo),Армейская панама (камуфляж)
2481,ulmArmorBonnieHatGreen,Bonnie Hat (Green),Армейская панама (зелёная)
2482,ulmArmorBonnieHatTan,Bonnie Hat (Tan),Армейская панама (песочная)
2483,ulmArmorBonnieHatUrban,Bonnie Hat (Urban),Армейская панама (городская)
2484,ulmArmorBrodieHelmetGreen,Old War Helmet (Green),Старый военный шлем (зелёная)
2485,ulmArmorBrodieHelmetGreenDesc,"Designed from forming thick steel in a single pressing and is resistant to projectiles from the top, but offers little protection on the lower head and neck areas.","Изготовлен штамповкой из толстой стали. Хорошо защищает от снарядов сверху, но слабо прикрывает нижнюю часть головы и шею."
2486,ulmArmorBrodieHelmetGray,Old War Helmet (Grey),Старый военный шлем (серая)
2487,ulmArmorBrodieHelmetGrayDesc,"Designed from forming thick steel in a single pressing and is resistant to projectiles from the top, but offers little protection on the lower head and neck areas.","Изготовлен штамповкой из толстой стали. Хорошо защищает от снарядов сверху, но слабо прикрывает нижнюю часть головы и шею."
2488,ulmArmorBrodieHelmetMetal,Old War Helmet (Metal),Старый военный шлем (металлическая)
2489,ulmArmorBrodieHelmetMetalDesc,"Designed from forming thick steel in a single pressing and is resistant to projectiles from the top, but offers little protection on the lower head and neck areas.","Изготовлен штамповкой из толстой стали. Хорошо защищает от снарядов сверху, но слабо прикрывает нижнюю часть головы и шею."
2490,ulmArmorCommanderHat,Commanders Hat,Командирская фуражка
2491,ulmArmorCommanderHatDesc,Military commanders hat that symbolizes leadership and power.,"Фуражка военного командира, символизирующая лидерство и власть."
2492,ulmArmorCowboyHatDesert,Cowboy Hat (Desert),Ковбойская шляпа (пустынная)
2493,ulmArmorCowboyHatDesertDesc,"A wide-brimmed classic once worn by ranchers and drifters, this cowboy hat offers shade from the sun and a rugged touch of old-world style. In the wastes, it’s less about protection and more about the grit and character it represents.","Классическая широкополая ковбойская шляпа, которую когда-то носили владельцы ранчо и бродяги. Защищает от солнца и сохраняет грубоватый стиль старого мира. В пустоши ценится скорее за характер, чем за защиту."
2494,ulmArmorCowboyHatSheriff,Cowboy Hat (Sheriff),Ковбойская шляпа (шерифа)
2495,ulmArmorCowboyHatBrown,Cowboy Hat (Brown),Ковбойская шляпа (коричневая)
2496,ulmArmorEnforcerHatBlack,Enforcer Hat (Black),Фуражка силовика (чёрная)
2497,ulmArmorEnforcerHatBlackDesc,Standard issue law enforcer headwear,Стандартный головной убор сотрудника правоохранительных органов.
2498,ulmArmorEnforcerHatBlue,Enforcer Hat (Blue),Фуражка силовика (синяя)
2499,ulmArmorEnforcerHatBlueDesc,Standard issue law enforcer headwear,Стандартный головной убор сотрудника правоохранительных органов.
2500,ulmArmorFirefighterHelmetRusty,Firefighter Helmet (Rusty),Пожарный шлем (Rusty)
2501,ulmArmorFirefighterHelmetRustyDesc,"Standard issue Navezgane firefighter helmet. It's a bit rusty and has seen better days, but can still offer decent protection.","Стандартный пожарный шлем Навезгана. Немного проржавел и знавал лучшие времена, но всё ещё обеспечивает неплохую защиту."
2502,ulmArmorFirefighterHelmetBlack,Firefighter Helmet (Black),Пожарный шлем (чёрная)
2503,ulmArmorFirefighterHelmetBlackDesc,"Standard issue Navezgane firefighter helmet. It's a bit rusty and has seen better days, but can still offer decent protection.","Стандартный пожарный шлем Навезгана. Немного проржавел и знавал лучшие времена, но всё ещё обеспечивает неплохую защиту."
2504,ulmArmorFirefighterHelmetRed,Firefighter Helmet (Red),Пожарный шлем (красная)
2505,ulmArmorFirefighterHelmetRedDesc,"Standard issue Navezgane firefighter helmet. It's a bit rusty and has seen better days, but can still offer decent protection.","Стандартный пожарный шлем Навезгана. Немного проржавел и знавал лучшие времена, но всё ещё обеспечивает неплохую защиту."
2506,ulmArmorGraduateHat,Graduate Hat,Шапочка выпускника
2507,ulmArmorGraduateHatDesc,In some educational institutions it's a tradition to wear such headwear upon graduation.,В некоторых учебных заведениях такой головной убор по традиции надевают на выпускной.
2508,ulmArmorHardHatYellow,Hard Hat (Yellow),Строительная каска (Yellow)
2509,ulmArmorHardHatYellowDesc,"A sturdy construction helmet, offering decent protection against debris and blunt impacts, making it a practical find in survival situations.","Прочная строительная каска обеспечивает неплохую защиту от обломков и тупых ударов, поэтому остаётся полезной находкой для выживания."
2510,ulmArmorHardHatBlue,Hard Hat (Blue),Строительная каска (синяя)
2511,ulmArmorHardHatBlueDesc,"A sturdy construction helmet, offering decent protection against debris and blunt impacts, making it a practical find in survival situations.","Прочная строительная каска обеспечивает неплохую защиту от обломков и тупых ударов, поэтому остаётся полезной находкой для выживания."
2512,ulmArmorLeatherHelmet,Leather Helmet,Кожаный шлем
2513,ulmArmorLeatherHelmetDesc,"Offers modest protection, but its sturdy hide and reinforced stitching make it a reliable choice for those who can’t afford better gear in the harshness of the wastes.","Даёт умеренную защиту, но прочная кожа и усиленные швы делают этот шлем надёжным выбором для тех, кому в суровой пустоши пока недоступно лучшее снаряжение."
2514,ulmArmorMetalHelmet,Metal Helmet,Металлический шлем
2515,ulmArmorMetalHelmetDesc,"A couple of sheets of scrap metal bent, twisted and molded into something that's resembles a helmet.","Несколько листов металлолома согнули, скрутили и придали им форму чего-то, отдалённо напоминающего шлем."
2516,ulmArmorMotoHelmetDesc,"Built for the open road, this motorcycle helmet features a full-face design offering reliable protection, though its weight can be a burden during long treks.","Этот закрытый мотоциклетный шлем создан для открытой дороги и обеспечивает надёжную защиту, хотя его вес может утомлять в долгих переходах."
2517,ulmArmorMotoHelmetWhite,Moto Helmet (White),Мотошлем (белая)
2518,ulmArmorMotoHelmetWhiteBlack,Moto Helmet (White-Black),Мотошлем (бело-чёрная)
2519,ulmArmorMotoHelmetWhiteBlue,Moto Helmet (White-Blue),Мотошлем (бело-синяя)
2520,ulmArmorMotoHelmetWhiteGreen,Moto Helmet (White-Green),Мотошлем (бело-зелёная)
2521,ulmArmorMotoHelmetWhiteOrange,Moto Helmet (White-Orange),Мотошлем (бело-оранжевая)
2522,ulmArmorMotoHelmetWhitePink,Moto Helmet (White-Pink),Мотошлем (бело-розовая)
2523,ulmArmorMotoHelmetWhitePurple,Moto Helmet (White-Purple),Мотошлем (бело-фиолетовая)
2524,ulmArmorMotoHelmetWhiteRed,Moto Helmet (White-Red),Мотошлем (бело-красная)
2525,ulmArmorMotoHelmetBlack,Moto Helmet (Black),Мотошлем (чёрная)
2526,ulmArmorMotoHelmetBlackBlue,Moto Helmet (Black-Blue),Мотошлем (чёрно-синяя)
2527,ulmArmorMotoHelmetBlackGreen,Moto Helmet (Black-Green),Мотошлем (чёрно-зелёная)
2528,ulmArmorMotoHelmetBlackOrange,Moto Helmet (Black-Orange),Мотошлем (чёрно-оранжевая)
2529,ulmArmorMotoHelmetBlackPink,Moto Helmet (Black-Pink),Мотошлем (чёрно-розовая)
2530,ulmArmorMotoHelmetBlackPurple,Moto Helmet (Black-Purple),Мотошлем (чёрно-фиолетовая)
2531,ulmArmorMotoHelmetBlackRed,Moto Helmet (Black-Red),Мотошлем (чёрно-красная)
2532,ulmArmorMotoHelmetBlackWhite,Moto Helmet (Black-White),Мотошлем (чёрно-белая)
2533,ulmArmorMotoHelmetBlue,Moto Helmet (Blue),Мотошлем (синяя)
2534,ulmArmorMotoHelmetBlueBlack,Moto Helmet (Blue-Black),Мотошлем (сине-чёрная)
2535,ulmArmorMotoHelmetBlueRed,Moto Helmet (Blue-Red),Мотошлем (сине-красная)
2536,ulmArmorMotoHelmetBlueWhite,Moto Helmet (Blue-White),Мотошлем (сине-белая)
2537,ulmArmorMotoHelmetCamoBlack,Moto Helmet (Camo-Black),Мотошлем (камуфляжно-чёрная)
2538,ulmArmorMotoHelmetCamoBlue,Moto Helmet (Camo-Blue),Мотошлем (камуфляжно-синяя)
2539,ulmArmorMotoHelmetCamoRed,Moto Helmet (Camo-Red),Мотошлем (камуфляжно-красная)
2540,ulmArmorMotoHelmetCamoWhite,Moto Helmet (Camo-White),Мотошлем (камуфляжно-белая)
2541,ulmArmorMotoHelmetDigitalBlack,Moto Helmet (Digital-Black),Мотошлем (цифрово-чёрная)
2542,ulmArmorMotoHelmetDigitalBlue,Moto Helmet (Digital-Blue),Мотошлем (цифрово-синяя)
2543,ulmArmorMotoHelmetDigitalRed,Moto Helmet (Digital-Red),Мотошлем (цифрово-красная)
2544,ulmArmorMotoHelmetDigitalWhite,Moto Helmet (Digital-White),Мотошлем (цифрово-белая)
2545,ulmArmorMotoHelmetGold,Moto Helmet (Gold),Мотошлем (золотая)
2546,ulmArmorMotoHelmetRed,Moto Helmet (Red),Мотошлем (красная)
2547,ulmArmorMotoHelmetRedBlack,Moto Helmet (Red-Black),Мотошлем (красно-чёрная)
2548,ulmArmorMotoHelmetRedBlue,Moto Helmet (Red-Blue),Мотошлем (красно-синяя)
2549,ulmArmorMotoHelmetRedWhite,Moto Helmet (Red-White),Мотошлем (красно-белая)
2550,ulmArmorMotoHelmetTan,Moto Helmet (Tan),Мотошлем (песочная)
2551,ulmArmorMotoHelmetTanBlack,Moto Helmet (Tan-Black),Мотошлем (песочно-чёрная)
2552,ulmArmorMotoHelmetTanBlue,Moto Helmet (Tan-Blue),Мотошлем (песочно-синяя)
2553,ulmArmorMotoHelmetTanRed,Moto Helmet (Tan-Red),Мотошлем (песочно-красная)
2554,ulmArmorMotoHelmetTanWhite,Moto Helmet (Tan-White),Мотошлем (песочно-белая)
2555,ulmArmorNewsboyHatDesc,"A touch of vintage charm to even the harshest wasteland attire. Light and comfortable and features a distinctive style, making it a prized find for those clinging to old-world trends.","Добавляет немного винтажного шарма даже самому суровому наряду пустоши. Лёгкая, удобная и узнаваемая кепка — ценная находка для тех, кто всё ещё держится за моду старого мира."
2556,ulmArmorNewsboyHatBeige,Newsboy Hat (Beige),Кепка газетчика (бежевая)
2557,ulmArmorNewsboyHatBlack,Newsboy Hat (Black),Кепка газетчика (чёрная)
2558,ulmArmorNewsboyHatBlueCamo,Newsboy Hat (Blue Camo),Кепка газетчика (синий камуфляж)
2559,ulmArmorNewsboyHatBrownLeather,Newsboy Hat (Brown Leather),Кепка газетчика (коричневая кожа)
2560,ulmArmorNewsboyHatDarkCamo,Newsboy Hat (Dark Camo),Кепка газетчика (тёмный камуфляж)
2561,ulmArmorNewsboyHatDarkGray,Newsboy Hat (Dark Grey),Кепка газетчика (тёмно-серая)
2562,ulmArmorNewsboyHatLightGray,Newsboy Hat (Light Grey),Кепка газетчика (светло-серая)
2563,ulmArmorNewsboyHatMilitaryGreen,Newsboy Hat (Military Green),Кепка газетчика (военно-зелёная)
2564,ulmArmorNewsboyHatRedPlaid,Newsboy Hat (Red Plaid),Кепка газетчика (красная клетка)
2565,ulmArmorNewsboyHatRustLeather,Newsboy Hat (Rust Leather),Кепка газетчика (рыжая кожа)
2566,ulmArmorSafariHat,Safari Hat,Шляпа для сафари
2567,ulmArmorSafariHatDesc,Offers modest protection from the heat.,Даёт умеренную защиту от жары.
2568,ulmArmorStrawConeHat,Straw Cone Hat,Коническая соломенная шляпа
2569,ulmArmorStrawConeHatDesc,"Conically shaped sun hat, that protects wearers head from the sun quite well.",Коническая шляпа от солнца достаточно хорошо защищает голову владельца от солнечных лучей.
2570,ulmArmorStrawHat,Tropical Straw Hat,Тропическая соломенная шляпа
2571,ulmArmorStrawHatDesc,Protects wearers head from the sun reasonably well.,Достаточно хорошо защищает голову владельца от солнца.
2572,ulmArmorSwatHelmet,SWAT Helmet,Шлем SWAT
2573,ulmArmorSwatHelmetDesc,Standard issue special enforcer SWAT unit helmet.,Стандартный шлем специального подразделения SWAT.
2574,ulmArmorWinterHat1,Warm Winter Hat,Тёплая зимняя шапка
2575,ulmArmorWinterHat1Desc,Very well insulated and comfortable winter hat. Perfectly suited for cold environments.,Очень тёплая и удобная зимняя шапка. Отлично подходит для холодного климата.
2576,ulmArmorWinterHat2,Fluffy Winter Hat,Пушистая зимняя шапка
2577,ulmArmorWinterHat2Desc,Very well insulated and comfortable winter hat. Perfectly suited for cold environments.,Очень тёплая и удобная зимняя шапка. Отлично подходит для холодного климата.
2578,ulmArmorWoolHatDesc,Offers decent protection against cold weather.,Даёт неплохую защиту от холода.
2579,ulmArmorWoolHatAloe,Wool Hat (Aloe),Шерстяная шапка (алоэ)
2580,ulmArmorWoolHatBlack,Wool Hat (Black),Шерстяная шапка (чёрная)
2581,ulmArmorWoolHatBlue,Wool Hat (Blue),Шерстяная шапка (синяя)
2582,ulmArmorWoolHatBrown,Wool Hat (Brown),Шерстяная шапка (коричневая)
2583,ulmArmorWoolHatCherry,Wool Hat (Cherry),Шерстяная шапка (вишнёвая)
2584,ulmArmorWoolHatGreen,Wool Hat (Green),Шерстяная шапка (зелёная)
2585,ulmArmorWoolHatGrey,Wool Hat (Grey),Шерстяная шапка (серая)
2586,ulmArmorWoolHatOlive,Wool Hat (Olive),Шерстяная шапка (оливковая)
2587,ulmArmorWoolHatOrange,Wool Hat (Orange),Шерстяная шапка (оранжевая)
2588,ulmArmorWoolHatPink,Wool Hat (Pink),Шерстяная шапка (розовая)
2589,ulmArmorWoolHatPurple,Wool Hat (Purple),Шерстяная шапка (фиолетовая)
2590,ulmArmorWoolHatRed,Wool Hat (Red),Шерстяная шапка (красная)
2591,ulmArmorWoolHatTan,Wool Hat (Tan),Шерстяная шапка (песочная)
2592,ulmArmorWoolHatWhite,Wool Hat (White),Шерстяная шапка (белая)
2593,ulmArmorExperimentalMilitaryHelmet,Prototype Military Helmet,Прототип военного шлема
2594,ulmArmorExperimentalMilitaryHelmetDesc,Experimental Heavy Armor Prototype Helmet with an integrated Air filtration system.,Экспериментальный прототип шлема тяжёлой брони со встроенной системой фильтрации воздуха.
2595,ulmAccessoryAssassinsNecklace,Assassins Necklace,Ожерелье убийцы
2596,ulmAccessoryAssassinsNecklaceDesc,Become hidden faster,Позволяет быстрее скрываться
2597,ulmAccessoryDukesLuckyNecklace,Duke's Lucky Necklace,Счастливое ожерелье Дюка
2598,ulmAccessoryDukesLuckyNecklaceDesc,Makes bartering easier and offers better deals from traders when buying or selling items.,Облегчает торговлю и позволяет получать более выгодные цены у торговцев при покупке и продаже предметов.
2599,ulmAccessoryForestersNecklace,Lucky Acorn Necklace,Ожерелье со счастливым жёлудем
2600,ulmAccessoryForestersNecklaceDesc,Increases amount of resources gathered from trees.,"Увеличивает количество ресурсов, добываемых из деревьев."
2601,ulmAccessoryFortitudeNecklace,Necklace of Fortitude,Ожерелье стойкости
2602,ulmAccessoryFortitudeNecklaceDesc,The shape of the pendant inexplicably increases wearers Fortitude.,Форма кулона необъяснимым образом повышает Стойкость владельца.
2603,ulmAccessoryIntellectNecklace,Intellect Necklace,Ожерелье интеллекта
2604,ulmAccessoryIntellectNecklaceDesc,"While worn, the wearer appears to be smarter due to unexplained increase in Intellect.",При ношении владелец кажется умнее благодаря необъяснимому повышению Интеллекта.
2605,ulmAccessoryEllianniasNecklace,Elliannia's Locket,Медальон Эллианнии
2606,ulmAccessoryEllianniasNecklaceDesc,"A Silver Locket inscribed with 'Jillian, Forever My	 Daughter'.","Серебряный медальон с надписью: 'Jillian, Forever My	 Daughter'."
2607,ulmAccessoryColdResistRing,Ember Ring,Кольцо уголька
2608,ulmAccessoryColdResistRingDesc,Feels oddly warm on the touch. Increases wearers resistance to Cold.,На ощупь оно странно тёплое. Повышает сопротивление владельца холоду.
2609,ulmAccessoryDexterityRing,Ring of Dexterity,Кольцо ловкости
2610,ulmAccessoryDexterityRingDesc,Increases wearers Dexterity.,Повышает Ловкость владельца.
2611,ulmAccessoryForagersRing,Forager's Ring,Кольцо собирателя
2612,ulmAccessoryForagersRingDesc,Increases chances to harvest an additional plant.,Повышает шанс собрать дополнительное растение.
2613,ulmAccessoryHeatResistRing,Chilling Ring,Леденящее кольцо
2614,ulmAccessoryHeatResistRingDesc,Feels oddly cool on the touch. Increases wearers resistance to Heat.,На ощупь оно странно прохладное. Повышает сопротивление владельца жаре.
2615,ulmAccessoryIronRing,Iron Ring,Железное кольцо
2616,ulmAccessoryIronRingDesc,Increases Melee Physical Damage.,Увеличивает физический урон в ближнем бою.
2617,ulmAccessoryMarksmanRing,Marksman's Ring,Кольцо стрелка
2618,ulmAccessoryMarksmanRingDesc,Increases Ranged Physical Damage.,Увеличивает физический урон дальнего боя.
2619,ulmAccessoryPerceptionRing,Ring of Perception,Кольцо восприятия
2620,ulmAccessoryPerceptionRingDesc,Makes the wearer more aware about their surroundings by increasing their Perception.,"Повышает Восприятие владельца, помогая лучше замечать происходящее вокруг."
2621,ulmAccessoryRangersRing,Ranger's Ring,Кольцо рейнджера
2622,ulmAccessoryRangersRingDesc,Reload faster with Revolvers and Sniper Rifles,Ускоряет перезарядку револьверов и снайперских винтовок
2623,ulmAccessorySkullRing,Skull Ring,Кольцо с черепом
2624,ulmAccessorySkullRingDesc,Increased damage to undead targets.,Дополнительный урон по зомби.
2625,ulmAccessoryStrengthRing,Ring of Strength,Кольцо силы
2626,ulmAccessoryStrengthRingDesc,"Wearer of this ring can find themselves with an elevated sense of Strength. Could be a placebo effect or unexplained phenomenon, no one is actually sure how it works.","Владелец этого кольца ощущает прилив Силы. Плацебо это или необъяснимое явление — никто точно не знает, как оно работает."
2627,ulmAccessoryIronScaleRing,Iron Scale Ring,Кольцо железной чешуи
2628,ulmAccessoryIronScaleRingDesc,Increases Physical Damage Resist.,Повышает сопротивление физическому урону.
2629,ulmAccessoryCommandoHeadset,Commando Headset,Гарнитура коммандос
2630,ulmArmorHelmetCandle,Head Candle,Свеча на головной убор
2631,ulmArmorHelmetCandleDesc,Provides small amount of light.,Даёт небольшое количество света.
2632,ulmArmorHelmetLight,Head Light,Налобный фонарь
2633,ulmArmorHelmetLightDesc,Provides a directional light beam.,Создаёт направленный луч света.
2634,ulmArmorNightVision,Night Vision Goggles,Очки ночного видения
2635,ulmArmorNightVisionDesc,These night vision goggles provide a little face protection and when activated allow you to see better in the dark.,Эти очки ночного видения обеспечивают небольшую защиту лица и при включении позволяют лучше видеть в темноте.
2636,ulmBackpackActive1,Active Backpack (Black),Рюкзак «Актив» (чёрный)
2637,ulmBackpackActive2,Active Backpack (Red),Рюкзак «Актив» (красный)
2638,ulmBackpackBastion1,Bastion Backpack (Dune),Рюкзак «Бастион» (дюна)
2639,ulmBackpackBastion2,Bastion Backpack (Black),Рюкзак «Бастион» (чёрный)
2640,ulmBackpackCamper1,Camper Backpack (Grey),Рюкзак туриста (серый)
2641,ulmBackpackCamper2,Camper Backpack (Hazel),Рюкзак туриста (ореховый)
2642,ulmBackpackHaven1,Haven Backpack (Grey),Рюкзак «Убежище» (серый)
2643,ulmBackpackHaven2,Haven Backpack (Orange),Рюкзак «Убежище» (оранжевый)
2644,ulmBackpackJogger1,Jogger Backpack (Purple),Рюкзак бегуна (фиолетовый)
2645,ulmBackpackJogger2,Jogger Backpack (Blue),Рюкзак бегуна (синий)
2646,ulmBackpackLink1,Link Backpack (Grey),Рюкзак «Связь» (серый)
2647,ulmBackpackLink2,Link Backpack (Red),Рюкзак «Связь» (красный)
2648,ulmBackpackTactical1,Tactical Backpack (Grey),Тактический рюкзак (серый)
2649,ulmBackpackTactical2,Tactical Backpack (Tan),Тактический рюкзак (песочный)
2650,ulmBackpackTrail1,Trail Backpack (Grey),Походный рюкзак (серый)
2651,ulmBackpackTrail2,Trail Backpack (Green),Походный рюкзак (зелёный)
2652,ulmBackpackRanger1,Ranger Backpack (Woodlands),Рюкзак рейнджера (лесной)
2653,ulmBackpackRanger2,Ranger Backpack (Jungle),Рюкзак рейнджера (джунгли)
2654,ulmBackpackRanger3,Ranger Backpack (Tundra),Рюкзак рейнджера (тундра)
2655,ulmBackpackScholar1,Scholar Backpack (Sand),Рюкзак учёного (песочный)
2656,ulmBackpackScholar2,Scholar Backpack (Blue),Рюкзак учёного (синий)
2657,ulmBackpackSlingBag1,Sling Bag (Blue),Сумка через плечо (синяя)
2658,ulmBackpackSlingBag2,Sling Bag (Green),Сумка через плечо (зелёная)
2659,ulmBackpackSlingBag3,Sling Bag (Grey),Сумка через плечо (серая)
2660,ulmBackpackSlingBag4,Sling Bag (Yellow),Сумка через плечо (жёлтая)
2661,ulmBackpackUrban1,Urban Backpack (Orange),Городской рюкзак (оранжевый)
2662,ulmBackpackUrban1Desc,Decently spacious Urban Backpack.,Довольно вместительный городской рюкзак.
2663,ulmBackpackUrban2,Urban Backpack (Grey),Городской рюкзак (серый)
2664,ulmBackpackUrban2Desc,Decently spacious Urban Backpack.,Довольно вместительный городской рюкзак.
2665,ulmBackpackRatPack1,Rat Pack (Green),Рюкзак «Крысиная стая» (зелёный)
2666,ulmBackpackRatPack1Desc,"Very spacious, but flimsy form backpack with many pockets.","Очень вместительный, но хлипкий рюкзак с множеством карманов."
2667,ulmBackpackRatPack2,Rat Pack (Black),Рюкзак «Крысиная стая» (чёрный)
2668,ulmBackpackRatPack2Desc,"Very spacious, but flimsy form backpack with many pockets.","Очень вместительный, но хлипкий рюкзак с множеством карманов."
2669,ulmBackpackRatPack3,Rat Pack (Olive),Рюкзак «Крысиная стая» (оливковый)
2670,ulmBackpackRatPack3Desc,"Very spacious, but flimsy form backpack with many pockets.","Очень вместительный, но хлипкий рюкзак с множеством карманов."
2671,ulmBackpackMilitary1,Military Backpack (Green),Военный рюкзак (зелёный)
2672,ulmBackpackMilitary1Desc,Decently spacious Military Backpack.,Довольно вместительный военный рюкзак.
2673,ulmBackpackMilitary2,Military Backpack (Black),Военный рюкзак (чёрный)
2674,ulmBackpackMilitary2Desc,Decently spacious Military Backpack.,Довольно вместительный военный рюкзак.
2675,ulmBackpackMilitary3,Military Backpack (Desert),Военный рюкзак (пустынный)
2676,ulmBackpackMilitary3Desc,Decently spacious Military Backpack.,Довольно вместительный военный рюкзак.
2677,ulmBackpackMilitary4,Military Backpack (Urban),Военный рюкзак (городской)
2678,ulmBackpackMilitary4Desc,Decently spacious Military Backpack.,Довольно вместительный военный рюкзак.
2679,ulmBackpackMiner,Miner Backpack,Рюкзак шахтёра
2680,ulmBackpackPrimitive,Primitive Backpack,Примитивный рюкзак
2681,ulmBackpackScavenger,Scavenger Backpack,Рюкзак мусорщика
2682,ulmBackpackScavengerDesc,It's bigger on the outside.,"Снаружи он кажется больше, чем внутри."
2683,ulmArmorEnforcerBelt,Enforcer Belt,Разгрузочный пояс
2684,ulmArmorEnforcerBeltDesc,Sturdy Enforcer Belt made out of leather. Increases cargo capacity of the wearer.,Прочный кожаный пояс силовика. Увеличивает грузоподъёмность владельца.
2685,ulmArmorFannyPackBelt,Fanny Pack Belt,Пояс с сумкой
2686,ulmArmorFannyPackBeltDesc,Very Spacious Fanny Pack Belt.,Очень вместительный пояс с поясной сумкой.
2687,ulmArmorHideBelt,Hide Belt,Сыромятный пояс
2688,ulmArmorHideBeltDesc,Simple hide belt with a round buckle ring.,Простой пояс из сыромятной кожи с круглой пряжкой-кольцом.
2689,ulmArmorLeatherBeltBlack,Black Leather Belt,Чёрный кожаный пояс
2690,ulmArmorLeatherBeltBlackDesc,Simple leather belt with reinforced strap tail.,Простой кожаный пояс с усиленным концом ремня.
2691,ulmArmorLeatherBeltWorn,Worn Leather Belt,Потёртый кожаный пояс
2692,ulmArmorLeatherBeltWornDesc,"It has seen better days, but still holding itself together quite well and probably will hold your pants up too.","Он знавал лучшие времена, но всё ещё неплохо держится — и ваши штаны, вероятно, тоже удержит."
2693,ulmArmorLeatherBeltStitched,Stitched Leather Belt,Прошитый кожаный пояс
2694,ulmArmorLeatherBeltStitchedDesc,Leather belt with stitching. It appears to be quite sturdy.,Кожаный пояс с прошивкой. Выглядит довольно прочным.
2695,ulmArmorLeatherBeltStitchedBlack,Stitched Black Leather Belt,Прошитый чёрный кожаный пояс
2696,ulmArmorLeatherBeltStitchedBlackDesc,Simple leather belt with reinforced strap tail and stitching. Looks quite durable.,Простой кожаный пояс с усиленным концом ремня и прошивкой. Выглядит весьма прочным.
2697,ulmArmorMechanicsBelt,Mechanics Belt,Пояс механика
2698,ulmArmorMechanicsBeltDesc,Simple belt with a couple of pouches for tools. Increases Salvaging Efficiency.,Простой пояс с несколькими подсумками для инструментов. Повышает эффективность разбора.
2699,ulmArmorMilitaryBelt,Military Belt,Военный пояс
2700,ulmArmorMilitaryBeltDesc,Sturdy military grade belt with a handful of pouches and a pistol holster for military equipment. Improves Ranged Weapon Reload Speed.,Прочный пояс военного образца с несколькими подсумками и кобурой для пистолета. Повышает скорость перезарядки оружия дальнего боя.
2701,ulmEyewearAssassinGoggles,Scavenger Goggles,Очки мусорщика
2702,ulmEyewearAviatorSunglasses,Aviator Sunglasses,Солнцезащитные очки-авиаторы
2703,ulmEyewearAviatorSunglassesDesc,"Initially designed for pilots to protect their eyes while flying. Their unique design, featuring large, teardrop-shaped lenses, ensures that the eyes are covered from every angle, providing optimal protection against sunlight.","Изначально эти очки создавались для пилотов, чтобы защищать глаза во время полёта. Большие каплевидные линзы закрывают глаза со всех сторон и обеспечивают отличную защиту от солнечного света."
2704,ulmEyewearCommandoGlasses,Sleek Glasses,Элегантные очки
2705,ulmEyewearEnforcerGlasses,Stylish Shades,Стильные солнцезащитные очки
2706,ulmEyewearLumberjackGoggles,Aviator Goggles,Очки-авиаторы
2707,ulmEyewearNerdGlasses,Nerdy Glasses,Очки ботаника
2708,ulmEyewearPreacherGlasses,Preacher Glasses,Очки проповедника
2709,ulmEyewearScavengerGoggles,Biker Shades,Солнцезащитные очки байкера
2710,ulmFacewearRespiratorMask,Respirator,Респиратор
2711,ulmFacewearRespiratorMaskDesc,"Light weight Respirator Mask, that provides the user with basic protection against most air born pollutants. Filters don't last that long.","Лёгкая респираторная маска, обеспечивающая базовую защиту от большинства загрязняющих частиц в воздухе. Фильтры служат недолго."
2712,ulmFacewearGP5GasMaskGrey,GP5 Gas Mask (Grey),Противогаз ГП-5 (серый)
2713,ulmFacewearGP5GasMaskGreyDesc,"Full Face Gas Mask, doesn't offer much in terms of physical protection, but will protect the wearer from airborne particle pollutants.","Полнолицевой противогаз почти не защищает от физического урона, зато предохраняет владельца от загрязняющих частиц в воздухе."
2714,ulmFacewearGP5GasMaskBlack,GP5 Gas Mask (Black),Противогаз ГП-5 (чёрный)
2715,ulmFacewearGP5GasMaskBlackDesc,"Full Face Gas Mask, doesn't offer much in terms of physical protection, but will protect the wearer from airborne particle pollutants.","Полнолицевой противогаз почти не защищает от физического урона, зато предохраняет владельца от загрязняющих частиц в воздухе."
2716,ulmFacewearFFLGasMask,FFL Gas Mask,Противогаз FFL
2717,ulmFacewearFFLGasMaskDesc,"Full Face Leather Gas Mask, fitting your face with a tight seal and protecting you from air born particles and pollutants.",Полнолицевой кожаный противогаз плотно прилегает к лицу и защищает от частиц и загрязнений в воздухе.
2718,ulmFacewearFFVGasMask,FFV Respirator,Респиратор FFV
2719,ulmFacewearFFVGasMaskDesc,"Bulky Full Face Visor Respirator, that fits your face with a very tight seal, protecting all of your face and allows you to breath with high quality air born particle and pollutant filtration system.",Громоздкий полнолицевой респиратор с визором и очень плотным прилеганием. Защищает всё лицо и обеспечивает качественную фильтрацию частиц и загрязнений из вдыхаемого воздуха.
2720,ulmFacewearM42WardenGasMask,M-42 Warden Mask,Маска надзирателя M-42
2721,ulmFacewearM42WardenGasMaskDesc,"Infamous for its intimidating visage and rugged reliability. Though most units are now rusted relics, scavengers still prize them for their durable filters and the fear they inspire in those who cross their path.","Печально известна устрашающим обликом и высокой надёжностью. Большинство таких масок превратилось в ржавые реликвии, но мусорщики всё ещё ценят их за прочные фильтры и страх, который они внушают окружающим."
2722,ulmFacewearX90PredatorGasMask,X-90 Predator Mask,Маска «Хищник» X-90
2723,ulmFacewearX90PredatorGasMaskDesc,"Outfitted with advanced optics and reinforced plating, turning its wearers into faceless enforcers of the old world regime. Though production never reached mass deployment, the few surviving units are feared for their eerie green gaze and the brutal reputation of those who once wore them.","Оснащена современной оптикой и усиленными пластинами, превращая владельца в безликого силовика режима старого мира. Массовое производство так и не началось; уцелевшие экземпляры пугают жутким зелёным взглядом и мрачной репутацией тех, кто когда-то их носил."
2724,ulmFacewearCigar,Cigar,Сигара
2725,ulmFacewearCigarDesc,Makes you look more intimidating - get a better deal from traders and increases strength.,"Делает вас более устрашающим — торговцы предлагают более выгодные сделки, а Сила увеличивается."
2726,ulmDrinkBeer,Beer,Пиво
2727,ulmDrinkBeerDesc,[decea3]300%[-] Fist Melee Damage\n[decea3]50%[-] Stamina Gain\nStun immunity.,[decea3]300%[-] Урон кулаком в ближнем бою\n[decea3]50%[-] Увеличение восстановления выносливости\nУстойчивость к оглушению.
2728,ulmDrinkCurePoison,Poison Antidote,Противоядие
2729,ulmDrinkCurePoisonDesc,Slowly cures Poison and slightly reduces its effects.,Медленно лечит яд и немного уменьшает его влияние.
2730,ulmDrinkPlasticBottleBeer,Beer,Пиво
2731,ulmDrinkPlasticBottleBeerDesc,[decea3]300%[-] Fist Melee Damage\n[decea3]50%[-] Stamina Gain\nStun immunity.,[decea3]300%[-] Урон кулаком в ближнем бою\n[decea3]50%[-] Увеличение восстановления выносливости\nУстойчивость к оглушению.
2732,ulmDrinkPlasticBottleCoffee,Coffee,Кофе
2733,ulmDrinkPlasticBottleCoffeeDesc,Coffee keeps your stamina up and helps you stay warm for a limited time.,Кофе поддерживает вашу выносливость и помогает вам согреться.
2734,ulmDrinkPlasticBottleEmpty,Empty Bottle,Пустая бутылка
2735,ulmDrinkPlasticBottleEmptyDesc,"Can be used to transport water.\n[decea3]You cannot gather water from rivers, lakes or swimming pools, it's too toxic to be used for anything.[-]","Можно использовать для переноса воды.\n[decea3]Вы не можете набирать воду из рек, озер или бассейнов, она слишком токсична, чтобы использовать ее для чего-либо.[-]"
2736,ulmDrinkPlasticBottleGoldenRodTea,Goldenrod Tea,Чай из золотарника
2737,ulmDrinkPlasticBottleGoldenRodTeaDesc,Greatly speeds up recovering from dysentery,Значительно ускоряет выздоровление от дизентерии
2738,ulmDrinkPlasticBottleGrainAlcohol,Grain Alcohol,Зерновой спирт
2739,ulmDrinkPlasticBottleGrainAlcoholDesc,"Useful for crafting drugs, brewing and cooking","Полезен для изготовления лекарств, приготовления напитков и пищи"
2740,ulmDrinkPlasticBottleHoney,Honey,Мёд
2741,ulmDrinkPlasticBottleHoneyDesc,"Honey is one of mother nature's miracles. It gives you some energy, tastes great, and can help fight off early stages of infection and pneumonia.\n(Not an instant cure)","Мёд - одно из чудес матери-природы. Он придает вам энергию, приятен на вкус и может помочь в борьбе с ранними стадиями инфекции и пневмонии.\n(Не является мгновенным лекарством)"
2742,ulmDrinkPlasticBottleMineralWater,Mineral Water,Минералка в банке
2743,ulmDrinkPlasticBottleMineralWaterDesc,Pure Mineral Water is good for your digestion and hydrates you for quite a bit. Exertion will not make you hungry and thirsty as quickly.,Чистая минеральная вода полезна для вашего пищеварения и утоляет жажду на довольно продолжительное время. При нагрузках вам не так быстро захочется есть и пить.
2744,ulmDrinkPlasticBottleRedTea,Red Tea,Красный чай
2745,ulmDrinkPlasticBottleRedTeaDesc,"An ancient Chinese secret, red tea is known for being an antioxidant, providing excellent rehydration and reducing food drain so that exertion does not make you hungry and thirsty as quickly.","Древний китайский секрет: красный чай известен как антиоксидант, отлично восполняет запас жидкости и уменьшает расход сытости, поэтому при нагрузке вы не так быстро проголодаетесь и захотите пить."
2746,ulmDrinkPlasticBottleRiverWater,Murky Water,Мутная вода
2747,ulmDrinkPlasticBottleRiverWaterDesc,Not recommended for consumption without purifying.,Не рекомендуется для употребления без очистки.
2748,ulmDrinkPlasticBottleBoiledWater,Fresh Water,Чистая вода
2749,ulmDrinkPlasticBottleBoiledWaterDesc,Will keep you hydrated for a while.,Утоляет жажду
2750,ulmDrinkPlasticBottleYuccaJuice,Yucca Juice,Сок юкки
2751,ulmDrinkPlasticBottleYuccaJuiceDesc,Yucca juice provides excellent hydration.,Сок юкки отлично утоляет жажду.
2752,ulmDrugInhaler,Inhaler,Ингалятор
2753,ulmDrugInhalerDesc,Helps curing Lung Infection by some amount.,Частично помогает вылечить инфекцию лёгких.
2754,ulmDrugRegretex,Regretex,Regretex
2755,ulmDrugRegretexDesc,Grants a passive skill refund point.,Даёт одно очко возврата пассивного навыка.
2756,ulmGunKineticAssaultRifleAKM12,LCR-12,LCR-12
2757,ulmGunKineticAssaultRifleAKM12Desc,"To comply with the military standards of the time, this combat rifle went through several revisions until it was finally approved for mass production.","Чтобы соответствовать военным стандартам того времени, эта боевая винтовка прошла через несколько доработок, пока, наконец, не была допущена к серийному производству."
2758,ulmGunKineticAssaultRifleAug1,UAR-1,AUG-1
2759,ulmGunKineticAssaultRifleAug1Desc,"With relatively small profile, this close quarters universal automatic rifle proved its usefulness over the years, however the design shows its age.","Имея относительно небольшой профиль, эта винтовка для коротких дистанций доказала свою полезность в течение многих лет, однако дизайн слегка устарел."
2760,ulmGunKineticAssaultRifleFamas1,FAR-1,FAR-1
2761,ulmGunKineticAssaultRifleFamas1Desc,"It's short barrel makes it very useful in close quarter combat, however it uses smaller rounds than traditional assault rifles.","Короткий ствол делает его очень полезным в ближнем бою, однако он использует патроны меньшего калибра, чем традиционные штурмовые винтовки."
2762,ulmGunKineticAssaultRifleM4,MR4,MR4
2763,ulmGunKineticAssaultRifleM4Desc,MR4 is the latest model Assault Rifle used by the military. It's design has been proven to be easy to maintain and operate and offers high level of customization with the included mounting points for various attachment.,"MR4 - это новейшая модель штурмовой винтовки, используемая военными. Его конструкция доказала свою простоту в обслуживании и эксплуатации и предлагает высокий уровень кастомизации благодаря входящим в комплект точкам крепления для различных приспособлений."
2764,ulmGunKineticAdjudicator,Adjudicator,Судья
2765,ulmGunKineticAdjudicatorDesc,Designed with high reliability and durability at the cost of increased weight.,Обладает высокой надежностью и долговечностью ценой увеличения веса.
2766,ulmGunKineticMicroSmg,Micro SMG,Микро-ПП(УЗИ)
2767,ulmGunKineticMicroSmgDesc,"Small and very compact Micro SMG close in size to a pistol, but capable of spraying your enemies with bullets at a high rate of fire.","Маленький и очень компактный ПП, по размеру близкий к пистолету, но способный осыпать врагов пулями с высокой скорострельностью."
2768,ulmGunKineticMinigun,Minigun,Миниган
2769,ulmGunKineticMinigunDesc,"Be careful how long you hold the trigger, it loves to consume a lot of ammo.","Будьте осторожны с нажатием курка, патроны расходуются очень быстро."
2770,ulmGunKineticPistolColt,Cobra,Кобра
2771,ulmGunKineticPistolColtDesc,Reliable semi-automatic high caliber classic weapon.,Надежное полуавтоматическое классическое крупнокалиберное оружие.
2772,ulmGunKineticPistolDesertEagle,Desert Mantis,Пустынный богомол
2773,ulmGunKineticPistolDesertEagleDesc,"If you want a semi-automatic self-loading handgun with the largest caliber, then this gun is for you.","Если вам нужен самозарядный полуавтоматический пистолет с самым крупным калибром, то этот пистолет для вас."
2774,ulmGunKineticPistolCondor,Condor,Кондор
2775,ulmGunKineticPistolCondorDesc,High caliber semi-automatic polymer frame pistol.,Крупнокалиберный полуавтоматический пистолет с полимерной рамкой.
2776,ulmGunKineticPistolGlock,Golconda,Голконда
2777,ulmGunKineticPistolGlockDesc,Reliable semi-automatic polymer frame pistol with high capacity clip.,Надежный полуавтоматический пистолет с полимерной рамкой и магазином повышенной емкости.
2778,ulmGunKineticPistolMakarov,Mongrel,Бродяга
2779,ulmGunKineticPistolMakarovDesc,Compact and light low caliber pistol. Good self-defense starter weapon.,Компактный и легкий малокалиберный пистолет. Хорошее начальное оружие для самообороны.
2780,ulmGunKineticPistolFalcon,Falcon,Сокол
2781,ulmGunKineticPistolFalconDesc,Developed as mid range caliber pistol with balanced recoil and handling in mind.,Разработан как пистолет среднего калибра с учетом сбалансированной отдачи и управляемости.
2782,ulmGunKineticPistolScrap1,9mm Scrap Pistol,9-мм пистолет из металлолома
2783,ulmGunKineticPistolScrap1Desc,"Assembled from random parts of junk, surprisingly it doesn't explode on use.",Собран их подножного мусора... Большая удача что он не разлетается при выстреле.
2784,ulmGunKineticPistolScrap2,10mm Scrap Pistol,10-мм пистолет из металлолома
2785,ulmGunKineticPistolScrap2Desc,It's sturdier than it looks even though it's made from a bunch of metal scraps.,"Он прочнее, чем кажется, даже несмотря на то, что сделан из кучи металлических обрезков."
2786,ulmGunKineticR90,R-90,R-90
2787,ulmGunKineticR90Desc,Small and very compact submachine gun with a unique an spacious magazine.,Маленький и очень компактный пистолет-пулемёт с уникальным вместительным магазином.
2788,ulmGunKineticRevolverBugert9mm,Badger-9,Badger-9
2789,ulmGunKineticRevolverBugert9mmDesc,Very compact 9mm caliber revolver. Ideal weapon for concealed carry.,Очень компактный револьвер калибра 9мм. Идеальное оружие для скрытого ношения.
2790,ulmGunKineticRevolverBugert38Cal,Badger-44,Барсук-.44
2791,ulmGunKineticRevolverBugert38CalDesc,Very compact .44 Cal revolver. Ideal weapon for concealed carry.,Очень компактный револьвер .44 калибра. Идеальное оружие для скрытого ношения.
2792,ulmGunKineticRocketLauncherAT4,ATRL-1 Stinger,ATRL-1 Стингер
2793,ulmGunKineticRocketLauncherAT4Desc,Standard military grade portable unguided Rocket Launcher,Стандартная переносная неуправляемая ракетная установка военного класса
2794,ulmGunKineticRocketLauncherM202,INCL-4 Hellfire,INCL-4 Хеллфайр
2795,ulmGunKineticRocketLauncherM202Desc,Portable unguided military grade Rocket Launcher featuring 4 tubes for rapid discharge.,Портативная ракетная установка военного образца с 4 стволами для шквально огня.
2796,ulmGunKineticSMGCricket,Cricket,Сверчок
2797,ulmGunKineticSMGCricketDesc,"Despite its size, this little submachine gun can pack a decent punch.","Несмотря на свои размеры, этот маленький пистолет-пулемёт может нанести достойный удар."
2798,ulmGunKineticSMGMP5,SMP-5,SMP-5
2799,ulmGunKineticSMGMP5Desc,"Small, affordable and compact Light Submachine Gun.","Маленький, доступный и компактный легкий пистолет-пулемёт."
2800,ulmGunKineticShotgunDoubleBarrel,Long Double Barrel,Длинный двуствольный дробовик
2801,ulmGunKineticShotgunDoubleBarrelDesc,"Despite its looks, it's quite durable and packs a punch.","Несмотря на свой внешний вид, он довольно прочный и мощный."
2802,ulmGunKineticShotgunPumpBM4,Vindicator,Мститель
2803,ulmGunKineticShotgunPumpBM4Desc,Military grade advanced alloy shotgun with high durability rating.,Дробовик военного образца с повышенной прочностью.
2804,ulmGunKineticShotgunEnforcer,Enforcer,Правоохранитель
2805,ulmGunKineticShotgunEnforcerDesc,Long-barrel shotgun with pump action loading,Длинноствольное ружье с помповым зарядным механизмом
2806,ulmGunKineticShotgunPeacekeeper,Peacekeeper,Миротворец
2807,ulmGunKineticShotgunPeacekeeperDesc,An instrument of upholding justice and peace by sheer firepower.,Инструмент поддержания справедливости и мира с помощью огневой мощи.
2808,ulmGunKineticShotgunScrap,Scrap Shotgun,Дробовик из хлама
2809,ulmGunKineticShotgunScrapDesc,"Barely holds itself together and even though it supports regular shotgun ammunition, effectiveness is reduced.","Всё еле держится зато использует обычные патроны дробовика, менее эффективен"
2810,ulmGunKineticShotgunSpas,SPS-12,SPS-12
2811,ulmGunKineticShotgunSpasDesc,Combat shotgun designed for military use with adjustable stock.,"Боевое ружье, разработанное для военных целей, с регулируемым прикладом."
2812,ulmGunKineticSniperRifleM1A,Ranger Rifle,Винтовка Рейнджера
2813,ulmGunKineticSniperRifleM1ADesc,"Whilst antiquated and discontinued multiple decades ago, it was in service for a long time due to it's ease of use and reliability.","Несмотря на то, что она устарела и была снята с производства несколько десятилетий назад, она долгое время оставалась в эксплуатации благодаря простоте использования и надежности."
2814,ulmGunKineticSniperRifleM82,HSR-82,HSR-82
2815,ulmGunKineticSniperRifleM82Desc,Large caliber semi-automatic marksman rifle designed to provide precise long-range support.,"Крупнокалиберная самозарядная винтовка, предназначенная для точной стрельбы на дальние дистанции."
2816,ulmGunKineticSniperRifleSRD63,LDR-63,LDR-63
2817,ulmGunKineticSniperRifleSRD63Desc,Semi-automatic marksman rifle designed to provide precise long-range support.,"Крупнокалиберная самозарядная винтовка, предназначенная для точной стрельбы на дальние дистанции."
2818,ulmGunKineticUMP,UMP,УМП
2819,ulmGunKineticUMPDesc,"Small, affordable and compact Light Submachine Gun also known as the successor of LSG-5.","Небольшой, доступный и компактный лёгкий пистолет-пулемёт, также известный как преемник LSG-5."
2820,ulmGunPlasmaPistol,Plasma Pistol,Плазменный пистолет
2821,ulmGunPlasmaPistolDesc,No Description,Без описания
2822,ulmGunPlasmaSubMachineGun,Plasma SMG,Плазменный ПП
2823,ulmGunPlasmaSubMachineGunDesc,Exceptional stopping power at your fingertips!,Исключительная останавливающая сила у вас под рукой!
2824,ulmGunPulseLaserPistolBlack,Pulse Laser Pistol,Импульсно-лазерный пистолет
2825,ulmGunPulseLaserPistolBlackDesc,No Description,Без описания
2826,ulmMeleeAxeCrudeIron,Crude Axe,Грубый топор
2827,ulmMeleeAxeCrudeIronDesc,[decea3]+200%[-] more damage to trees.,[decea3]+200%[-] урона по деревьям.
2828,ulmMeleeAxeScrapIron,Scrap Axe,Топор из лома
2829,ulmMeleeAxeScrapIronDesc,[decea3]+200%[-] more damage to trees. Sharp bits of Scrap Iron cobbled together to form an axe shape. Decent for cutting wood.,"[decea3]+200%[-] урона по деревьям. Острые куски железного лома, собранные вместе, чтобы сформировать форму топора. Пригоден для рубки дерева."
2830,ulmMeleeAxeSpinebiter,Spinebiter Axe,Топор «Хребтокус»
2831,ulmMeleeAxeSpinebiterDesc,[decea3]+200%[-] more damage to trees\n[decea3]+50%[-] more damage to Undead,[decea3]+200%[-] урона по деревьям\n[decea3]+50%[-] урона по нежити
2832,ulmMeleeAxeTitanium,Titanium Axe,Титановый топор
2833,ulmMeleeAxeTitaniumDesc,[decea3]+200%[-] more damage to trees.,[decea3]+200%[-] урона по деревьям.
2834,ulmMeleeBatonPrimitiveBaton,Primitive Baton,Примитивная дубинка
2835,ulmMeleeBatonPrimitiveBatonDesc,"Makeshift Baton made out of some rope, sticks, wood and stone.","Самодельная дубинка из верёвки, палок, дерева и камня."
2836,ulmMeleeBatonScrapBaton,Scrap Baton,Дубинка из металлолома
2837,ulmMeleeBatonScrapBatonDesc,Makeshift Baton made out of junk.,"Самодельная дубинка, собранная из хлама."
2838,ulmMeleeBatonPoliceBaton,Police Baton,Полицейская дубинка
2839,ulmMeleeBatonPoliceBatonDesc,"Standard issue police baton with an iron core, covered with a rubberized plastic outer shell.","Стандартная полицейская дубинка с железным сердечником, покрытым внешней оболочкой из прорезиненного пластика."
2840,ulmMeleeBatonPoliceBatonWithBlade,Modified Police Baton,Модифицированная полицейская дубинка
2841,ulmMeleeBatonPoliceBatonWithBladeDesc,Someone has modified this police baton with additional stopping power.,"Кто-то модифицировал эту полицейскую дубинку, придав ей дополнительную останавливающую силу."
2842,ulmMeleeBatonStunArcFlow,Electric Flow Stun Baton,Электрошоковая дубинка непрерывного разряда
2843,ulmMeleeBatonStunArcFlowDesc,Crowd control Stun Baton with constant Electric Flow.,Электрошоковая дубинка для контроля толпы с постоянным электрическим разрядом.
2844,ulmMeleeBatonStunClub,Stun Club Baton,Полицейская электрошоковая дубинка
2845,ulmMeleeBatonStunClubDesc,A police baton with electric stunner at the tip for crowd control.,Полицейская дубинка с электрическим шокером на конце для контроля толпы.
2846,ulmMeleeBladeChitinSaber,Chitin Saber,Хитиновая сабля
2847,ulmMeleeBladeChitinSaberDesc,A dagger made out of Chitin,Сабля с клинком их хитина
2848,ulmMeleeBladeKnifeBrush,Painter's Indignation,«Возмущение художника»
2849,ulmMeleeBladeKnifeBrushDesc,Repurposed Brush handle with an attached iron blade from a metal dagger.,"Рукоять кисти, переделанная в нож с железным клинком от металлического кинжала."
2850,ulmMeleeBladeFoldingKnife,Pocket Knife,Перочинный нож
2851,ulmMeleeBladeFoldingKnifeDesc,"Small folding pocket knife. Light and easy to carry around, but doesn't do much damage.","Небольшой складной карманный нож. Легкий и удобный для ношения с собой, но не наносит много урона."
2852,ulmMeleeBladeElectro,Electro Blade,Электроклинок
2853,ulmMeleeBladeElectroDesc,"Invention of small and portable power cells allowed creation of this high voltage blade, that can charge up its coils and occasionally deal extra electric shock stun to its targets.","Изобретение небольших и портативных элементов питания позволило создать этот высоковольтный клинок, который может заряжать свои катушки и иногда наносить дополнительный удар электрическим током по своим целям."
2854,ulmMeleeBladeElectroSaber,Electro Saber,Электросабля
2855,ulmMeleeBladeElectroSaberDesc,"Features two large coils, that charge up and once fully charged, can discharge high current pulse stunning targets on impact.","Имеет две большие катушки, которые заряжаются и после полной зарядки могут разряжаться импульсом высокого тока, поражая цели при ударе."
2856,ulmMeleeBladeInferno,Inferno Blade,Огненный меч
2857,ulmMeleeBladeInfernoDesc,Invention of small and portable power cells allowed creation of this heated blade. The built in power source constantly maintains its temperature and needs to be replaced every 25 years.,Изобретение небольших и портативных силовых ячеек позволило создать это нагревающееся покрытие. Встроенный источник питания постоянно поддерживает температуру и требует замены раз в 25 лет.
2858,ulmMeleeBladeKatana,Steel Katana,Стальная Катана
2859,ulmMeleeBladeKatanaDesc,"A specialized curved, single-edged bladed sword with a circular guard and long grip for two handed wield.",Специализированный изогнутый меч с круглой гардой и длинной рукоятью для двуручного хвата.
2860,ulmMeleeBladeKatanaScrapIron,Scrap Katana,Катана из лома
2861,ulmMeleeBladeKatanaScrapIronDesc,"It sort of looks like a Katana, at least it's close enough considering it's a mishmash of some metal scraps.","Она похожа на катану... по крайней мере, достаточно приближенно, учитывая, что это мешанина из каких-то металлических обрезков."
2862,ulmMeleeBladeKatanaTitanium,Titanium Katana,Катана из титана
2863,ulmMeleeBladeKatanaTitaniumDesc,"A specialized curved, single-edged bladed sword with a circular guard and long grip for two handed wield.",Специально изогнутый меч с круглой гардой и длинной рукоятью для двуручного хвата.
2864,ulmMeleeBladeKatanaThermal,Thermal Katana,Огненная катана
2865,ulmMeleeBladeKatanaThermalDesc,"A specialized sword with thermally heated single-edged blade, a minimalistic guard and long grip for two handed wield. The built in power source constantly maintains its temperature and needs to be replaced every 25 years.",Специализированный изогнутый меч с круглой гардой и длинной рукоятью для двуручного хвата. Встроенный источник питания постоянно поддерживает температуру и требует замены раз в 25 лет.
2866,ulmMeleeBladeKnifeCleaverIron,Cleaver,Тесак
2867,ulmMeleeBladeKnifeCleaverIronDesc,Tool often used to split up large pieces of soft bones and thick pieces of meat.,Инструмент часто используется для разделения больших кусков мягких костей и толстых кусков мяса.
2868,ulmMeleeBladeKnifeCleaverRusty,Rusty Cleaver,Ржавый тесак
2869,ulmMeleeBladeKnifeCleaverRustyDesc,It has seen some better days and the blade has some serious corrosion damage.,"Он видел времена получше, и лезвие серьезно повреждено коррозией."
2870,ulmMeleeBladeKnifeCombatIron,Iron Combat Knife,Железный боевой нож
2871,ulmMeleeBladeKnifeCombatIronDesc,Big brother of Hunting Knife used in the military.,"Старший брат охотничьего ножа, используемого в армии."
2872,ulmMeleeBladeKnifeCombatSteel,Steel Combat Knife,Стальной боевой нож
2873,ulmMeleeBladeKnifeCombatSteelDesc,Heavy duty Combat Knife mostly used by the military.,"Сверхпрочный боевой нож, используемый в основном военными."
2874,ulmMeleeBladeKnifeKunai,Iron Knife,Железный нож
2875,ulmMeleeBladeKnifeKunaiDesc,Simple double-edged cast iron knife with grip wrapped around in some cloth.,"Простой обоюдоострый железный нож с рукояткой, обмотанной тканью."
2876,ulmMeleeBladeKnifeScrapIron,Scrap Knife,Нож из лома
2877,ulmMeleeBladeKnifeScrapIronDesc,A sharp piece of scrap metal embellished with some unnecessary junk that doesn't make it any sharper.,"Острый кусок металлолома, украшенный ненужным хламом, который не делает его острее."
2878,ulmMeleeBladeKnifeTitanium,Titanium Knife,Титановый нож
2879,ulmMeleeBladeKnifeTitaniumDesc,"Cut from solid plate of Titanium, most durable and light weight Knife you can get.","Вырезан из цельного листа титана, самый прочный и легкий нож, который вы можете получить."
2880,ulmMeleeBladeMacheteIron,Iron Machete,Железное мачете
2881,ulmMeleeBladeMacheteIronDesc,"A broad and heavy knife, that can be used as a weapon or tool in clearing dense jungle vegetation.","Широкий и тяжелый нож, который можно использовать как оружие или инструмент для расчистки зарослей."
2882,ulmMeleeBladeMacheteSteel,Steel Machete,Стальной мачете
2883,ulmMeleeBladeMacheteSteelDesc,"A broad and heavy knife, that can be used as a weapon or tool in clearing dense jungle vegetation.","Широкий и тяжелый нож, который можно использовать как оружие или инструмент для расчистки зарослей."
2884,ulmMeleeBladeMacheteTitanium,Titanium Machete,Титановое мачете
2885,ulmMeleeBladeMacheteTitaniumDesc,"A broad and heavy knife, that can be used as a weapon or tool in clearing dense jungle vegetation.","Широкий и тяжелый нож, который можно использовать как оружие или инструмент для расчистки зарослей."
2886,ulmMeleeBladeMisshapedJunkBlade,Misshaped Junk Blade,Кривое лезвие
2887,ulmMeleeBladeMisshapedJunkBladeDesc,"A result when you don't know what you are doing, but you manage to create something, that's kind of usable?","Результат, когда вы не знаете, что делаете, но вам удается создать что-то, что вроде бы можно использовать?..."
2888,ulmMeleeBladeSaw,Saw Blade,Меч-пила
2889,ulmMeleeBladeSawDesc,This toothed blade resembles more a saw than a sword.,"Этот зубчатый клинок больше похож на пилу, чем на меч."
2890,ulmMeleeBladeRex,Jonah's Rex Blade,Меч Иона
2891,ulmMeleeBladeRexDesc,"Some claim, that this could be the toothed blade weapon used by the one and only wasteland warrior Jonah the fearless, master of stamina.","Меч с зубчатым лезвием. Некоторые утверждают, что это может быть оружие которым пользовался единственный и неповторимый воин пустошей Ион - бесстрашный, мастер выносливости."
2892,ulmMeleeBladeSwordScrap,Scrap Sword,Меч из лома
2893,ulmMeleeBladeSwordScrapDesc,A sword made out of some scrap metal.,"Меч, сделанный из какого-то металлолома."
2894,ulmMeleeBladeSwordIron,Iron Sword,Железный меч
2895,ulmMeleeBladeSwordIronDesc,Double-edged sword made out of iron with a small handguard and grip for one handed wielding.,Обоюдоострый меч из железа с небольшой гардой и рукояткой для одноручного хвата.
2896,ulmMeleeBladeZweihander,Steel Greatsword,Стальной меч
2897,ulmMeleeBladeZweihanderDesc,Massive double-edged bladed sword with a long grip for two handed wield. Only the most strongest can wield it.,Массивный обоюдоострый клинковый меч с длинной рукоятью для двуручного хвата. Только самые сильные могут владеть им.
2898,ulmMeleeKnucklesJunkKnuckles,Junk Knuckles,Кастеты из хлама
2899,ulmMeleeKnucklesJunkKnucklesDesc,Made out of old door handle and bits of scrap.,Сделаны из старой дверной ручки и обрезков металла.
2900,ulmMeleeKnucklesBrassKnuckles,Brass Knuckles,Латунные кастеты
2901,ulmMeleeKnucklesBrassKnucklesDesc,Basic brass cast knuckles,Литые костяшки из латуни
2902,ulmMeleeKnucklesChitin,Chitin Knuckles,Хитиновые кастеты
2903,ulmMeleeKnucklesChitinDesc,Knuckles made out of Iron and Chitin Scales,Кастеты из железа и хитиновой чешуи
2904,ulmMeleeKnucklesScrapKnuckles,Scrap Knuckles,Кастеты из лома
2905,ulmMeleeKnucklesScrapKnucklesDesc,Knuckles with some sharp household things welded on it to make it more manic looking and deadlier.,"Кастет с приваренными к нему острыми предметами, чтобы придать ему более маньячный вид и сделать его более смертоносным."
2906,ulmMeleeKnucklesTitaniumKnuckles,Titanium Knuckles,Кастеты из титана
2907,ulmMeleeKnucklesTitaniumKnucklesDesc,Knuckles made out of one of the most durable metals.,Кастеты изготовлены из одного из самых прочных металлов.
2908,ulmMeleeClubChitin,Chitin Club,Хитиновая дубина
2909,ulmMeleeClubChitinDesc,Mace made out of Chitin,Булава из хитина
2910,ulmMeleeClubIron,Iron Club,Железная дубина
2911,ulmMeleeClubIronDesc,A short metal pipe with a weighted metal head consisting out of random metal junk.,"Короткая металлическая труба с увесистой металлической головкой, состоящая из металлического хлама."
2912,ulmMeleeClubIronMorningStar,Morning Star Mace,Моргенштерн
2913,ulmMeleeClubIronMorningStarDesc,A deadly improvement over a regular mace featuring spiked weighted head instead of a typical blunt head. Will cause bleeding.,Смертоносное усовершенствование обычной булавы с шипованной утяжеленной головкой вместо обычной тупой. Вызывает кровотечение
2914,ulmMeleeClubSteel,Steel Club,Стальная дубина
2915,ulmMeleeClubSteelDesc,More durable than an iron club and does more damage. Good for breaking knees and skulls.,"Более прочная, чем железная дубина, и наносит больше урона. Хорошо подходит для разбивания коленей и черепов."
2916,ulmMeleeClubTableLegMace,Modified Table Leg,Ножка от стола
2917,ulmMeleeClubTableLegMaceDesc,"A Modified Table Leg with some additional enhancements, looks pretty intimidating.",Модифицированная ножка стола с некоторыми дополнительными улучшениями выглядит довольно устрашающе.
2918,ulmMeleeClubTitanium,Titanium Club,Титановая булава
2919,ulmMeleeClubTitaniumDesc,More durable than a steel club and does more damage. Good for breaking knees and skulls.,"Более прочная, чем стальная дубина, и наносит больше повреждений. Хорошо подходит для разбивания орехов, суставов и черепов."
2920,ulmMeleeGreataxeScrapIron,Scrap Greataxe,Секира из лома
2921,ulmMeleeGreataxeScrapIronDesc,[decea3]+200%[-] more damage to trees. Double-headed battle axe with a long shaft. Can be used to cut trees or decapitation.,[decea3]+200%[-] урон деревьям. Двусторонний боевой топор с длинным древком. Может использоваться для рубки деревьев или обезглавливания.
2922,ulmMeleePaddle,Old Paddle,Старое весло
2923,ulmMeleePaddleDesc,An Old Wooden Paddle. Typically used to propel human powered water vehicles by pushing water in a direction opposite of travel. Can also be used as a makeshift weapon.,"Старое деревянное весло. Обычно используется для приведения в движение водных транспортных средств, приводимых в движение человеком, толкая воду в направлении, противоположном движению. Может также использоваться как самодельное оружие."
2924,ulmMeleePolearmBoathook,Boat Hook,Лодочный крюк
2925,ulmMeleePolearmBoathookDesc,"Typically boat hooks have blunt tips with a hook on the side for aiding docking and undocking of fishermen's boats, but this one looks altered to have a needle-shaped pointy tip, good for piercing.","Обычно лодочные крюки имеют тупые кончики с крючком на боку для помощи в причаливании и отчаливании рыбацких лодок, но этот крюк заточен, удобно чтобы делать канапешки из зомби."
2926,ulmMeleePolearmPitchfork,Pitchfork,Вилы
2927,ulmMeleePolearmPitchforkDesc,Often used by farmers to manage hay bales,Часто используется фермерами для уборки тюков сена
2928,ulmMeleePolearmTrident,Trident,Трезубец
2929,ulmMeleePolearmTridentDesc,"A tool used for spear fishing or as a polearm weapon, some say it's the weapon from ancient mythology.","Инструмент, используемый для подводной охоты или в качестве древкового оружия, некоторые говорят, что это оружие из древней мифологии."
2930,ulmMeleeClubBone,Bone Club,Костяная дубинка
2931,ulmMeleeClubBoneDesc,Harvested from remains of a dead creature with handle wrapped around with duct tape for maximum comfort and grip!,"Собрана из останков мертвого существа с ручкой, обмотанной клейкой лентой для максимального удобства и хвата!"
2932,ulmMeleeClubCricketBat,Cricket Bat,Крикетная бита
2933,ulmMeleeClubCricketBatDesc,Consists of a cane handle attached to a flat wood block. Used in one of the sports involving hitting a ball with a hand-held item.,"Состоит из ручки-трости, прикрепленной к плоской деревянной колодке. Используется в одном из видов спорта, связанном с нанесением ударов по мячу ручным предметом."
2934,ulmMeleeClubGolfClub,Golf Club,Клюшка для гольфа
2935,ulmMeleeClubGolfClubDesc,Sports equipment for playing Golf where you strike a ball across a golf course.,"Спортивное оборудование для игры в гольф, когда вы бьете мячом по полю для гольфа."
2936,ulmMeleeClubRollingPin,Rolling Pin,Скалка
2937,ulmMeleeClubRollingPinDesc,"Classical wooden Rolling Pin, a very useful tool in the kitchen in order to flatten out dough. Could be used as a weapon in a pinch.","Классическая деревянная скалка, очень полезный инструмент на кухне для раскатки теста. В случае необходимости может использоваться как оружие."
2938,ulmMeleeClubTennisRacket,Tennis Racket,Теннисная ракетка
2939,ulmMeleeClubTennisRacketDesc,"Sports equipment for Tennis, you strike the ball with the net side of the racket.","Спортивный инвентарь для Тенниса, вы наносите удар по мячу сетчатой стороной ракетки."
2940,ulmMeleeSledgeScrapIron,Scrap Sledge,Молот из лома
2941,ulmMeleeSledgeScrapIronDesc,Random metal junk assembled together to form a heavy metal head with a long handle.,"Металлический хлам, собранный вместе, чтобы сформировать тяжелую металлическую голову с длинной ручкой."
2942,ulmMeleeSledgeTitanium,Titanium Sledge,Титановый молот
2943,ulmMeleeSledgeTitaniumDesc,Prepare for war with the Undead!,Готовьтесь к войне с нежитью!
2944,ulmMeleeSledgeHectorsWrath,Hector's Wrath,Гнев Гектора
2945,ulmMeleeSledgeHectorsWrathDesc,"Origins of this weapon remain unknown and rumors claim, that it holds a mysterious power within itself, unexplainable by modern science, that can be unlocked by the right wielder.","Происхождение этого оружия остается неизвестным, и ходят слухи, что оно содержит в себе таинственную силу, необъяснимую современной наукой, которую может открыть правильный владелец."
2946,ulmMeleeSledgeRocket,MS-03 Prototype Hammer,MS-03 Молоток
2947,ulmMeleeSledgeRocketDesc,"Prototype Sledgehammer MS-03 aka The Hammer is a result in attempt of creating a mechanically enhanced sledgehammer, that significantly increases the impact force.","Прототип кувалды MS-03, он же Молоток, является результатом попытки создания механически усовершенствованной кувалды, которая значительно увеличивает силу удара."
2948,ulmMeleeSpearChitin,Chitin Spear,Хитиновое копьё
2949,ulmMeleeSpearChitinDesc,Weapon of war with a long handle and a Chitin head,Боевое оружие с длинной рукоятью и хитиновым наконечником
2950,ulmMeleeSpearIron,Worn Iron Spear,Изношенное железное копьё
2951,ulmMeleeSpearIronDesc,"Very sharp edged, but Worn Iron Spear, still can come in handy.","Очень острое, но изношенное железное копьё, все еще может быть полезным."
2952,ulmMeleeSpearScrapIron,Scrap Spear,Копьё из лома
2953,ulmMeleeSpearScrapIronDesc,A spear made out of some junk metal.,"Копьё, сделанное из какого-то хлама."
2954,ulmMeleeSpearSerpent,Serpent's Spear,Змеиное копьё
2955,ulmMeleeSpearSerpentDesc,"With blade so sharp, it's a weapon to be feared by.","Очень острое лезвие этого оружия, которого стоит опасаться."
2956,ulmMeleeSpearTitanium,Titanium Spear,Титановое копьё
2957,ulmMeleeSpearTitaniumDesc,"Has a good balance between durability, reliability and sharpness.","Обладает хорошим балансом между прочностью, надежностью и заточкой."
2958,ulmMeleeSpearWood,Wooden Spear,Деревянное копьё
2959,ulmMeleeSpearWoodDesc,"The most basic spears of all, just a sharpened long stick.","Самые простые копья из всех, просто заостренная длинная палка."
2960,ulmMeleeTwoHandedPipe,Long Pipe,Длинная труба
2961,ulmMeleeTwoHandedPipeDesc,"A long pipe with an L piece screwed on top of it, simple, yet decently effective makeshift weapon.","Длинная труба с прикрученной к ней L-образной деталью - простое, но достаточно эффективное самодельное оружие."
2962,ulmModArmorBackpackBasic,Backpack,Рюкзак
2963,ulmModArmorBackpackBasicDesc,Expands inventory capacity when installed in Outfit Armor.,Увеличивает вместимость инвентаря при установке в броню корпуса.
2964,ulmModArmorBroadcastRadio,Broadcast Radio,Широковещательное радио
2965,ulmModArmorBroadcastRadioDesc,Extends the effective range of storage broadcasting for crafting.,Увеличивает эффективный радиус трансляции хранилищ для изготовления предметов.
2966,ulmModArmorCoolingMesh,Cooling Mesh,Вентиляционная сетка
2967,ulmModArmorCoolingMeshDesc,This armor modification adds insulation against harsh hot weather.,Эта модификация брони повышает теплоизоляцию и защищает от сильной жары.
2968,ulmModArmorInsulatedLiner,Insulated Liner,Утепленная подкладка
2969,ulmModArmorInsulatedLinerDesc,This armor mod gives you insulation from the cold.,Эта модификация брони повышает теплоизоляцию и защищает от холода.
2970,ulmModArmorEnforcerPistolHolster,Chest Pistol Holster,Нагрудная кобура для пистолета
2971,ulmModArmorEnforcerPistolHolsterDesc,Sturdy Pistol Holster. Improves Pistol reload speed.,Прочная кобура для пистолета. Повышает скорость перезарядки пистолетов.
2972,ulmModArmorEnforcerVest,Enforcer Vest,Жилет силовика
2973,ulmModArmorEnforcerVestDesc,Sturdy Enforcer Vest with spacious pockets. Slightly reduces mobility of the wearer.,Прочный жилет силовика с вместительными карманами. Слегка снижает подвижность владельца.
2974,modArmorInsulatedLiner,Insulated Liner,Утепленная подкладка
2975,modArmorInsulatedLinerDesc,This armor mod gives you insulation from the cold.,этот броня модификация даёт вы изоляция из холод.
2976,ulmModArmorHelmetGasMaskT1,Basic Gas Mask,Базовый противогаз
2977,ulmModArmorHelmetGasMaskT1Desc,"Standard Issue Gas Mask, protects you from most air born pollutants.","Стандартный противогаз. Защищает от большинства загрязнений, переносимых по воздуху."
2978,ulmModArmorHelmetGasMaskT2,Face Shield Gas Mask,Противогаз с лицевым щитком
2979,ulmModArmorHelmetGasMaskT2Desc,"Plastic full face shield Gas Mask, protects you from most air born pollutants.","Противогаз с полноразмерным пластиковым лицевым щитком. Защищает от большинства загрязнений, переносимых по воздуху."
2980,ulmModArmorHelmetGasMaskT3,Hardened Gas Mask,Усиленный противогаз
2981,ulmModArmorHelmetGasMaskT3Desc,"Hardened Composite Material Gas Mask, protects you from most air born pollutants.","Противогаз из усиленных композитных материалов. Защищает от большинства загрязнений, переносимых по воздуху."
2982,ulmModArmorHelmetGasMaskT4,Reinforced Gas Mask,Бронированный противогаз
2983,ulmModArmorHelmetGasMaskT4Desc,"Armored Gas Mask with reinforced frame to give some physical resistance, protects you from most air born pollutants.","Бронированный противогаз с усиленной рамой обеспечивает некоторую физическую защиту и защищает от большинства загрязнений, переносимых по воздуху."
2984,ulmModArmorHelmetGasMaskT5,Advanced Gas Mask,Продвинутый противогаз
2985,ulmModArmorHelmetGasMaskT5Desc,"Experimental Tech Gas Mask, that uses filters with more effectiveness and protects you from most air born pollutants and provides face protection.","Экспериментальный высокотехнологичный противогаз с более эффективными фильтрами. Защищает лицо и от большинства загрязнений, переносимых по воздуху."
2986,ulmModArmorPlatingChitin,Chitin Plating,Хитиновое покрытие
2987,ulmModArmorPlatingChitinDesc,"Armor plating made out of Chitin. Has high resistance against piecing attacks from venomous creatures such as Scorpions, Spiders, Snakes etc.","Броня из хитина. Обладает высокой устойчивостью к колющим атакам ядовитых существ, таких как скорпионы, пауки, змеи и т. д."
2988,ulmModArmorPocketT1,Simple Pocket,Простой карман
2989,ulmModArmorPocketT1Desc,Expands your inventory capacity when added to armor.,Увеличивает вместимость инвентаря при установке на броню.
2990,ulmModArmorPocketT2,Cargo Pocket,Грузовой карман
2991,ulmModArmorPocketT2Desc,Expands your inventory capacity when added to armor.,Увеличивает вместимость инвентаря при установке на броню.
2992,ulmModArmorMaxStamina,Stamina Boost,Запас выносливости
2993,ulmModArmorMaxStaminaDesc,Allows the wearer of the gear it's installed in to have higher endurance levels increasing Max Stamina.,"Увеличивает максимальную выносливость владельца снаряжения, в которое установлена модификация."
2994,ulmModArmorHelmetBarteringAll,Bartering Boost,Выгодная торговля
2995,ulmModArmorHelmetBarteringAllDesc,Improves negotiation ability to strike a better bartering deal for selling or buying items.,Улучшает условия торговли при покупке и продаже предметов.
2996,ulmModArmorHelmetBarteringBuying,Trading Discount,Скидка у торговцев
2997,ulmModArmorHelmetBarteringBuyingDesc,Improves negotiation ability when buying items by receiving discounts on purchased items.,Позволяет получать более выгодные скидки при покупке предметов.
2998,ulmModArmorHelmetBarteringGunsAmmo,Arms Dealer,Торговец оружием
2999,ulmModArmorHelmetBarteringGunsAmmoDesc,"Improves negotiation ability when buying or selling guns, ammo or explosives.","Улучшает условия торговли при покупке и продаже оружия, боеприпасов и взрывчатки."
3000,ulmModArmorHelmetBarteringFitness,Fitness Broker,Торговец припасами
3001,ulmModArmorHelmetBarteringFitnessDesc,"Improves negotiation ability when buying or selling food, drinks or drugs.","Улучшает условия торговли при покупке и продаже еды, напитков и препаратов."
3002,ulmModArmorHelmetCandle,Helmet Candle,Свеча на шлем
3003,ulmModArmorHelmetCandleDesc,Provides small amount of light when worn on a helmet.,Даёт небольшое количество света при установке на шлем.
3004,ulmModArmorHelmetDamageSneak,Sneak Damage Boost,Урон скрытных атак
3005,ulmModArmorHelmetDamageSneakDesc,Deal more damage while sneaking.,"Повышает урон, наносимый в скрытности."
3006,ulmModArmorHelmetExpAll,Exp Boost,Бонус опыта
3007,ulmModArmorHelmetExpAllDesc,Increases experience gain.,Увеличивает получаемый опыт.
3008,ulmModArmorHelmetExpMining,Mining Exp Boost,Опыт за добычу
3009,ulmModArmorHelmetExpMiningDesc,Increases experience gain while mining.,Увеличивает получаемый опыт при добыче ресурсов.
3010,ulmModArmorHelmetExpSalvaging,Salvaging Exp Boost,Опыт за разбор
3011,ulmModArmorHelmetExpSalvagingDesc,Increases experience gain while salvaging.,Увеличивает получаемый опыт при разборе объектов.
3012,ulmModArmorHelmetFoodWaterLoss,Food/Water Loss Inhibitor,Снижение расхода еды/воды
3013,ulmModArmorHelmetFoodWaterLossDesc,Reduces Food and Water use while recovering Stamina.,Снижает расход еды и воды во время восстановления выносливости.
3014,ulmModArmorHelmetHarvestCountMining,Mining Boost,Бонус добычи руды
3015,ulmModArmorHelmetHarvestCountMiningDesc,Increases amount of ore harvested while mining with mining tools.,"Увеличивает количество руды, добываемой шахтёрскими инструментами."
3016,ulmModArmorHelmetHarvestCountWood,Woodcutting Boost,Бонус рубки дерева
3017,ulmModArmorHelmetHarvestCountWoodDesc,Increases amount of wood harvested while cutting down trees.,"Увеличивает количество древесины, получаемой при рубке деревьев."
3018,ulmModArmorHelmetLootStage,Loot Stage Boost,Уровень добычи
3019,ulmModArmorHelmetLootStageDesc,Increases Loot Stage,Повышает уровень добычи
3020,ulmModArmorHelmetLootProbSeeds,More Seeds in Loot,Больше семян в добыче
3021,ulmModArmorHelmetLootProbSeedsDesc,Increases chance of finding seeds in loot.,Повышает шанс найти семена в добыче.
3022,ulmModArmorHelmetResistStun,Stun Resistance,Сопротивление оглушению
3023,ulmModArmorHelmetResistStunDesc,Increases stun resistance.,Повышает сопротивление оглушению.
3024,ulmModArmorOutfitCarryLimit,Carry Limit Boost,Грузоподъёмность
3025,ulmModArmorOutfitCarryLimitDesc,Expands inventory capacity when installed in Outfit Armor.,Увеличивает вместимость инвентаря при установке в броню корпуса.
3026,ulmModArmorOutfitCritHeal,Crit Injury Recovery Boost,Восстановление после критических травм
3027,ulmModArmorOutfitCritHealDesc,Increases critical injury recovery speed.,Повышает скорость восстановления после критических травм.
3028,ulmModArmorOutfitCritHealing,Crit Heal Boost,Лечение критических травм
3029,ulmModArmorOutfitCritHealingDesc,Recovery items work faster when healing critical injuries.,Лечебные предметы быстрее устраняют критические травмы.
3030,ulmModArmorOutfitResistCritDamage,Crit Resistance,Сопротивление критическим травмам
3031,ulmModArmorOutfitResistCritDamageDesc,"Increase resistance to critical injuries such as Infection, Bleeding, Laceration, Fatigue, Sprains, Abrasions or Stuns.","Повышает сопротивление критическим травмам и состояниям: инфекции, кровотечению, рваным ранам, усталости, растяжениям, ссадинам и оглушению."
3032,ulmModArmorOutfitResistPhysicalDamage,Physical Damage Resistance,Сопротивление физическому урону
3033,ulmModArmorOutfitResistPhysicalDamageDesc,Increases Physical Damage Resistance against Undead.\n[decea3] Cannot be used in Heavy Armor.[-],Повышает сопротивление физическому урону от нежити.\n[decea3] Нельзя использовать с тяжёлой бронёй.[-]
3034,ulmModArmorOutfitActionSkillExp,Skill Exp Boost,Опыт практических навыков
3035,ulmModArmorOutfitActionSkillExpDesc,Increases amount of gained action skill experience when performing various actions.,"Увеличивает количество опыта практических навыков, получаемого при выполнении различных действий."
3036,ulmModArmorOutfitActionSkillDoubleChance,Double Skill Exp Chance,Шанс двойного опыта навыков
3037,ulmModArmorOutfitActionSkillDoubleChanceDesc,Adds a chance to gain double the amount of gained action skill experience when performing various actions.,Добавляет шанс получить двойной опыт практического навыка при выполнении различных действий.
3038,ulmModArmorOutfitForager,Forager Boost,Бонус собирателя
3039,ulmModArmorOutfitForagerDesc,Adds chance to harvest an additional wild crop.,Добавляет шанс собрать дополнительное дикорастущее растение.
3040,ulmModArmorOutfitMaxFoodWater,Food/Water Boost,Запас еды/воды
3041,ulmModArmorOutfitMaxFoodWaterDesc,Allows the wearer of the gear it's installed in to have an increases Max Food and Water consumption limit.,"Увеличивает максимальный запас еды и воды владельца снаряжения, в которое установлена модификация."
3042,ulmModArmorOutfitMaxHealth,Health Boost,Запас здоровья
3043,ulmModArmorOutfitMaxHealthDesc,Allows the wearer of the gear it's installed in to have a higher tolerance to sustained injuries by increasing Max Health.,"Увеличивает максимальное здоровье владельца снаряжения, в которое установлена модификация."
3044,ulmModArmorOutfitSneakBoost,Improved Sneaking,Улучшенная скрытность
3045,ulmModArmorOutfitSneakBoostDesc,Increases sneak effectiveness.,Повышает эффективность скрытности.
3046,ulmModArmorOutfitStaminaLossMining,Mining Tool Stamina Use,Расход выносливости шахтёрскими инструментами
3047,ulmModArmorOutfitStaminaLossMiningDesc,Use less stamina with mining tools.,Снижает расход выносливости шахтёрскими инструментами.
3048,ulmModArmorGlovesAttackSpeedBlades,Blade Attack Speed,Скорость атак клинками
3049,ulmModArmorGlovesAttackSpeedBladesDesc,Increases attack speed with blades.,Повышает скорость атак клинковым оружием.
3050,ulmModArmorGlovesAttackSpeedArchery,Archery Damage Boost,Урон луков и арбалетов
3051,ulmModArmorGlovesAttackSpeedArcheryDesc,Increases attack speed with bows and crossbows.,Повышает скорость атак луками и арбалетами.
3052,ulmModArmorGlovesDamageArchery,Archery Damage Boost,Урон луков и арбалетов
3053,ulmModArmorGlovesDamageArcheryDesc,Increases bow and crossbow entity damage.,Повышает урон луков и арбалетов по существам.
3054,ulmModArmorGlovesDamageAxes,Axe Damage Boost,Урон топоров
3055,ulmModArmorGlovesDamageAxesDesc,Increases axe entity damage.,Повышает урон топоров по существам.
3056,ulmModArmorGlovesDamageBatons,Baton Damage Boost,Урон дубинок
3057,ulmModArmorGlovesDamageBatonsDesc,Increases baton entity damage.,Повышает урон дубинок по существам.
3058,ulmModArmorGlovesDamageBlade,Blade Weapon Damage Boost,Урон клинкового оружия
3059,ulmModArmorGlovesDamageBladeDesc,Increases blade weapon entity damage.,Повышает урон клинкового оружия по существам.
3060,ulmModArmorGlovesDamageBlunt,Blunt Weapon Damage Boost,Урон тупого оружия
3061,ulmModArmorGlovesDamageBluntDesc,Increases blunt weapon entity damage.,Повышает урон тупого оружия по существам.
3062,ulmModArmorGlovesDamageBows,Bow Damage Boost,Урон луков
3063,ulmModArmorGlovesDamageBowsDesc,Increases bow entity damage.,Повышает урон луков по существам.
3064,ulmModArmorGlovesDamageCrossbows,Crossbow Damage Boost,Урон арбалетов
3065,ulmModArmorGlovesDamageCrossbowsDesc,Increases crossbow entity damage.,Повышает урон арбалетов по существам.
3066,ulmModArmorGlovesDamageDigging,Digging Tool Damage Boost,Урон инструментов для копания
3067,ulmModArmorGlovesDamageDiggingDesc,Increases damage of digging tools.,Повышает урон инструментов для копания.
3068,ulmModArmorGlovesDamageGrenades,Grenade Damage Boost,Урон гранат
3069,ulmModArmorGlovesDamageGrenadesDesc,Increases throwable grenade entity damage.,Повышает урон метательных гранат по существам.
3070,ulmModArmorGlovesDamageLaunchers,Launcher Damage Boost,Урон гранатомётов и ракетниц
3071,ulmModArmorGlovesDamageLaunchersDesc,Increases grenade launcher and rocket launcher entity damage.,Повышает урон гранатомётов и ракетниц по существам.
3072,ulmModArmorGlovesDamageMachineGuns,Machine Gun Damage Boost,Урон автоматического оружия
3073,ulmModArmorGlovesDamageMachineGunsDesc,Increases assault rifle and machine gun entity damage.,Повышает урон штурмовых винтовок и автоматического оружия по существам.
3074,ulmModArmorGlovesDamageMelee,Melee Weapon Damage Boost,Урон оружия ближнего боя
3075,ulmModArmorGlovesDamageMeleeDesc,Increases all melee weapon entity damage.,Повышает урон всего оружия ближнего боя по существам.
3076,ulmModArmorGlovesDamageMining,Mining Tool Damage Boost,Урон шахтёрских инструментов
3077,ulmModArmorGlovesDamageMiningDesc,Increases damage of mining tools.,Повышает урон шахтёрских инструментов.
3078,ulmModArmorGlovesDamagePistols,Pistol Damage Boost,Урон пистолетов
3079,ulmModArmorGlovesDamagePistolsDesc,Increases all pistol entity damage.,Повышает урон всех пистолетов по существам.
3080,ulmModArmorGlovesDamagePolearm,Polearm Weapon Damage Boost,Урон древкового оружия
3081,ulmModArmorGlovesDamagePolearmDesc,Increases polearm entity damage.,Повышает урон древкового оружия по существам.
3082,ulmModArmorGlovesDamageRadiated,Damage vs Radiated,Урон по радиоактивным врагам
3083,ulmModArmorGlovesDamageRadiatedDesc,Increases damage against radiated enemies.,Повышает урон по радиоактивным врагам.
3084,ulmModArmorGlovesDamageRanged,Ranged Weapon Damage Boost,Урон оружия дальнего боя
3085,ulmModArmorGlovesDamageRangedDesc,Increases all ranged weapon entity damage.,Повышает урон всего оружия дальнего боя по существам.
3086,ulmModArmorGlovesDamageRevolvers,Revolver Damage Boost,Урон револьверов
3087,ulmModArmorGlovesDamageRevolversDesc,Increases revolver entity damage.,Повышает урон револьверов по существам.
3088,ulmModArmorGlovesDamageRifles,Rifle Damage Boost,Урон винтовок
3089,ulmModArmorGlovesDamageRiflesDesc,Increases all rifle entity damage.,Повышает урон всех винтовок по существам.
3090,ulmModArmorGlovesDamageSMG,SMG Damage Boost,Урон пистолетов-пулемётов
3091,ulmModArmorGlovesDamageSMGDesc,Increases submachine gun entity damage.,Повышает урон пистолетов-пулемётов по существам.
3092,ulmModArmorGlovesDamageSniperRifles,Sniper Rifle Damage Boost,Урон снайперских винтовок
3093,ulmModArmorGlovesDamageSniperRiflesDesc,Increases sniper rifle entity damage.,Повышает урон снайперских винтовок по существам.
3094,ulmModArmorGlovesDamageShotguns,Shotgun Damage Boost,Урон дробовиков
3095,ulmModArmorGlovesDamageShotgunsDesc,Increases shotguns entity damage.,Повышает урон дробовиков по существам.
3096,ulmModArmorGlovesDamageUndead,Damage vs Undead,Урон по нежити
3097,ulmModArmorGlovesDamageUndeadDesc,Increases damage against undead enemies.,Повышает урон по нежити.
3098,ulmModArmorGlovesDamageWeapons,Weapon Damage Boost,Урон оружия
3099,ulmModArmorGlovesDamageWeaponsDesc,Increases all weapon entity damage.,Повышает урон всего оружия по существам.
3100,ulmModArmorGlovesHarvestCountSalvage,Salvaging Boost,Эффективность разбора
3101,ulmModArmorGlovesHarvestCountSalvageDesc,Increases amount of resources gained when salvaging using salvaging tools.,"Увеличивает количество ресурсов, получаемых при разборе объектов инструментами разбора."
3102,ulmModArmorGlovesLockpicking,Lockpicking Boost,Взлом замков
3103,ulmModArmorGlovesLockpickingDesc,Increases Lockpicking and decreases wear out of lockpicking tools.,Повышает навык взлома и снижает износ инструментов для взлома.
3104,ulmModArmorBootsCritHealing,Crit Injury Recovery Boost,Восстановление после критических травм
3105,ulmModArmorBootsCritHealingDesc,Increases critical injury recovery speed.,Повышает скорость восстановления после критических травм.
3106,ulmModArmorBootsDamageTakenFall,Reduced Fall Damage,Снижение урона от падения
3107,ulmModArmorBootsDamageTakenFallDesc,Reduces fall damage.,Снижает урон от падения.
3108,ulmModArmorBootsRunSpeed,Run Speed,Скорость бега
3109,ulmModArmorBootsRunSpeedDesc,Increases run speed.,Повышает скорость бега.
3110,ulmModArmorBootsStaminaLossMelee,Melee Weapon Stamina Use,Расход выносливости оружием ближнего боя
3111,ulmModArmorBootsStaminaLossMeleeDesc,Use less stamina with melee weapons.,Снижает расход выносливости оружием ближнего боя.
3112,ulmModArmorBootsStaminaLossSalvage,Salvage Tool Stamina Use,Расход выносливости инструментами разбора
3113,ulmModArmorBootsStaminaLossSalvageDesc,Use less stamina with salvaging tools.,Снижает расход выносливости инструментами разбора.
3114,ulmModArmorBootsStaminaLossRunning,Efficient Sprint Stamina Use,Экономичный спринт
3115,ulmModArmorBootsStaminaLossRunningDesc,Use less stamina while sprinting.,Снижает расход выносливости во время спринта.
3116,ulmModArmorBootsSneakSprintNoise,Hasted Sneak,Быстрая скрытность
3117,ulmModArmorBootsSneakSprintNoiseDesc,Sprinting while sneaking makes less noise.,Спринт в скрытности создаёт меньше шума.
3118,ulmModChainsawChainTitanium,Titanium Chainsaw Chain,Титановая цепь бензопилы
3119,ulmModChainsawChainTitaniumDesc,Increases base damage dealt by chainsaw.,Увеличивает базовый урон бензопилы.
3120,ulmModOffhandFlashlight,Offhand Flashlight Mod,Фонарик в вторую руку
3121,ulmModOffhandFlashlightDesc,Equips this in your left hand. Supported Weapons: [decea3]All Pistols[-],Экипируйте это оружие в левую руку. Поддерживаемое оружие: [decea3]Все пистолеты[-]
3122,ulmModVehicleCargoBag,Vehicle Cargo Extension,Сумка для транспорта
3123,ulmModVehicleCargoBagDesc,[decea3]Vehicle Mod[-]\nExpands inventory capacity when installed in a vehicle.,[decea3]Транспорт модификация[-]\nрасширяет инвентарь вместимость когда установленный в Транспорт.
3124,ulmModVehicleGyrocopterArmor,Scout Armor,Броня «Скаута»
3125,ulmModVehicleGyrocopterArmorDesc,Armor Reinforcement compatible with Scout Gyrocopter. Reduces damage taken when objects hit the front of the vehicle as well as increases damage to objects.,"Усиление брони для гирокоптера «Скаут». Снижает урон от столкновений передней частью транспорта и повышает урон, наносимый объектам."
3126,ulmModVehicleMotorcyclePlow,Wanderer Front Armor,Передняя броня «Бродяги»
3127,ulmModVehicleMotorcyclePlowDesc,[decea3]Motorcycle Mod[-]\nIncreases vehicle ramming damage and resistance to impacts.,[decea3]Модификация мотоцикла[-]\nПовышает таранный урон транспорта и его устойчивость к столкновениям.
3128,ulmModVehicleShockAbsorbers,Vehicle Shock Absorbers,Амортизаторы
3129,ulmModVehicleShockAbsorbersDesc,[decea3]Vehicle Mod[-]\nImproves vehicle suspension allowing for transporting more cargo. Cannot be installed on a bicycle.,"[decea3]Мод транспорта[-]\nМодернизирует подвеску автомобиля, позволяя перевозить больше груза. Нельзя установить на велосипед."
3130,ulmQuestRewardBicyclePartsBundle,Bicycle Parts Bundle,Набор велосипедных запчастей
3131,ulmQuestRewardTruckPartsBundle,Truck Parts Bundle,Набор запчастей для грузовиков
3132,ulmQuestTreasureElliannia,Elliannia's Map,Карта Эллианнии
3133,ulmQuestTreasureEllianniaDesc,"An old key with a small map wrapped around it, that has a spot vaguely marked with a red X mark. Backside of the map says: Elliannia's Stash.","Старый ключ с маленькой картой, обернутой вокруг него, на которой есть место, смутно обозначенное красной меткой X. На обратной стороне карты написано: Тайник Эллианнии."
3134,ulmQuestTutorialStations,Basics of Survival Guide,Основы выживания
3135,ulmQuestTutorialStationsDesc,Scribbled notes detailing what should be the next steps to increase chances of survival in the wasteland.\n\n[decea3]Examining this will trigger a series of missions.[-],"Набросанные заметки, в которых подробно описаны дальнейшие действия для повышения шансов на выживание в пустоши.\n\n[decea3]Изучив это, вы начнете серию миссий.[-]"
3136,ulmResourceAdhesive,Adhesive,Адгезионный клей
3137,ulmResourceAdhesiveDesc,Rubber based Adhesive with exceptional binding properties.,Клей на основе каучука с исключительными связующими свойствами.
3138,ulmResourceAdvancedRepairKit,Advanced Repair Kit,Прод-тый ремкомплект
3139,ulmResourceAdvancedRepairKitDesc,"[decea3]Advanced Repair Kit[-] is used to repair items, vehicles, and other things, that are made mostly out of [decea3]Steel[-]","[decea3]Улучшенный ремонтный комплект[-] используется для ремонта предметов, транспорта и других объектов, изготовленных преимущественно из [decea3]стали[-]."
3140,ulmResourceAluminiumFoil,Aluminium Foil,Алюминиевая фольга
3141,ulmResourceAluminiumFoilDesc,"A thin, flexible sheet of metal, once common in kitchens. From makeshift cooking and insulation, its usefulness far outweighs its fragile form.","Тонкий и гибкий металлический лист, когда-то обычный для любой кухни. Несмотря на хрупкость, он пригодится для самодельной посуды, теплоизоляции и множества других задач."
3142,ulmResourceSuperiorRepairKit,Superior Repair Kit,Улучшенный ремкомплект
3143,ulmResourceSuperiorRepairKitDesc,"Used to repair the most advanced held and worn items, vehicles, and more, that are mostly made out of [decea3]Titanium[-] or [decea3]Titanium Alloys[-]","Используется для ремонта самых сложных и изношенных предметов, транспортных средств и т. д., которые в основном сделаны из [decea3]титана[-] или [decea3]титановых сплавов[-]"
3144,ulmResourceBallBearings,Ball Bearings,Подшипники
3145,ulmResourceBallBearingsDesc,Standard ball bearings. Useful if you want to make two objects rotate between each other with minimum friction.,"Стандартные шариковые подшипники. Полезно, если вы хотите заставить два объекта вращаться между собой с минимальным трением."
3146,ulmResourceBatterySmall,Small Battery,Маленькая батарея
3147,ulmResourceBatterySmallDesc,"Small disposable battery, that's typically used in small portable appliances and gadgets.","Маленькая одноразовая батарейка, которая обычно используется в небольших портативных устройствах и гаджетах."
3148,ulmResourceBark,Bark,Кора
3149,ulmResourceBarkDesc,Outer layer of stems and roots of woody plants.,Наружный слой ствола и корней деревьев.
3150,ulmResourceBeltBuckle,Brass Belt Buckle,Латунная пряжка для ремня
3151,ulmResourceBeltBuckleDesc,Used for fastening together two ends of straps or a belt.,Используется для скрепления двух концов ремней или пояса.
3152,ulmResourceQueenBee,Queen Bee,Королева пчёл
3153,ulmResourceQueenBeeDesc,Can be used to craft an Apiary.,Нужна для создания пасеки.
3154,ulmResourceBenchVice,Bench Vice,Тиски
3155,ulmResourceBenchViceDesc,Required in making a workbench.,Необходимы при изготовлении верстака.
3156,ulmResourceBobbyPin,Bobby Pin,Заколка
3157,ulmResourceBobbyPinDesc,A hairpin usually made out some kind of metal. Helps hold hair in place or can be used as an improvised lockpick.,"Заколка для волос, обычно сделанная из какого-либо металла. Помогает удерживать волосы или может быть использована в качестве импровизированной отмычки."
3158,ulmResourceBonePowder,Bone Powder,Костный порошок
3159,ulmResourceBonePowderDesc,Bone Powder is a primary ingredient for making glue.,Костный порошок является основным ингредиентом для изготовления клея.
3160,ulmResourceBook,Old Book,Старая книга
3161,ulmResourceBookDesc,An old book will get you paper and burns well.,Старая книга даст вам бумагу и хорошо горит.
3162,ulmResourceBookAmmo,Ammunition and Ballistics,Боеприпасы и баллистика
3163,ulmResourceBookAmmoDesc,"Everything you need to know about different kinds of ammunition, their composition and ballistic properties of ammunition projectiles based on their shape, mass and materials used.","Всё, что нужно знать о различных видах боеприпасов, их составе и баллистических свойствах снарядов с учётом формы, массы и используемых материалов."
3164,ulmResourceBookArmor,Body Armor,Бронезащита
3165,ulmResourceBookArmorDesc,Explores science and engineering behind personal multilayer ballistics protection gear.,"Наука и инженерные решения, лежащие в основе многослойных средств индивидуальной баллистической защиты."
3166,ulmResourceBookBattery,Power Storage,Хранение энергии
3167,ulmResourceBookBatteryDesc,Master the art of safely storing excess power for later use.,Научитесь безопасно накапливать избыточную энергию для последующего использования.
3168,ulmResourceBookBerries,Wild Berries,Дикие ягоды
3169,ulmResourceBookBerriesDesc,"A book about juicy, rounded and brightly colored natures delights known as wild berries.","Книга о сочных, округлых и ярких дарах природы, известных как дикие ягоды."
3170,ulmResourceBookChemicals,Chemicals,Химия
3171,ulmResourceBookChemicalsDesc,"Introductory handbook with basic information about chemicals and chemical compounds to help you better understand industrial chemicals, their composition and useful applications.","Вводный справочник с основными сведениями о химических веществах и соединениях, который поможет лучше понять промышленные химикаты, их состав и полезные способы применения."
3172,ulmResourceBookChemistry,Chemistry Handbook,Справочник по химии
3173,ulmResourceBookChemistryDesc,"A handbook about the fundamentals of chemistry - study about elements that make up matter - atoms, molecules and ions and their composition, structure, properties, behavior and the changes they undergo during a reaction with other substances.","Справочник по основам химии — науке об элементах, из которых состоит материя: атомах, молекулах и ионах, их составе, строении, свойствах, поведении и изменениях при реакциях с другими веществами."
3174,ulmResourceBookCrossbows,Future Crossbows,Арбалеты будущего
3175,ulmResourceBookCrossbowsDesc,Explores the potential uses of technology in development of future crossbows.,Рассматривает перспективы применения технологий при разработке арбалетов будущего.
3176,ulmResourceBookDuctTape,Duct Tape,Клейкая лента
3177,ulmResourceBookDuctTapeDesc,A book about Duct Tape and many of its useful applications.,Книга о клейкой ленте и множестве способов её полезного применения.
3178,ulmResourceBookElectricCircuits,Electric Circuits,Электрические цепи
3179,ulmResourceBookElectricCircuitsDesc,"Introduction book to electric circuits - how they work, how they are made and what are their applications.","Введение в электрические цепи: как они работают, из чего состоят и где применяются."
3180,ulmResourceBookEngineering,Mechanical Engineering,Машиностроение
3181,ulmResourceBookEngineeringDesc,Contains the fundamental knowledge about various types of mechanisms and machinery used in modern logistics and production.,"Содержит фундаментальные сведения о различных механизмах и машинах, используемых в современной логистике и производстве."
3182,ulmResourceBookForaging,Foraging Guide,Руководство по собирательству
3183,ulmResourceBookForagingDesc,Guide book about foraging and knowing your way around different types of mushrooms.,"Руководство по собирательству, которое поможет разобраться в различных видах грибов."
3184,ulmResourceBookFuel,Fossil Fuels,Ископаемое топливо
3185,ulmResourceBookFuelDesc,A book about fossil fuels and their importance of a flourishing modern society. Sponsored by Pass -n- Gas. Gases for the masses!,Книга об ископаемом топливе и его значении для процветающего современного общества. При поддержке Pass -n- Gas. Газ — в массы!
3186,ulmResourceBookGasMasks,Gas Masks,Противогазы
3187,ulmResourceBookGasMasksDesc,A book with useful information about ways you can protect yourself during chemical warfare.,Книга с полезными сведениями о способах защиты во время химической войны.
3188,ulmResourceBookGuns,Modern Ballistics,Современная баллистика
3189,ulmResourceBookGunsDesc,Offers historical overview of ballistic weapons and advances in science that will make weapons of science fiction a reality.,"Исторический обзор баллистического оружия и научных достижений, способных превратить оружие из научной фантастики в реальность."
3190,ulmResourceBookHunting,Hunting Guide,Руководство охотника
3191,ulmResourceBookHuntingDesc,A guide book about hunting teaching various tips and tricks in how to become a successful hunter.,"Руководство по охоте с советами и приёмами, которые помогут стать успешным охотником."
3192,ulmResourceBookJackets,Jackets,Куртки
3193,ulmResourceBookJacketsDesc,"A very comprehensive book about jackets, what kind of jackets there are and what you should consider if you want to wear jackets during autumn.","Подробная книга о видах курток и о том, что следует учитывать при выборе одежды для осени."
3194,ulmResourceBookMeat,Red Meat,Красное мясо
3195,ulmResourceBookMeatDesc,"If you want to know everything about meat, how meat consumption can impact our health, history of meat and future of meat.","Всё о мясе: как его употребление влияет на здоровье, история мясных продуктов и их возможное будущее."
3196,ulmResourceBookModernScience,Modern Science,Современная наука
3197,ulmResourceBookModernScienceDesc,"A collection of most recent systematic observations, studies, experiments and discoveries in science.","Сборник новейших систематических наблюдений, исследований, экспериментов и научных открытий."
3198,ulmResourceBookMotors,Electric Motors,Электродвигатели
3199,ulmResourceBookMotorsDesc,"A book about electric motors and their applications, maintenance and troubleshooting.","Книга об электродвигателях, их применении, обслуживании и поиске неисправностей."
3200,ulmResourceBookPlants,Plants,Растения
3201,ulmResourceBookPlantsDesc,"A book exploring useful applications of various plants to increase your mood, well being and health.","Книга о полезных свойствах различных растений и их применении для улучшения настроения, самочувствия и здоровья."
3202,ulmResourceBookRobotics,Robotics,Робототехника
3203,ulmResourceBookRoboticsDesc,"Book containing basic principles of robot creation, programming and artificial intelligence.","Книга с основными принципами создания роботов, программирования и искусственного интеллекта."
3204,ulmResourceBookTools,Tools,Инструменты
3205,ulmResourceBookToolsDesc,The ultimate guide book about tools and techniques on how to effectively use them.,Полное руководство по инструментам и приёмам их эффективного использования.
3206,ulmResourceBookToolbox,Toolbox Essentials,Основы набора инструментов
3207,ulmResourceBookToolboxDesc,A useful guide book outlining what tools should be the most essential ones to be included as part of your toolbox arsenal.,"Полезное руководство о самых необходимых инструментах, которые стоит иметь в своём наборе."
3208,ulmResourceBottleEmpty,Empty Bottle,Пустая бутылка
3209,ulmResourceBottleEmptyDesc,An empty beer bottle. Ideal for making Molotov Cocktails or for brewing your own beer.,Пустая пивная бутылка. Идеально подходит для приготовления коктейлей Молотова или для варки собственного пива.
3210,ulmResourceBowl,Bowl,Миска
3211,ulmResourceBowlDesc,"If you want to make soups/stews, then you are going to need somewhere to pour it in before eating and the bowl is the perfect item for the job.","Если вы хотите готовить супы/тушеные блюда, то вам нужно будет куда-то наливать их перед едой, и миска - идеальный предмет для этого."
3212,ulmResourceBowstring,Bowstring,Тетива
3213,ulmResourceBowstringDesc,"A string, that is used to craft a bow or a crossbow.","Тетива, которая используется для изготовления лука или арбалета."
3214,ulmResourceBranch,Branch,Ветка
3215,ulmResourceBranchDesc,"Used in some crafting recipes. Burns out fast, what would you expect.","Используются в некоторых ремесленных рецептах. Быстро сгорает, чего и следовало ожидать."
3216,ulmResourceBrassValve,Brass Valve,Латунный вентиль
3217,ulmResourceBrassValveDesc,"For residential or commercial air, steam, oil or gas applications.","Применяется в жилых или коммерческих помещениях для управелния потоками воздуха, пара, нефти или газа."
3218,ulmResourceBrick,Clay Brick,Глиняный кирпич
3219,ulmResourceBrickDesc,Can be used in crafting or getting some clay.,Можно использовать для крафта или получения глины.
3220,ulmResourceBicycleRepairKit,Bicycle Repair Kit,Ремонтный набор для велосипеда
3221,ulmResourceBicycleRepairKitDesc,Everything you need to fix up a bicycle.,Все необходимое для ремонта велосипеда.
3222,ulmResourceBicycleWheel,Bicycle Wheel,Колесо велосипеда
3223,ulmResourceBicycleWheelDesc,Standard bicycle wheel,Стандартное велосипедное колесо
3224,ulmResourceCanEmpty,Empty Can,Пустая банка
3225,ulmResourceCanEmptyDesc,"A generic empty food or drink can, could be useful in some crafting.",Обычная пустая банка из-под еды или напитка. Может пригодиться при изготовлении некоторых предметов.
3226,ulmResourceCarRepairKit,Car Repair Kit,Ремонтный набор для автомобиля
3227,ulmResourceCarRepairKitDesc,Contains all the necessary parts to restore a car in working condition.,Содержит все необходимые детали для восстановления автомобиля до рабочего состояния.
3228,ulmResourceCarWheel,Car Wheel,Колесо автомобиля
3229,ulmResourceCarWheelDesc,Generic Car wheel,Обычное колесе автомобиля
3230,ulmResourceCharcoal,Charcoal,Кокс
3231,ulmResourceCharcoalDesc,"Carbon residue produced by strongly heating up wood and vaporizing all water in a process called charcoal burning, usually in a fireplace, wood stove and such. Can be used in medicine, art and most importantly metallurgy as a fuel source.","Углеродный остаток, образующийся при сильном нагревании древесины и испарении всей воды в процессе, в процессе сжигания древесного угля, обычно в камине, дровяной печи и т.п. Может использоваться в медицине, искусстве и, самое главное, в металлургии в качестве источника топлива."
3232,ulmResourceChicken,Chicken,Курица
3233,ulmResourceChickenDesc,Can provide a steady supply of eggs if well maintained in the [decea3]Chicken Coop[-].,Может обеспечить яйцами при хорошем содержании в [decea3]курятнике[-].
3234,ulmResourceChitin,Chitin,Хитин
3235,ulmResourceChitinDesc,"Organic polymer, extracted primarily from creatures with an exoskeleton.","Органический полимер, добываемый в основном из существ с экзоскелетом."
3236,ulmResourceClothFabric,Fabric,Ткань
3237,ulmResourceClothFabricDesc,Quality Fabric used for clothing and making furniture.,Качественная ткань для пошива одежды и изготовления мебели.
3238,ulmResourceCoalPowder,Coal Powder,Угольный порошок
3239,ulmResourceCoalPowderDesc,Core ingredient in Gunpowder production.,Основной ингредиент для производства пороха.
3240,ulmResourceConcreteReinforcement,Concrete Reinforcement,Армирование бетона
3241,ulmResourceConcreteReinforcementDesc,Used to reinforce existing [decea3]Concrete Blocks[-] into [decea3]Reinforced Concrete Blocks[-],Используется для усиления существующих [decea3]бетонных блоков[-] в [decea3]железобетонные блоки[-].
3242,ulmResourceCondenserMembrane,Condenser Membrane,Конденсационная мембрана
3243,ulmResourceCondenserMembraneDesc,Used by water generator to condense dirty water from surrounding air.,Используется генератором воды для конденсации грязной воды из окружающего воздуха.
3244,ulmResourceSteelReinforcement,Steel Reinforcement,Стальное усиление
3245,ulmResourceSteelReinforcementDesc,Used to reinforce existing [decea3]Reinforced Concrete Blocks[-] into [decea3]Steel Blocks[-],Используется для улучшения [decea3]железобетонные блоки[-] В [decea3]стальные блоки[-]
3246,ulmResourceTitaniumReinforcement,Titanium Reinforcement,Титановое усиление
3247,ulmResourceTitaniumReinforcementDesc,Used to reinforce existing [decea3]Steel Blocks[-] into [decea3]Titanium Blocks[-],Используется для улучшения [decea3]стальных блоков[-] в [decea3]титановые блоки[-]
3248,ulmResourceDeadWeight,Putrid Meat Chunk,Кусок гнилого мяса
3249,ulmResourceDeadWeightDesc,It has a foul rotting corpse odor.,Отвратительно воняет.
3250,ulmResourceDuneRunnerDashboard,Dune Runner Dashboard,Приборная панель багги
3251,ulmResourceDuneRunnerDashboardDesc,Used to steer and control gear shifting of the vehicle and monitor basic readouts of its performance.,"Используется для управления и контроля, переключения передач автомобиля и мониторинга основных показателей его работы."
3252,ulmResourceDuneRunnerFrame,Dune Runner Frame,Рама багги
3253,ulmResourceDuneRunnerFrameDesc,Holds different vehicle components together.,Удерживает различные компоненты транспорта вместе.
3254,ulmResourceDuneRunnerSeat,Dune Runner Seat,Кресло багги
3255,ulmResourceDuneRunnerSeatDesc,Comfortable and tight vehicle sports seat.,Удобное и крепкое сиденье для автомобиля.
3256,ulmResourceDuneRunnerSuspension,Dune Runner Suspension,Подвеска багги
3257,ulmResourceDuneRunnerSuspensionDesc,Offers more comfortable ride as well as off-road capabilities for a vehicle.,"Предлагает более комфортную езду, а также вне дорожные возможности для транспорта."
3258,ulmResourceElectronicCircuitboard,Circuit Board,Плата
3259,ulmResourceElectronicCircuitboardDesc,Usable in advanced crafting recipes.,Используется в продвинутых рецептах.
3260,ulmResourceElectronicComponents,Electronic Components,Электронные компоненты
3261,ulmResourceElectronicComponentsDesc,"Building blocks of modern electronics such as fuses, switches, diodes, transistors, capacitors, resistors, microchips etc.","Основные блоки современной электроники, такие как предохранители, переключатели, диоды, транзисторы, конденсаторы, резисторы, микросхемы и т.д."
3262,ulmResourceElectronicCopperCoil,Copper Coil,Медная катушка
3263,ulmResourceElectronicCopperCoilDesc,Key component of most electric motors and servos,Ключевой компонент большинства электродвигателей и сервоприводов
3264,ulmResourceElectronicDiode,Diode,Светодиод
3265,ulmResourceElectronicDiodeDesc,A very simple light diode. Used in electronics.,Очень простой светодиод. Используется в электронике.
3266,ulmResourceElectronicFuse,Fuse,Предохранитель
3267,ulmResourceElectronicFuseDesc,Used in electronics.,Используется в электронике.
3268,ulmResourceElectronicInsulator,Insulator,Изолятор
3269,ulmResourceElectronicInsulatorDesc,"An electric insulator made out of ceramic composites, that allows current flow control under the influence of an electric field.","Электрический изолятор из керамических компонентов, позволяющий регулировать протекание тока под действием электрического поля."
3270,ulmResourceElectronicLCDScreen,LCD Screen,ЖК-экран
3271,ulmResourceElectronicLCDScreenDesc,Very basic LCD screen with low resolution.,Очень простой ЖК-экран с низким разрешением.
3272,ulmResourceElectronicLEDPanel,LED Panel,Светодиодная панель
3273,ulmResourceElectronicLEDPanelDesc,Basic mass produced LED panel with a cluster of individual LEDs interconnected through the underlying circuit board traces.,"Обычная серийная светодиодная панель с группой отдельных светодиодов, соединённых дорожками печатной платы."
3274,ulmResourceElectronicMicrochip,Microchip,Микрочип
3275,ulmResourceElectronicMicrochipDesc,"Used in most electronic components; depending on the type of the chip, they are can be used for processing information, instructions or storing data.","Используются в большинстве электронных компонентов, в зависимости от типа чипа они могут использоваться для обработки информации и инструкций, или хранения данных."
3276,ulmResourceElectronicResistor,Resistor,Резистор
3277,ulmResourceElectronicResistorDesc,One way of lowering voltage to electrical components is by using resistors.,Одним из способов снижения напряжения на электрических компонентах является использование резисторов.
3278,ulmResourceElectronicSwitch,Electric Switch,Выключатель
3279,ulmResourceElectronicSwitchDesc,Very basic electrical switch for turning on or off electrical components within an electrical device.,Очень простой электрический переключатель для включения или выключения электрических компонентов внутри электрического устройства.
3280,ulmResourceFirewood,Firewood,Дрова
3281,ulmResourceFirewoodDesc,The most commonly known fuel source to make fire.,Самый популярный источник топлива.
3282,ulmResourceForgedTitanium,Titanium Plate,Титановая пластина
3283,ulmResourceForgedTitaniumDesc,Used in construction of advanced items and blocks.,Используется в создания современных изделий и блоков.
3284,ulmResourceFuelBrick,Fuel Brick,Топливный брусок
3285,ulmResourceFuelBrickDesc,"A condensed wood block mostly made out of scrap wood, that burns exceptionally well.","Сжатый древесный брусок, сделанный в основном из щепок, который долго горит."
3286,ulmResourceGasMaskFilter,Carbon Gas Filter,Угольный фильтр противогаза
3287,ulmResourceGasMaskFilterDesc,Unit intended for use with standard mounting mechanism of personal protection gear such as Gas Masks. Protects wearer's lungs from most air born small particles.,"Фильтр для стандартного крепления средств индивидуальной защиты, таких как противогазы. Защищает лёгкие владельца от большинства мелких частиц в воздухе."
3288,ulmResourceGears,Gears,Шестерни
3289,ulmResourceGearsDesc,Usually mesh with another toothed part to transmit torque.,Обычно используются для передачи крутящего момента.
3290,ulmResourceGlass,Glass,Стекло
3291,ulmResourceGlassDesc,"Transparent amorphous solid with widespread practical, technological and decorative uses. With it you can craft various glass bottles, windows etc.","Прозрачное аморфное твердое вещество, имеющее широкое практическое, технологическое и декоративное применение. Из него можно изготовить различные стеклянные бутылки, окна и т.д."
3292,ulmResourceUVGlass,UV Glass,УФ-стекло
3293,ulmResourceUVGlassDesc,Specialized glass to allow specific wavelengths of light to be emitted through it for use in hydroponics and agriculture.,"Специальное стекло, пропускающее определённые длины волн света для применения в гидропонике и сельском хозяйстве."
3294,ulmResourceUVLight,UV Light,УФ-лампа
3295,ulmResourceUVLightDesc,"Specialized light bar, that emits ultraviolet light.","Специальная световая панель, излучающая ультрафиолетовый свет."
3296,ulmResourceGyrocopterWheel,Gyrocopter Wheel,Колесо гирокоптера
3297,ulmResourceGyrocopterWheelDesc,Standard gyrocopter wheel,Стандартное колесо гирокоптера
3298,ulmResourceHandleWood,Wooden Handle,Деревянная рукоять
3299,ulmResourceHandleWoodDesc,"Used in creation of Picks, Pickaxes and Axes.","Используется при создании кирок, пик и топоров."
3300,ulmResourceHide,Animal Hide,Шкура животного
3301,ulmResourceHideDesc,Hide from an animal. Can be further processed to make leather.,Шкура животного. После дальнейшей обработки из неё можно получить кожу.
3302,ulmResourceHingeBrass,Brass Hinge,Латунная петля
3303,ulmResourceHingeBrassDesc,"Durable hinge for connecting two solid objects, allowing rotation between them.","Прочный шарнир для соединения двух твердых предметов, позволяющий вращать их между собой."
3304,ulmResourceHingeIron,Iron Hinge,Железная петля
3305,ulmResourceHingeIronDesc,"Durable iron hinge for connecting two solid objects, allowing rotation between them.","Прочный шарнир для соединения двух твердых предметов, позволяющий вращать их между собой."
3306,ulmResourceHingeSteel,Steel Hinge,Стальная петля
3307,ulmResourceHingeSteelDesc,"Very durable hinge for connecting two solid objects, allowing rotation between them.","Прочный шарнир для соединения двух твердых предметов, позволяющий вращать их между собой."
3308,ulmResourceHoney,Honeycomb,Медовые соты
3309,ulmResourceHoneyDesc,"In order to get usable honey, you need to process it at the [decea3]Campfire[-].","Чтобы получить полезный мед, его нужно переработать на [decea3]костре[-]."
3310,ulmResourceIngotBrass,Brass Ingot,Латунный слиток
3311,ulmResourceIngotBrassDesc,A dense Brass Ingot. I wonder how many bullets this would make?.,"Латунный слиток. Интересно, сколько пуль из него получится?"
3312,ulmResourceIngotCopper,Copper Ingot,Медный слиток
3313,ulmResourceIngotCopperDesc,A dense Copper Ingot. Common metal used in electrical components for conducting electricity.,"Медный слиток. Распространенный металл, используемый в электрических компонентах для проведения электричества."
3314,ulmResourceIngotCrudeIron,Crude Iron Ingot,Сырой железный слиток
3315,ulmResourceIngotCrudeIronDesc,A dense crude quality Iron Ingot. Common metal used in basic rough metal forging.,"Слиток железа грубого качества. Обычный металл, используемый в основной грубой ковке металла."
3316,ulmResourceIngotGold,Gold Ingot,Золотой слиток
3317,ulmResourceIngotGoldDesc,A dense Gold Ingot.,Чистый слиток золота.
3318,ulmResourceIngotIron,Iron Ingot,Железный слиток
3319,ulmResourceIngotIronDesc,"A dense ingot, that can be further processed and shaped into different items.","Слиток, который в дальнейшем может быть обработан и сформирован в различные изделия."
3320,ulmResourceIngotLead,Lead Ingot,Свинцовый слиток
3321,ulmResourceIngotLeadDesc,A dense Lead Ingot. The best way to store metals is by melting scraps and then transforming them from liquid state to an ingot for long term storage.,"Свинцовый слиток. Лучший способ хранения металлов - это переплавка обрезков, а затем превращение их из жидкого состояния в слиток для длительного хранения."
3322,ulmResourceIngotSilver,Silver Ingot,Серебряный слиток
3323,ulmResourceIngotSilverDesc,A dense Silver Ingot.,Чистый слиток серебра.
3324,ulmResourceIngotSteel,Steel Ingot,Стальной слиток
3325,ulmResourceIngotSteelDesc,"A dense ingot, that can be further processed and shaped into different items.","Чистая сталь, которая в дальнейшем может быть обработана и сформирована в различные изделия."
3326,ulmResourceIngotTitanium,Titanium Ingot,Титановый слиток
3327,ulmResourceIngotTitaniumDesc,Used in construction of titanium based alloys.,Используется в производстве сплавов на основе титана.
3328,ulmResourceIngotZinc,Zinc Ingot,Цинковый слиток
3329,ulmResourceIngotZincDesc,"Rarely used in it's pure form, most commonly found as an alloy with other metals, can be used in combination of Copper to manufacture Brass.","Редко используется в чистом виде, чаще всего встречается в виде сплава с другими металлами, может использоваться в сочетании с медью для производства латуни."
3330,ulmResourceLightBulb,Light Bulb,Лампочка
3331,ulmResourceLightBulbDesc,Dusty but well preserved light bulb.,"Пыльная, но хорошо сохранившаяся лампочка."
3332,ulmResourceHalogenBulb,Halogen Bulb,Галогенная лампа
3333,ulmResourceHalogenBulbDesc,Dusty but well preserved halogen bulb. Uses halogen gas to increase light output and rate of life.,"Пыльная, но хорошо сохранившаяся галогенная лампа. Использует галогенный газ для повышения светоотдачи и срока службы."
3334,ulmResourceLightBar,Light Bar,Световая панель
3335,ulmResourceLightBarDesc,Dusty but well preserved light bar.,"Пыльная, но хорошо сохранившаяся световая панель."
3336,ulmResourceLithiumBattery,Lithium Battery,Литиевый аккумулятор
3337,ulmResourceLithiumBatteryDesc,Battery pack consisting of multiple smaller lithium battery cells. Performs better than regular lead–acid batteries. Usable as a battery for minibike.,"Батарейный блок, состоящий из нескольких небольших литиевых элементов. Работает лучше, чем обычные свинцово-кислотные батареи. Может использоваться в качестве аккумулятора для минибайков."
3338,ulmResourceLithiumBatteryCells,Lithium Battery Cells,Элементы литиевых батарей
3339,ulmResourceLithiumBatteryCellsDesc,"Small and compact lithium battery cells. Each provides very little power, but combined in greater numbers, they can outperform lead-acid batteries. Used as an alternative battery for minibike.","Маленькие и компактные элементы литиевых батарей. Каждый из них обеспечивает очень малую мощность, но в сочетании с большим количеством они могут превзойти свинцово-кислотные батареи. Используются в качестве альтернативной батареи для минибайков."
3340,ulmResourceLockPickAdmin,Lockpick (Admin),Отмычка (админ)
3341,ulmResourceLumber,Wood,Бревна
3342,ulmResourceLumberDesc,"Can be further processed in other resources such as planks, firewood etc.","Может использоваться как строительный блок или перерабатываться в другие ресурсы, такие как доски, дрова и т.д."
3343,ulmResourceMandibles,Mandibles,Жвала
3344,ulmResourceMandiblesDesc,"A pair of appendages from an insect's mouth. Typically used to grasp, crush, cut food or as defensive of offensive tool. Traders might be interested in this as a trophy item.","Пара придатков изо рта насекомого. Обычно используется для захвата, раздавливания, разрезания пищи или в качестве оборонительного или наступательного инструмента. Торговцы могут заинтересоваться этим предметом в качестве трофея."
3345,ulmResourceMetalMesh,Metal Mesh,Металлическая сетка
3346,ulmResourceMetalMeshDesc,Durable metal mesh. Used as reinforcement for Bullet Proof Glass manufacturing.,Прочная металлическая сетка. Используется в качестве армирования при производстве пуленепробиваемого стекла.
3347,ulmResourceMilitaryArmorParts,Military Armor Parts,Детали военной брони
3348,ulmResourceMilitaryArmorPartsDesc,Military grade armor parts are used to craft or upgrade clothing or armor.,Детали брони военного класса используются для изготовления и улучшения одежды или брони.
3349,ulmResourceMilitaryFiber,Military Fiber,Кевларовая лента
3350,ulmResourceMilitaryFiberDesc,Military grade synthetic fibers are used to craft or upgrade medium to high tier clothing/armor.,Синтетические волокна военного класса используются для изготовления и улучшения одежды и брони среднего и высокого уровня.
3351,ulmResourceMinibikeRepairKit,Minibike Repair Kit,Ремонтный набор для минибайка
3352,ulmResourceMinibikeRepairKitDesc,Contains all the necessary parts to restore a minibike in working condition.,Содержит все необходимые детали для восстановления минибайка до рабочего состояния.
3353,ulmResourceMinibikeWheel,Minibike Wheel,Колесо минибайка
3354,ulmResourceMinibikeWheelDesc,Standard minibike wheel,Стандартное колесо для минибайка
3355,ulmResourceModParts,Mod Parts,Детали модификаций
3356,ulmResourceModPartsDesc,A collection of various miscellaneous high quality rare components. Used in Item Mod upgrading.,Набор разнообразных редких компонентов высокого качества. Используется для улучшения модификаций предметов.
3357,ulmResourceMotorcycleWheel,Motorcycle Wheel,Колесо мотоцикла
3358,ulmResourceMotorcycleWheelDesc,Wheel for Wanderer motorcycle.,Колесо для мотоцикла «Бродяга».
3359,ulmResourceMotorcycleAccessories,Wanderer Accessories,Комплектующие «Бродяги»
3360,ulmResourceMotorcycleAccessoriesDesc,Miscellaneous parts for Wanderer motorcycle.,Различные детали для мотоцикла «Бродяга».
3361,ulmResourceMotorcycleChassis,Wanderer Chassis,Шасси «Бродяги»
3362,ulmResourceMotorcycleChassisDesc,Chassis for Wanderer motorcycle.,Шасси для мотоцикла «Бродяга».
3363,ulmResourceMotorcycleHandlebars,Wanderer Handlebars,Руль «Бродяги»
3364,ulmResourceMotorcycleHandlebarsDesc,Handlebars for Wanderer motorcycle.,Руль для мотоцикла «Бродяга».
3365,ulmResourceNeedle,Needle,Игла
3366,ulmResourceNeedleDesc,Long slender sewing tool with a pointed tip on one end and a hole on the other.,Длинный тонкий швейный инструмент с острым концом с одной стороны и ушком с другой.
3367,ulmResourceNutsAndBolts,Nuts and Bolts,Гайки и болты
3368,ulmResourceNutsAndBoltsDesc,"Nuts, bolts and washers of various sizes.","Гайки, болты и шайбы различных размеров."
3369,ulmResourceOreCopper,Copper Ore,Медная руда
3370,ulmResourceOreCopperDesc,"A chunk of [decea3]Copper Ore[-]. Not very useful in its raw state, you first have to refine it in the furnace by melting it down and solidifying it in a [decea3]Copper Ingot[-].",Кусок [decea3]медной руды[-]. В необработанном виде почти бесполезен: сначала руду нужно переплавить в печи и отлить из неё [decea3]медный слиток[-].
3371,ulmResourceOreIron,Iron Ore,Железная руда
3372,ulmResourceOreIronDesc,"A chunk of [decea3]Iron Ore[-]. Not very useful in its raw state, you first have to refine it in the furnace by melting it down and solidifying it in an [decea3]Iron Ingot[-].",Кусок [decea3]железной руды[-]. В необработанном виде почти бесполезен: сначала руду нужно переплавить в печи и отлить из неё [decea3]железный слиток[-].
3373,ulmResourceOreLead,Lead Ore,Свинцовая руда
3374,ulmResourceOreLeadDesc,"A chunk of [decea3]Lead Ore[-]. Not very useful in its raw state, you first have to refine it in the furnace by melting it down and solidifying it in a [decea3]Lead Ingot[-].",Кусок [decea3]свинцовой руды[-]. В необработанном виде почти бесполезен: сначала руду нужно переплавить в печи и отлить из неё [decea3]свинцовый слиток[-].
3375,ulmResourceOrePotassiumNitrate,Saltpeter Ore,Кристалл селитры
3376,ulmResourceOrePotassiumNitrateDesc,"A chunk of [decea3]Potassium Nitrate[-] rich ore. Not very useful in its raw state, use [decea3]Mortar and Pestle[-] to produce [decea3]Potassium Nitrate Powder[-].","Кусок [decea3]селитры[-]. Не очень полезна в сыром виде, используйте [decea3]ступку и пестик[-], чтобы измельчить в [decea3]порошковую селитру[-]."
3377,ulmResourceOreStone,Large Stone,Большой камень
3378,ulmResourceOreStoneDesc,"A Large Stone, that can be used to make Flagstone or Cobblestone.","Большой камень, который может быть использован для изготовления булыжника"
3379,ulmResourceOreSulfur,Sulfur Ore,Серная руда
3380,ulmResourceOreSulfurDesc,"Can be found in small quantities in [decea3]Saltpeter Ore[-] veins and must be further processed in [decea3]Mortar and Pestle[-] to get [decea3]Sulfur Powder[-], one of gunpowder ingredients.","В небольших количествах встречается в жилах [decea3]селитры[-], можно перемолоть в [decea3]ступке[-] чтоб получить [decea3]серный порошок[-] один из компонентов пороха"
3381,ulmResourceOreTitanium,Titanium Ore,Титановая руда
3382,ulmResourceOreTitaniumDesc,"A chunk of [decea3]Titanium Ore[-]. Not very useful in its raw state, you first have to refine it in the furnace by melting it down and solidifying it in a [decea3]Titanium Ingot[-].","Кусок [decea3]титановой руды[-]. Не очень полезна в сыром виде, сначала ее нужно очистить в печи, расплавив и отлив из нее [decea3]титановый слиток[-]."
3383,ulmResourceOreZinc,Zinc Ore,Цинковая руда
3384,ulmResourceOreZincDesc,"A chunk of [decea3]Zinc Ore[-]. Not very useful in its raw state, you first have to refine it in the furnace by melting it down and solidifying it in a [decea3]Zinc Ingot[-].","Кусок [decea3]цинковой руды[-]. Не очень полезна в сыром виде, сначала ее нужно очистить в печи, расплавив и отлив в [decea3]цинковый слиток[-]."
3385,ulmResourcePartsSMG,SMG Parts,Части ПП
3386,ulmResourcePartsSMGDesc,Some bits and pieces of what once was an SMG.,"Фрагменты того, что когда-то было ПП."
3387,ulmResourcePlank,Wooden Plank,Деревянная доска
3388,ulmResourcePlankDesc,Used in most crafting recipes related to woodworking. Can be crafted more efficiently at the Workbench with a Circular Saw.,"Используется в большинстве рецептов, связанных с деревообработкой."
3389,ulmResourcePoliceLights,Police Lights,Полицейские огни
3390,ulmResourcePoliceLightsDesc,You can upgrade Police Cars with these,Вы можете модернизировать полицейские машины с их помощью
3391,ulmResourcePollen,Pollen,Пыльца
3392,ulmResourcePollenDesc,Powdery substance produced by most types of flowers of seed plants for the purpose of reproduction.,"Порошкообразное вещество, вырабатываемое цветками большинства семенных растений для размножения."
3393,ulmResourcePrimitiveRepairKit,Primitive Repair Kit,Примитивный ремкомплект
3394,ulmResourcePrimitiveRepairKitDesc,All the essential parts for repairing the most basic and primitive stone or wood tools.,Все необходимые детали для ремонта самых простых и примитивных инструментов из камня или дерева.
3395,ulmResourceRebarIron,Iron Rebar,Железная арматура
3396,ulmResourceRebarIronDesc,"Used in construction of rebar frames and iron bars. Has other applications, too.",Используется при изготовлении арматурных каркасов и железных прутьев. Имеет и другие применения.
3397,ulmResourceRebarSteel,Steel Rebar,Стальная арматура
3398,ulmResourceRebarSteelDesc,Used in construction of Steel bars.,Используется в производстве стальных решеток.
3399,ulmResourceRebarTitanium,Titanium Rebar,Титановая арматура
3400,ulmResourceRebarTitaniumDesc,Used in construction of advanced items and blocks.,Используется в строительстве современных изделий и блоков.
3401,ulmResourceResearch,Basic Research,Базовые исследования
3402,ulmResourceResearchDesc,A collection of valuable research data. With enough data gathered it is possible to research new recipes at the research station.,"Набор ценных исследовательских данных. Собрав достаточно данных, можно исследовать новые рецепты на исследовательской станции."
3403,ulmResourceResearchAdvanced,Advanced Research,Продвинутые исследования
3404,ulmResourceResearchAdvancedDesc,A collection of valuable advanced research data. With enough data gathered it is possible to research new recipes at the research station.,"Набор ценных продвинутых исследовательских данных. Собрав достаточно данных, можно исследовать новые рецепты на исследовательской станции."
3405,ulmResourceResearchArmor,Armor Research,Исследования брони
3406,ulmResourceResearchArmorDesc,A collection of valuable advanced research data. With enough data gathered it is possible to research new recipes at the research station.,"Набор ценных продвинутых исследовательских данных. Собрав достаточно данных, можно исследовать новые рецепты на исследовательской станции."
3407,ulmResourceResearchBiology,Biology Research,Биологические исследования
3408,ulmResourceResearchBiologyDesc,A collection of valuable biology research data. With enough data gathered it is possible to research new recipes at the research station.,"Набор ценных данных биологических исследований. Собрав достаточно данных, можно исследовать новые рецепты на исследовательской станции."
3409,ulmResourceResearchChemistry,Chemistry Research,Химические исследования
3410,ulmResourceResearchChemistryDesc,A collection of valuable biology research data. With enough data gathered it is possible to research new recipes at the research station.,"Набор ценных данных биологических исследований. Собрав достаточно данных, можно исследовать новые рецепты на исследовательской станции."
3411,ulmResourceResearchEngineering,Engineering Research,Инженерные исследования
3412,ulmResourceResearchEngineeringDesc,A collection of valuable engineering research data. With enough data gathered it is possible to research new recipes at the research station.,"Набор ценных данных инженерных исследований. Собрав достаточно данных, можно исследовать новые рецепты на исследовательской станции."
3413,ulmResourceResearchGuns,Ballistics Research,Баллистические исследования
3414,ulmResourceResearchGunsDesc,A collection of valuable ballistics research data. With enough data gathered it is possible to research new recipes at the research station.,"Набор ценных данных баллистических исследований. Собрав достаточно данных, можно исследовать новые рецепты на исследовательской станции."
3415,ulmResourceResearchTools,Tools/Melee Research,Исследования инструментов/ближнего боя
3416,ulmResourceResearchToolsDesc,A collection of valuable research data related to melee weapons and tools. With enough data gathered it is possible to research new recipes at the research station.,"Набор ценных исследовательских данных об оружии ближнего боя и инструментах. Собрав достаточно данных, можно исследовать новые рецепты на исследовательской станции."
3417,ulmResourceResin,Resin,Смола
3418,ulmResourceResinDesc,"Highly viscous substance, that can be harvested from trees. Often mixtures of organic compounds. Many plants, particularly wood plants, produce resin in response to injury.","Высоковязкое вещество, которое можно собирать с деревьев. Часто это смеси органических соединений. Многие растения, особенно древесные, вырабатывают смолу в ответ на травмы.."
3419,ulmResourceRope,Rope,Веревка
3420,ulmResourceRopeDesc,"Twisted or braided together pieces of fiber to form a rope, much stronger than fiber by itself.","Скрученные или сплетенные вместе волокна, образующие веревку, намного прочнее, чем волокно само по себе."
3421,ulmResourceSawBladeCrude,Crude Saw Blade,Грубое полотно пилы
3422,ulmResourceSawBladeCrudeDesc,"Very dull saw blade, can barely cut through wood without ripping out chunks.","Очень тупое полотно пилы: оно едва режет древесину, не вырывая из неё куски."
3423,ulmResourceSawBladeSteel,Steel Saw Blade,Стальное полотно пилы
3424,ulmResourceSawBladeSteelDesc,Can make smooth cuts without much wasted material.,Позволяет делать ровные пропилы с небольшими потерями материала.
3425,ulmResourceScrapCopper,Scrap Copper,Медный лом
3426,ulmResourceScrapCopperDesc,Mostly used in the manufacturing of copper tubes and wires.,В основном используется в производстве медных труб и проводов.
3427,ulmResourceScrapLeather,Scrap Leather,Обрезки кожи
3428,ulmResourceScrapLeatherDesc,Used to patch up leather armor. Repairs [decea3]50[-] durability.,Используется для латания кожаных доспехов. Восстанавливает [decea3]50[-] прочности.
3429,ulmResourceScrapOrganic,Organic Waste,Органические отходы
3430,ulmResourceScrapOrganicDesc,A mixed substance of organic matter that is used to create fertilizer for cultivating the soil.,"Смешанное вещество из органических веществ, которое используется для создания удобрений для обработки почвы."
3431,ulmResourceScrapPlank,Broken Plank,Сломанная доска
3432,ulmResourceScrapPlankDesc,"A broken piece of a plank. If you find similar pieces, it might be possible to restore it with glue.","Сломанный кусок доски. Если вы найдете похожие куски, возможно, их можно будет восстановить с помощью клея."
3433,ulmResourceScrapRubber,Scrap Rubber,Куски резины
3434,ulmResourceScrapRubberDesc,Scrap Rubber can be used in crafting rubber wheels and other components.,Куски резины можно использовать в производстве резиновых колес и других компонентов.
3435,ulmResourceScrapSteel,Scrap Steel,Стальной лом
3436,ulmResourceScrapSteelDesc,"A collection of various salvaged steel plates, profiles and panels. Obtained by scrapping items, that mostly consist of steel as their base material.","Коллекция различных стальных пластин, профилей и панелей. Получены путем разборки предметов, которые в основном состоят из стали в качестве основного материала."
3437,ulmResourceScrapTitanium,Scrap Titanium,Титановый лом
3438,ulmResourceScrapTitaniumDesc,Used in construction of titanium based alloys.,Используется в производстве сплавов на основе титана.
3439,ulmResourceScrapWires,Scrap Wire,Обрезки проволоки
3440,ulmResourceScrapWiresDesc,Most electronics rely on some form of electrical wiring for electricity to move from one component to another.,В большинстве электронных устройств для передачи электричества от одного компонента к другому используются электрические провода.
3441,ulmResourceScrapWood,Scrap Wood,Щепки
3442,ulmResourceScrapWoodDesc,"Small to medium sized pieces of wood formed by cutting or chipping larger pieces of wood such as trees, branches, logging residues, stumps, roots, wood waste, etc.","Мелкие и средние куски древесины, образующиеся в результате резки или измельчения более крупных кусков древесины, таких как деревья, ветки, отходы лесозаготовок, пни, корни, древесные отходы и т.д."
3443,ulmResourceSilicon,Silicon,Кремний
3444,ulmResourceSiliconDesc,"Versatile material mostly known for being used in semiconductor and solar cell manufacturing as well as making metal alloys, glass and flexible polymer compounds.","Универсальный материал, широко применяемый в производстве полупроводников и солнечных элементов, а также металлических сплавов, стекла и гибких полимерных соединений."
3445,ulmResourceAnyFlower,Any Flower,Любые цветы
3446,ulmResourceAnySeed,Any Seed,Любые семена
3447,ulmResourceStonePowder,Stone Powder,Каменный порошок
3448,ulmResourceStonePowderDesc,Finely ground Stone,Мелко измельченный камень
3449,ulmResourceSolarPanel,Solar Panel,Солнечная панель
3450,ulmResourceSolarPanelDesc,"Made up of many small solar cell units. When sunlight hits these cells, it knocks electrons loose from the atoms inside, creating an electric current — a process called the photovoltaic effect. Can be used in crafting Solar Arrays","Состоит из множества небольших фотоэлементов. Когда солнечный свет попадает на них, электроны высвобождаются из атомов и создают электрический ток — этот процесс называется фотоэлектрическим эффектом. Используется при изготовлении солнечных батарей."
3451,ulmResourceSulfurPowder,Sulfur Powder,Серный порошок
3452,ulmResourceSulfurPowderDesc,"Primarily made by scrapping sulfur ore, and is used to make gunpowder.",В основном производится путем переработки серной руды и используется для производства пороха.
3453,ulmResourceTarp,Tarp,Брезент
3454,ulmResourceTarpDesc,"Large, flexible and waterproof sheet made out of engineered plastic materials instead of traditional natural fibers like cotton. Designed to protect objects from rain, sunlight wind or debris. Typically made out of polyethylene or PVC.","Большой гибкий водонепроницаемый лист из современных полимерных материалов вместо традиционных натуральных волокон вроде хлопка. Защищает предметы от дождя, солнечного света, ветра и мусора. Обычно изготавливается из полиэтилена или ПВХ."
3455,ulmResourceThread,Thread Spool,Катушка ниток
3456,ulmResourceThreadDesc,Used in making Cloth with the Knitter's Loom.,Используется для изготовления ткани на ткацком станке.
3457,ulmResourceTobacco,Tobacco,Табак
3458,ulmResourceTobaccoDesc,"Agricultural product processed from the leaves of plants which contains the highly addictive stimulant. Most commonly consumed via smoking (cigarettes, cigars, pipes).","Сельскохозяйственный продукт из обработанных листьев растений, содержащий сильный вызывающий зависимость стимулятор. Чаще всего употребляется при курении (сигареты, сигары, трубки)."
3459,ulmResourceTreasureMap,Sealed Treasure Map,Запечатанная карта сокровищ
3460,ulmResourceTreasureMapDesc,"A sealed treasure map? Wonder what could it lead to, should probably open it and see what's it all about.","Запечатанная карта сокровищ? Интересно, куда она ведёт. Пожалуй, стоит открыть её и выяснить."
3461,ulmResourceTreeRepairKit,Tree Repair Kit,Комплект латки дерева
3462,ulmResourceTreeRepairKitDesc,All the essential parts for repairing most trees.,Все необходимые компоненты для латки большинства деревьев.
3463,ulmResourceTruckRepairKit,Truck Repair Kit,Ремонтный набор для грузовика
3464,ulmResourceTruckRepairKitDesc,Contains all the necessary parts to restore a truck in working condition.,Содержит все необходимые детали для восстановления грузовика до рабочего состояния.
3465,ulmResourceTruckWheel,Truck Wheel,Колесо грузовика
3466,ulmResourceTruckWheelDesc,Generic Truck wheel,Колесо грузовика
3467,ulmResourceVenomSack,Venom Sack,Ядовитая железа
3468,ulmResourceVenomSackDesc,"Responsible for deadly venom production for various creatures like Scorpions, Spiders etc.","Отвечает за производство смертельного яда для различных существ, таких как скорпионы, пауки и т. д."
3469,ulmResourceWristWatch,Wrist Watch,Наручные часы
3470,ulmResourceWristWatchDesc,A wristwatch designed to be worn around the wrist.,"Часы, предназначенные для ношения на запястье."
3471,ulmBookSniperRifles,Sniper Rifles,Снайперские винтовки
3472,ulmBookSniperRiflesDesc,Reading this skill book will increase your level in [decea3]Sniper Rifles[-] action skill by [decea3]1[-].,Прочтение этой книги повысит ваш навык [decea3]снайперские винтовки[-] на [decea3]1[-].
3473,ulmBookArchery,Bows and Crossbows,Луки и арбалеты
3474,ulmBookArcheryDesc,Reading this skill book will increase your level in [decea3]Bows and Crossbows[-] action skill by [decea3]1[-].,Прочтение этой книги повысит ваш навык [decea3]луки и арбалеты[-] на [decea3]1[-].
3475,ulmBookSpears,Spears,Копья
3476,ulmBookSpearsDesc,Reading this skill book will increase your level in [decea3]Spears[-] action skill by [decea3]1[-].,Прочтение этой книги повысит ваш навык [decea3]копья[-] на [decea3]1[-].
3477,ulmBookLockPicking,Lock Picking,Взлом замков
3478,ulmBookLockPickingDesc,Reading this skill book will increase your level in [decea3]Lock Picking[-] action skill by [decea3]1[-].,Прочтение этой книги повысит ваш навык [decea3]взлома замков[-] на [decea3]1[-].
3479,ulmBookLooting,Looting,Обыск
3480,ulmBookLootingDesc,Reading this skill book will increase your level in [decea3]Looting[-] action skill by [decea3]1[-].,Прочтение этой книги повысит ваш навык [decea3]добычи[-] на [decea3]1[-].
3481,ulmBookButcher,Animal Harvesting,Разделка животных
3482,ulmBookButcherDesc,Reading this skill book will increase your level in [decea3]Animal Harvesting[-] action skill by [decea3]1[-].,Прочтение этой книги повысит ваш навык [decea3]свежевания[-] на [decea3]1[-].
3483,ulmBookAssaultRifles,Machine Guns,Автоматическое оружие
3484,ulmBookAssaultRiflesDesc,Reading this skill book will increase your level in [decea3]Machine Guns[-] action skill by [decea3]1[-].,Прочтение этой книги повысит ваш навык [decea3]автоматические винтовки[-] на [decea3]1[-].
3485,ulmBookClubs,Clubs,Дубины
3486,ulmBookClubsDesc,Reading this skill book will increase your level in [decea3]Clubs[-] action skill by [decea3]1[-].,Прочтение этой книги повысит ваш навык [decea3]дубинками[-] на [decea3]1[-].
3487,ulmBookSledgehammers,Sledgehammers,Кувалды
3488,ulmBookSledgehammersDesc,Reading this skill book will increase your level in [decea3]Sledgehammers[-] action skill by [decea3]1[-].,Прочтение этой книги повысит ваш навык [decea3]молотами[-] на [decea3]1[-].
3489,ulmBookAxes,Woodcutting Tools,Лесорубные инструменты
3490,ulmBookAxesDesc,Reading this skill book will increase your level in [decea3]Woodcutting Tools[-] action skill by [decea3]1[-].,Прочтение этой книги повысит ваш навык [decea3]лесоруб[-] на [decea3]1[-].
3491,ulmBookShovels,Digging Tools,Инструменты для копания
3492,ulmBookShovelsDesc,Reading this skill book will increase your level in [decea3]Digging Tools[-] action skill by [decea3]1[-].,Прочтение этой книги повысит ваш навык [decea3]землекоп[-] на [decea3]1[-].
3493,ulmBookMining,Mining Tools,Шахтёрские инструменты
3494,ulmBookMiningDesc,Reading this skill book will increase your level in [decea3]Mining Tools[-] action skill by [decea3]1[-].,Прочтение этой книги повысит ваш навык [decea3]шахтер[-] на [decea3]1[-].
3495,ulmBookShotguns,Shotguns,Дробовики
3496,ulmBookShotgunsDesc,Reading this skill book will increase your level in [decea3]Shotguns[-] action skill by [decea3]1[-].,Прочтение этой книги повысит ваш навык [decea3]дробовики[-] на [decea3]1[-].
3497,ulmBookBrawler,Brawler,Кулачный бой
3498,ulmBookBrawlerDesc,Reading this skill book will increase your level in [decea3]Brawler[-] action skill by [decea3]1[-].,Прочтение этой книги повысит ваш навык [decea3]кулачный бой[-] на [decea3]1[-].
3499,ulmBookResistHeat,Heat Resistance,Сопротивление жаре
3500,ulmBookResistHeatDesc,Reading this skill book will increase your level in [decea3]Heat Resistance[-] action skill by [decea3]1[-].,Прочтение этой книги повысит ваш навык [decea3]устойчивость к жаре[-] на [decea3]1[-].
3501,ulmBookResistCold,Cold Resistance,Сопротивление холоду
3502,ulmBookResistColdDesc,Reading this skill book will increase your level in [decea3]Cold Resistance[-] action skill by [decea3]1[-].,Прочтение этой книги повысит ваш навык [decea3]устойчивость к холоду[-] на [decea3]1[-].
3503,ulmBookResistPain,Pain Resistance,Сопротивление боли
3504,ulmBookResistPainDesc,Reading this skill book will increase your level in [decea3]Pain Resistance[-] action skill by [decea3]1[-].,Прочтение этой книги повысит ваш навык [decea3]болевой порог[-] на [decea3]1[-].
3505,ulmBookHealing,Healing,Лечение
3506,ulmBookHealingDesc,Reading this skill book will increase your level in [decea3]Healing[-] action skill by [decea3]1[-].,Прочтение этой книги повысит ваш навык [decea3]лекарь[-] на [decea3]1[-].
3507,ulmBookHandguns,Handguns,Пистолеты
3508,ulmBookHandgunsDesc,Reading this skill book will increase your level in [decea3]Handguns[-] action skill by [decea3]1[-].,Прочтение этой книги повысит ваш навык [decea3]пистолеты[-] на [decea3]1[-].
3509,ulmBookBlades,Knives and Swords,Ножи и мечи
3510,ulmBookBladesDesc,Reading this skill book will increase your level in [decea3]Knives and Swords[-] action skill by [decea3]1[-].,Прочтение этой книги повысит ваш навык [decea3]клинки и мечи[-] на [decea3]1[-].
3511,ulmBookAthletics,Athletics,Атлетика
3512,ulmBookAthleticsDesc,Reading this skill book will increase your level in [decea3]Athletics[-] action skill by [decea3]1[-].,Прочтение этой книги повысит ваш навык [decea3]атлетики[-] на [decea3]1[-].
3513,ulmBookSneaking,Sneaking,Скрытность
3514,ulmBookSneakingDesc,Reading this skill book will increase your level in [decea3]Sneaking[-] action skill by [decea3]1[-].,Прочтение этой книги повысит ваш навык [decea3]подкрадывание[-] на [decea3]1[-].
3515,ulmBookAssasin,Assassin,Убийца
3516,ulmBookAssasinDesc,Reading this skill book will increase your level in [decea3]Assassin[-] action skill by [decea3]1[-].,Прочтение этой книги повысит ваш навык [decea3]убийцы[-] на [decea3]1[-].
3517,ulmBookSubmachineGuns,Submachine guns,Пистолеты-пулемёты
3518,ulmBookSubmachineGunsDesc,Reading this skill book will increase your level in [decea3]Submachine guns[-] action skill by [decea3]1[-].,Прочтение этой книги повысит ваш навык [decea3]пистолеты-пулемёты[-] на [decea3]1[-].
3519,ulmBookShockers,Baton Weapons,Дубинки
3520,ulmBookShockersDesc,Reading this skill book will increase your level in [decea3]Baton Weapons[-] action skill by [decea3]1[-].,Прочтение этой книги повысит ваш навык [decea3]шоковой дубинки[-] на [decea3]1[-].
3521,ulmBookTrading,Trading,Торговля
3522,ulmBookTradingDesc,Reading this skill book will increase your level in [decea3]Trading[-] action skill by [decea3]1[-].,Прочтение этой книги повысит ваш навык [decea3]торговля[-] на [decea3]1[-].
3523,ulmBookQuesting,Missions,Задания
3524,ulmBookQuestingDesc,Reading this skill book will increase your level in [decea3]Missions[-] action skill by [decea3]1[-].,Прочтение этой книги повысит ваш навык [decea3]задания[-] на [decea3]1[-].
3525,ulmBookSalvaging,Salvage Tools,Инструменты разбора
3526,ulmBookSalvagingDesc,Reading this skill book will increase your level in [decea3]Salvage Tools[-] action skill by [decea3]1[-].,Прочтение этой книги повысит ваш навык [decea3]старьевщик[-] на [decea3]1[-].
3527,ulmBookStrength,Weight Lifting,Поднятие тяжестей
3528,ulmBookStrengthDesc,Reading this skill book will increase your level in [decea3]Weight Lifting[-] action skill by [decea3]1[-].,Чтение этой книги навыков повысит ваш уровень в навыке действия [decea3]поднятие тяжестей[-] на [decea3]1[-].
3529,ulmBookMaintenanceBicycle,Bicycle Maintenance,Обслуживание велосипедов
3530,ulmBookMaintenanceBicycleDesc,"Contains all the necessary information on how to build, repair and maintain bicycles.","Содержит всю необходимую информацию о том, как собирать, ремонтировать и обслуживать велосипеды."
3531,ulmBookMaintenanceMinibike,Minibike Maintenance,Обслуживание минибайков
3532,ulmBookMaintenanceMinibikeDesc,"Contains all the necessary information on how to build, repair and maintain minibikes, mopeds and scooters.\n[decea3](Must know Bicycle Maintenance)[-]","Содержит всю необходимую информацию о том, как собирать, ремонтировать и обслуживать минибайки, мопеды и скутеры.\n[decea3](Должен знать обслуживание велосипедов)[-]"
3533,ulmBookMaintenanceMotorcycle,Motorcycle Maintenance,Обслуживание мотоциклов
3534,ulmBookMaintenanceMotorcycleDesc,"Contains all the necessary information on how to build, repair and maintain motorcycles.\n[decea3](Must know Minibike Maintenance)[-]","Содержит всю необходимую информацию о том, как собирать, ремонтировать и обслуживать мотоциклы.\n[decea3](Должен знать Обслуживание минибайков)[-]"
3535,ulmBookMaintenanceCar,Car Maintenance,Обслуживание автомобиля
3536,ulmBookMaintenanceCarDesc,"Contains all the necessary information on how to repair and maintain various types of cars, 4x4s and small trucks.\n[decea3](Must know Motorcycle Maintenance)[-]","Содержит всю необходимую информацию о ремонте и обслуживании различных автомобилей, внедорожников 4x4 и небольших грузовиков.\n[decea3](Необходимо знать обслуживание мотоциклов)[-]"
3537,ulmBookMaintenanceVan,Van Maintenance,Обслуживание фургона
3538,ulmBookMaintenanceVanDesc,Contains all the necessary information on how to repair and maintain various types of vans.\n[decea3](Must know Car Maintenance)[-],"Содержит всю необходимую информацию о том, как ремонтировать и обслуживать различные типы фургонов.\n[decea3](Должен знать обслуживание автомобилей)[-]"
3539,ulmBookMaintenanceTruck,Truck Maintenance,Обслуживание грузовиков
3540,ulmBookMaintenanceTruckDesc,Contains all the necessary information on how to repair and maintain various types of medium and large trucks.\n[decea3](Must know Van Maintenance)[-],Содержит всю необходимую информацию о ремонте и обслуживании различных типов средних и больших грузовиков.\n[decea3](Необходимо знать обслуживание фургонов)[-]
3541,ulmBookMaintenanceGyrocopter,Gyrocopter Maintenance,Обслуживание гирокоптеров
3542,ulmBookMaintenanceGyrocopterDesc,"Contains all the necessary information on how to craft, repair and maintain a gyrocopter.\n[decea3](Must know Truck Maintenance)[-]","Содержит всю необходимую информацию о том, как создавать, ремонтировать и обслуживать гирокоптер.\n[decea3](Должен знать обслуживание грузовиков)[-]"
3543,ulmBookMaintenancePlane,Plane Maintenance,Обслуживание самолетов
3544,ulmBookMaintenancePlaneDesc,Contains all the necessary information on how to repair and maintain various types of planes.\n[decea3](Must know Gyrocopter Maintenance)[-],"Содержит всю необходимую информацию о том, как ремонтировать и обслуживать различные типы самолетов.\n[decea3](Должен знать обслуживание гирокоптеров)[-]"
3545,ulmBookMaintenanceHelicopter,Helicopter Maintenance,Обслуживание вертолета
3546,ulmBookMaintenanceHelicopterDesc,Contains all the necessary information on how to repair and maintain various types of helicopters.\n[decea3](Must know Plane Maintenance)[-],Содержит всю необходимую информацию по ремонту и обслуживанию вертолетов различных типов.\n[decea3](Должен знать обслуживание самолетов)[-]
3547,ulmSteelGasContainerMaterial,Steel,Сталь
3548,ulmToolBerserkerDrill,Valkyrie Drill,Бур Валькирии
3549,ulmToolBerserkerDrillDesc,"[decea3]+200%[-] more damage to ore, asphalt and [decea3]+120%[-] more damage to earth.","[decea3]+200%[-] урона руде, асфальту и [decea3]+120%[-] урона по земле."
3550,ulmToolBoneSaw,Bone Saw,Костяная пила
3551,ulmToolBoneSawDesc,A crude bone saw designed for cutting animal carcasses into smaller parts.,"Грубая костяная пила, предназначенная для разделки туш животных на более мелкие части."
3552,ulmMeleeAxeCarpenters,Carpenters Axe,Топор плотника
3553,ulmMeleeAxeCarpentersDesc,[decea3]+200%[-] more damage to trees.,[decea3]+200%[-] урона по деревьям.
3554,ulmToolFireExtinguisher,Fire Extinguisher,Огнетушитель
3555,ulmToolFireExtinguisherDesc,Appears to be in an inoperable state with pressure gauge showing no pressure. Perhaps it could have some other uses when salvaged for parts.,"Похоже, он неисправен: манометр не показывает давления. Возможно, после разборки его детали ещё на что-нибудь пригодятся."
3556,ulmToolFryingPan,Frying Pan,Сковорода
3557,ulmToolFryingPanDesc,"An old frying pan. Quite heavy and unbalanced to be used as a weapon, but if it's the only thing available, it might save your life.","Старая сковорода. Довольно тяжелая и несбалансированная, чтобы использовать ее как оружие, но если это единственное доступное средство, она может спасти вам жизнь."
3558,ulmToolHammerWood,Wooden Hammer,Деревянный молоток
3559,ulmToolHammerWoodDesc,The most basic wooden hammer for carpentry work. Can be used to repair or upgrade blocks.,Самый простой деревянный молоток для плотницких работ. Может использоваться для ремонта или модернизации блоков.
3560,ulmToolJackhammer,Jackhammer,Отбойный молоток
3561,ulmToolJackhammerDesc,[decea3]+200%[-] more damage to ore and asphalt. Point it at rocks or concrete and keep it steady to smash them in seconds!,"[decea3]+200%[-] урона по руде и асфальту. Направьте на камень или бетон, чтобы разбить их в считанные секунды!"
3562,ulmToolMoldBrick,Brick Mold,Форма для кирпича
3563,ulmToolMoldBrickDesc,Mold for shaping clay into bricks.,Форма для формовки глины в кирпичи.
3564,ulmToolMoldGlass,Plate Mold,Форма для пластин
3565,ulmToolMoldGlassDesc,"Mold in which liquid sand, glass or metal solidify into solid plates.","Форма, в которой расплавленный песок или стекло застывают в пластины."
3566,ulmToolMoldIngot,Ingot Mold,Форма для литья слитков
3567,ulmToolMoldIngotDesc,Mold in which liquid metals solidify into ingots.,"Форма, в которой расплавленные металлы застывают в слитки."
3568,ulmToolPickaxeIceBreaker,Ice Breaker Pickaxe,Кирка-ледокол
3569,ulmToolPickaxeIceBreakerDesc,"[decea3]+100%[-] more damage to ore and asphalt. Normally this tool is used to break ice, but supposedly it could also be used to mine some rocks or ore as well.","[decea3]+100%[-] урона по руде и асфальту. Обычно этот инструмент используется для колки льда, но предположительно его можно использовать и для добычи камней или руды."
3570,ulmToolPickaxeScrapIron,Scrap Pickaxe,Кирка из лома
3571,ulmToolPickaxeScrapIronDesc,[decea3]+100%[-] more damage to ore and asphalt. Crudely shaped scrap iron piece with a pointy tip resembling a pickaxe with questionable durability.,"[decea3]+100%[-] урона по руде и асфальту. Железный лом грубой формы с острым наконечником, напоминающим кирку, с сомнительной прочностью."
3572,ulmToolPickaxeStone,Stone Pickaxe,Каменная кирка
3573,ulmToolPickaxeStoneDesc,"[decea3]+100%[-] more damage to ore and asphalt. Might seem illogical to bash stone against stone, but with brute force and luck, you might be able to mine out some rocks with this very primitive mining tool.","[decea3]+100%[-] урона по руде и асфальту. Может показаться нелогичным бить камень о камень, но с помощью грубой силы и удачи вы сможете добыть несколько камней с помощью этого очень примитивного горного инструмента."
3574,ulmToolPickaxeTitanium,Titanium Pickaxe,Кирка из титана
3575,ulmToolPickaxeTitaniumDesc,"[decea3]+100%[-] more damage to ore and asphalt. Made out of very durable Titanium metal, used to primarily mine rocks or ore.","[decea3]+100%[-] больше урона по руде и асфальту. Изготовлена из очень прочного титанового сплава, используется в основном для добычи камней или руды"
3576,ulmToolSaw,Saw,Пила
3577,ulmToolSawDesc,"It can barely cut through wood, but it might still be useful.","Она едва может пилить дерево, но все же может быть полезна."
3578,ulmToolSickleBrass,Brass Sickle,Латунный серп
3579,ulmToolSickleBrassDesc,Cuts grass within a large area around impact.,Срезает траву на большой площади вокруг места удара.
3580,ulmToolSickleIron,Iron Sickle,Железный серп
3581,ulmToolSickleIronDesc,Cuts grass within a large area around impact.,Срезает траву на большой площади вокруг места удара.
3582,ulmToolSickleRusty,Rusty Sickle,Ржавый серп
3583,ulmToolSickleRustyDesc,"Barely serviceable with a dull and rusted away blade, somewhat useful for cutting grass within a small area around impact.",Едва пригодный к работе серп с тупым и проржавевшим лезвием. Может срезать траву на небольшой площади вокруг места удара.
3584,ulmToolSickleScrap,Scrap Sickle,Серп из металлолома
3585,ulmToolSickleScrapDesc,Good enough for cutting grass within a small area around impact.,"Достаточно хорош, чтобы срезать траву на небольшой площади вокруг места удара."
3586,ulmToolSickleSteel,Steel Sickle,Стальной серп
3587,ulmToolSickleSteelDesc,Cuts grass within a large area around impact.,Срезает траву на большой площади вокруг места удара.
3588,ulmToolSickleTitanium,Titanium Sickle,Титановый серп
3589,ulmToolSickleTitaniumDesc,One of the most durable sickles you can probably ever find and it cuts grass within a large area around impact.,"Один из самых прочных серпов, которые вообще можно найти. Срезает траву на большой площади вокруг места удара."
3590,ulmToolShovelScrapIron,Scrap Shovel,Лопата из лома
3591,ulmToolShovelScrapIronDesc,Assembled from various Scrap Iron bits and pieces. Should perform better than a piece of rock strapped to a stick with some rope.,"Собрана из различных железных кусочков и деталей. Должна работать лучше, чем кусок камня, привязанный веревкой к палке."
3592,ulmToolShovelTitanium,Titanium Shovel,Титановая лопата
3593,ulmToolShovelTitaniumDesc,"Most luxurious tool for digging through dirt, sand or snow.","Самый роскошный инструмент для копания в грязи, песке или снегу."
3594,ulmQualityUnlocksGroupDesc,A collection of research data for improving your crafting skills and craft better quality items in this category.\n\n[decea3]Previous tiers of this research must be learned before use![-],Сборник данных исследований для улучшения ваших навыков изготовления и создания предметов более высокого качества в этой категории.\n\n[decea3]Перед использованием необходимо изучить предыдущие уровни этого исследования![-]
3595,buffAutoWeaponsComplete,Automatic Weapon Speed Boost,автоматический оружие скорость бонус
3596,buffAutoWeaponsCompleteDesc,Each kill with Machine Guns boosts your run speed.,Каждое убийство из автоматического оружия увеличивает вашу скорость бега.
3597,ulmDebuffEncumbered,Encumbered,Перегрузка
3598,ulmDebuffEncumberedDesc,"You are carrying more than your body and gear can handle. While encumbered you will have diminishing mobility and jump strength, the more encumbered you will be, the stronger the effect. Too much stress on the body can cause long term problems so be careful.","Вы несете больше, чем может выдержать ваше тело и снаряжение. Пока вы перегружены, у вас будет снижаться подвижность и сила прыжка, чем больше вы перегружены, тем сильнее эффект. Слишком большая нагрузка на организм может вызвать долгосрочные проблемы, поэтому будьте осторожны."
3599,ulmBuffHercules,Hercules,Геркулес
3600,ulmBuffHerculesDesc,Your physical ability to carry more has been increased by [decea3]200[-].\nStacks with [decea3]Steroids[-] effect.,"Вы чувствуете божественную силу Геркулеса, грузоподъёмность увеличена на [decea3]200[-].\nСкладывается с эффектом от [decea3]стероидов[-]."
3601,ulmBuffHoldHeavyWeapon,Heavy Weapon,Тяжелое оружие
3602,ulmBuffHoldHeavyWeaponDesc,"You are holding a heavy weapon, reducing your movement and jumping by [decea3]25%[-]","Вы держите в руках тяжелое оружие, уменьшена подвижность и прыгучесть на [decea3]25%[-]"
3603,ulmBuffHoldMovementSpeed10,Increased Speed,Увеличение скорости
3604,ulmBuffHoldMovementSpeed10Desc,"You are holding a weapon, that makes you walk and run faster by [decea3]10%[-]","У вас в руках оружие, которое позволяет вам ходить и бегать быстрее [decea3]10%[-]"
3605,ulmBuffPoisoned,Poisoned,Отравление
3606,ulmBuffPoisonedDesc,"You are poisoned.\n\nMelee damage reduced by [decea3]10%[-], Stamina regeneration and Stun resistance is reduced by [decea3]20%[-]. Mobility decreased by [decea3]5%[-]. Mild dehydration.\n\nCan be cured by [decea3]Poison Antidote[-]\n\nAt [decea3]100%[-] lethal if uncured.","Вы отравлены.\n\nУрон в ближнем бою уменьшен на [decea3]10%[-], регенерация выносливости и сопротивление оглушению уменьшены на [decea3]20%[-]. Подвижность снизилась на [decea3]5%[-]. Легкое обезвоживание.\n\nМожно вылечить с помощью [decea3]противоядия[-]\n\nПри [decea3]100%[-] смерть."
3607,ulmBuffPoisonedUntreated,Untreated Poison,Невылеченный яд
3608,ulmBuffPoisonedUntreatedDesc,"You are heavily poisoned.\n\nMelee damage reduced by [decea3]20%[-], Stamina regeneration and Stun resistance is reduced by [decea3]40%[-]. Mobility decreased by [decea3]10%[-]. Severe dehydration. Can be cured by [decea3]Poison Antidote[-].\n\nAt [decea3]100%[-] lethal if uncured.","Вы получили тяжёлое отравление.\n\nУрон в ближнем бою снижен на [decea3]20%[-], восстановление выносливости и сопротивление оглушению снижены на [decea3]40%[-]. Подвижность снижена на [decea3]10%[-]. Сильное обезвоживание. Можно вылечить с помощью [decea3]противоядия[-].\n\nПри [decea3]100%[-] отравление смертельно, если его не лечить."
3609,ulmBuffPoisonTreated,Treated Poison,Обработанный яд
3610,ulmBuffPoisonTreatedDesc,Treated Poison.\n\n[decea3]Poison under 50%:[-]\n [decea3]-7.5%[-] Melee damage\n [decea3]-15%[-] Stamina regeneration\n [decea3]-15%[-] Stun resistance\n [decea3]-2.5%[-] Mobility\n\n[decea3]Poisoned above 50%:[-]\n [decea3]-15%[-] Melee damage\n [decea3]-30%[-] Stamina regeneration\n [decea3]-30%[-] Stun resistance\n [decea3]-5%[-] Mobility\n\n[decea3]100% Poison:[-]\nLethal,Лечение отравления.\n\n[decea3]Отравление ниже 50%:[-]\n [decea3]-7.5%[-] урона в ближнем бою\n [decea3]-15%[-] восстановления выносливости\n [decea3]-15%[-] сопротивления оглушению\n [decea3]-2.5%[-] подвижности\n\n[decea3]Отравление выше 50%:[-]\n [decea3]-15%[-] урона в ближнем бою\n [decea3]-30%[-] восстановления выносливости\n [decea3]-30%[-] сопротивления оглушению\n [decea3]-5%[-] подвижности\n\n[decea3]Отравление 100%:[-]\nСмертельно
3611,ulmBuffPoisonTreatedTooltip,Poison effect now is treated reducing severity of its effects.,"Эффект яда нейтрализуется, уменьшая вызванные им последствия."
3612,ulmBuffPoisonedTooltip,[FF1919]You are Poisoned![-],[FF1919]Вы отравлены![-]
3613,ulmBuffLungInfectionStage1,"Lung Infection, Stage 1","Инфекция лёгких, стадия 1"
3614,ulmBuffLungInfectionStage1Desc,You've been exposed too long to contaminated/polluted air and are suffering from Stage 1 Lung Damage. Further exposure will make the infection worse. It will heal over time if you are not exposing yourself to polluted air.\n\nDisease has the following negative effects:[FF1919]\n10% Faster Water drain\n-10% Melee Damage\n-5% Stamina Recovery Speed\n-10 Max Stamina[-],"Вы слишком долго находились в загрязнённом воздухе и получили повреждение лёгких 1-й стадии. Дальнейшее воздействие ухудшит инфекцию. Если не подвергаться воздействию загрязнённого воздуха, со временем состояние улучшится.\n\nБолезнь оказывает следующие отрицательные эффекты:[FF1919]\n10% быстрее расходуется вода\n-10% урона в ближнем бою\n-5% к скорости восстановления выносливости\n-10 к максимальной выносливости[-]"
3615,ulmBuffLungInfectionStage2,"Lung Infection, Stage 2","Инфекция лёгких, стадия 2"
3616,ulmBuffLungInfectionStage2Desc,You've been exposed too long to contaminated/polluted air and are suffering from Stage 2 Lung Damage. It will heal over time if you are not exposing yourself to polluted air.\n\nDisease has the following negative effects:[FF1919]\n20% Faster Water drain\n-20% Melee Damage\n-10% Stamina Recovery Speed\n-20 Max Stamina[-],"Вы слишком долго находились в загрязнённом воздухе и получили повреждение лёгких 2-й стадии. Если не подвергаться воздействию загрязнённого воздуха, со временем состояние улучшится.\n\nБолезнь оказывает следующие отрицательные эффекты:[FF1919]\n20% быстрее расходуется вода\n-20% урона в ближнем бою\n-10% к скорости восстановления выносливости\n-20 к максимальной выносливости[-]"
3617,ulmBuffLungInfectionStage1Tooltip,You are suffering from Stage 1 Lung Infection!,Вы страдаете от инфекции лёгких 1-й стадии!
3618,ulmBuffLungInfectionStage2Tooltip,You are suffering from Stage 2 Lung Infection!,Вы страдаете от инфекции лёгких 2-й стадии!
3619,ulmBuffPollutedAir,Polluted Air,Загрязнённый воздух
3620,ulmBuffPollutedAirDesc,"The air is too polluted to breath, either equip a Gas Mask or seek shelter nearby an Air Purifier to avoid further Lung Damage.","Воздух слишком загрязнён, чтобы им дышать. Наденьте противогаз или найдите укрытие рядом с очистителем воздуха, чтобы избежать дальнейшего повреждения лёгких."
3621,ulmBuffWeatherHot1,Hot,Жарко
3622,ulmBuffWeatherHot1Desc,You are hot. Find clothing or take shelter. When you're hot you will get thirsty faster.,Вам жарко. Подберите подходящую одежду или найдите укрытие. В жару жажда наступает быстрее.
3623,ulmBuffWeatherHot2,Sweltering,Зной
3624,ulmBuffWeatherHot2Desc,You are sweltering. Find clothing or take shelter. When you're sweltering you will get thirsty faster.,Вам очень жарко. Подберите подходящую одежду или найдите укрытие. В зной жажда наступает быстрее.
3625,ulmBuffWeatherHot3,Intolerable Heat,Невыносимая жара
3626,ulmBuffWeatherHot3Desc,You are extremely hot. Find clothing or take shelter. When you're extremely hot you will get thirsty faster and will lose health every second.,"Вам невыносимо жарко. Подберите подходящую одежду или найдите укрытие. При такой жаре жажда наступает быстрее, а здоровье уменьшается каждую секунду."
3627,ulmBuffWeatherCold1,Cold,Холодно
3628,ulmBuffWeatherCold1Desc,"You are cold. Find clothing, take shelter, equip a torch or build a campfire. When you are cold you will burn more calories.","Вам холодно. Найдите одежду или укрытие, возьмите факел либо разведите костёр. На холоде организм расходует больше калорий."
3629,ulmBuffWeatherCold2,Very Cold,Очень холодно
3630,ulmBuffWeatherCold2Desc,"You are very cold. Find clothing, take shelter, equip a torch or build a campfire. When you're freezing you will burn more calories.","Вам очень холодно. Найдите одежду или укрытие, возьмите факел либо разведите костёр. При замерзании организм расходует больше калорий."
3631,ulmBuffWeatherCold3,Freezing,Замерзание
3632,ulmBuffWeatherCold3Desc,"You are freezing to death. Find clothing, take shelter, equip a torch or build a campfire. When you're freezing you will burn more calories and lose health every second.","Вы замерзаете насмерть. Найдите одежду или укрытие, возьмите факел либо разведите костёр. При замерзании организм расходует больше калорий, а здоровье уменьшается каждую секунду."
3633,ulmBuffAirPurifier,Purified Air,Очищенный воздух
3634,ulmBuffAirPurifierDesc,"You are nearby an active Air Purifier, that filters the air and makes it breathable without risking chance to getting affected by air pollution.","Рядом работает очиститель воздуха, который фильтрует загрязнения и позволяет дышать без риска воздействия загрязнённого воздуха."
3635,ulmBuffAirConditioner,Conditioned Air,Кондиционированный воздух
3636,ulmBuffAirConditionerDesc,"You are nearby an active Air Conditioner, that gives you additional Heat Resistance within it's radius of effect.\n\n[decea3]+20[-] Heat Resistance","Рядом работает кондиционер, повышающий устойчивость к жаре в радиусе действия.\n\n[decea3]+20[-] к устойчивости к жаре"
3637,ulmBuffHeater,Heated Air,Нагретый воздух
3638,ulmBuffHeaterDesc,"You are nearby an active Heater, that gives you additional Cold Resistance within it's radius of effect.\n\n[decea3]+20[-] Cold Resistance","Рядом работает обогреватель, повышающий устойчивость к холоду в радиусе действия.\n\n[decea3]+20[-] к устойчивости к холоду"
3639,ulmBuffArmorDamagedHead,Damaged Headgear,Поврежден шлем
3640,ulmBuffArmorDamagedHeadDesc,Your [decea3]Headgear[-] is damaged.,Ваш [decea3]шлем[-] поврежден.
3641,ulmBuffArmorDamagedChest,Damaged Chest Armor,Поврежден нагрудник
3642,ulmBuffArmorDamagedChestDesc,Your [decea3]Chest Armor[-] is damaged.,Ваш [decea3]нагрудник[-] поврежден.
3643,ulmBuffArmorDamagedHands,Damaged Gloves,Повреждены перчатки
3644,ulmBuffArmorDamagedHandsDesc,Your [decea3]Gloves[-] are damaged.,Ваши [decea3]перчатки[-] повреждены.
3645,ulmBuffArmorDamagedLegs,Damaged Leg Armor,Повреждены поножи
3646,ulmBuffArmorDamagedLegsDesc,Your [decea3]Leg Armor[-] is damaged.,Ваши [decea3]поножи[-] повреждены.
3647,ulmBuffArmorDamagedFeet,Damaged Boots,Повреждены ботинки
3648,ulmBuffArmorDamagedFeetDesc,Your [decea3]Boots[-] are damaged.,Ваши [decea3]ботинки[-] повреждены.
3649,ulmBuffArmorBrokenHead,Broken Headgear,Сломан шлем
3650,ulmBuffArmorBrokenHeadDesc,Your [decea3]Headgear[-] is broken.,Ваш [decea3]шлем[-] сломан.
3651,ulmBuffArmorBrokenChest,Broken Chest Armor,Сломан нагрудник
3652,ulmBuffArmorBrokenChestDesc,Your [decea3]Chest Armor[-] is broken.,Ваш [decea3]нагрудник[-] сломан.
3653,ulmBuffArmorBrokenHands,Broken Gloves,Сломаны перчатки
3654,ulmBuffArmorBrokenHandsDesc,Your [decea3]Gloves[-] are broken.,Ваши [decea3]перчатки[-] сломаны.
3655,ulmBuffArmorBrokenLegs,Broken Leg Armor,Сломаны поножи
3656,ulmBuffArmorBrokenLegsDesc,Your [decea3]Leg Armor[-] is broken.,Ваши [decea3]поножи[-] сломаны.
3657,ulmBuffArmorBrokenFeet,Broken Boots,Сломаны ботинки
3658,ulmBuffArmorBrokenFeetDesc,Your [decea3]Boots[-] are broken.,Ваши [decea3]ботинки[-] сломаны.
3659,buffEnforcerCriminalPursuitName,Criminal Pursuit,Погоня
3660,buffEnforcerCriminalPursuitDesc,Sprinting with a .44 gun in combat uses 20% less stamina.,Спринт с пистолетом 44-го калибра в бою расходует на 20% меньше выносливости.
3661,attbooks,Collectibles,Книги
3662,skillCombatPerksName,Combat,Бой
3663,skillAgilityAthleticsName,Athletics,Атлетика
3664,skillAgilityStealthName,Stealth,Скрытность
3665,skillIntellectInfluenceName,Influence,Влияние
3666,skillIntellectCraftsmanshipName,Scavenging,Разборка
3667,ulm_AttAttributes,Progression,Прогресс
3668,ulm_AttAttributesDesc,\n\n\n\n\n\n\n\n\n\n\nSelect one of the skills on the right side to see more detailed information about it,"\n\n\n\n\n\n\n\n\n\n\nВыберите один из навыков с правой стороны, чтобы увидеть более подробную информацию о нем"
3669,ulm_skill_placeholder,Skill Unavailable,Умение недоступно
3670,ulmAttributes,Perks,Умения
3671,attActionSkills,Skills,Навыки
3672,ulmBooks,Collectibles,Коллекция
3673,reqSkillPoints1,1 Skill Point,1 ОУ
3674,reqSkillPoints2,2 Skill Points,2 ОУ
3675,reqSkillPoints3,3 Skill Points,3 ОУ
3676,actionPerkTipExp,EXP,Текущий
3677,actionPerkTipExpLong,Current Experience,Текущий опыт
3678,actionPerkTipExpNext,NEXT,до след.
3679,actionPerkTipExpNextLong,Experience to level up,Опыта для повышения уровня
3680,actionSkillDeathPenalty,"You've suffered memory loss, as a result some of your\n[decea3]Action Skills[-] have deteriorated by one level","Вы пережили потерю памяти, в результате чего некоторые ваши\n[decea3]навыки действий[-] снизились на один уровень"
3681,attActionSkillsDesc,"Action Skills level up passively when performing various tasks.\n\nDifferent tasks will level up different action skills, for example, if you are using a certain weapon, performing a physical activity etc.\n\nSelect any of the Action Skills to see current skill progress for it.","Навыки пассивно повышаются при выполнении различных задач.\n\nРазные действия будут повышать уровень навыков, например, использование определенного оружия, бег\прыжки, разбор техники и т.д.\n\nВыберите любой из навыков, чтобы увидеть текущий прогресс навыка."
3682,actionPerkDesc,[decea3]Action Skill[-]: Level increases by itself when performing a certain task or finding and reading a special skill book associated to the skill.\n\n,[decea3]Навык[-]: Уровень повышается сам по себе при выполнении определенных действий (стрельба из лука\копка\разборка предметов и т.д.) или при прочтении книги относящихся к навыку.\n\n
3683,skillStrengthGeneralName,Muscle,Мышцы
3684,skillStrengthConstructionName,Mining,Горное дело
3685,skillFortitudeSurvivalName,Survival,Выживание
3686,skillFortitudeRecoveryName,Recovery,Восстановление
3687,skillPerceptionGeneralName,Hunting,Охота
3688,skillPerceptionScavengingName,Scavenging,Разборка
3689,actionPerkSniperRifles,Sniper Rifles,Снайперские винтовки
3690,actionPerkSniperRifles1,"Damage, Aim, Dismemberment [decea3]+5%[-]\nHeadshot Damage [decea3]+10%[-]\nReload Speed [decea3]+2%[-]","Урон, точность, шанс расчленения [decea3]+5%[-]\nУрон в голову [decea3]+10%[-]\nСкорость перезарядки [decea3]+2%[-]"
3691,actionPerkSniperRifles2,"Damage, Aim, Dismemberment [decea3]+10%[-]\nHeadshot Damage [decea3]+20%[-]\nReload Speed [decea3]+4%[-]","Урон, точность, шанс расчленения [decea3]+10%[-]\nУрон в голову [decea3]+20%[-]\nСкорость перезарядки [decea3]+4%[-]"
3692,actionPerkSniperRifles3,"Damage, Aim, Dismemberment [decea3]+15%[-]\nHeadshot Damage [decea3]+30%[-]\nReload Speed [decea3]+6%[-]","Урон, точность, шанс расчленения [decea3]+15%[-]\nУрон в голову [decea3]+30%[-]\nСкорость перезарядки [decea3]+6%[-]"
3693,actionPerkSniperRifles4,"Damage, Aim, Dismemberment [decea3]+20%[-]\nHeadshot Damage [decea3]+40%[-]\nReload Speed [decea3]+8%[-]","Урон, точность, шанс расчленения [decea3]+20%[-]\nУрон в голову [decea3]+40%[-]\nСкорость перезарядки [decea3]+8%[-]"
3694,actionPerkSniperRifles5,"Damage, Aim, Dismemberment [decea3]+25%[-]\nHeadshot Damage [decea3]+50%[-]\nReload Speed [decea3]+10%[-]","Урон, точность, шанс расчленения [decea3]+25%[-]\nУрон в голову [decea3]+50%[-]\nСкорость перезарядки [decea3]+10%[-]"
3695,actionPerkArchery,Bows and Crossbows,Луки и арбалеты
3696,actionPerkArchery1,"Damage, Aim, Dismemberment [decea3]+5%[-]\nHeadshot Damage [decea3]+10%[-]\nReload and Draw Speed [decea3]+5%[-]","Урон, точность, шанс расчленения [decea3]+5%[-]\nУрон в голову [decea3]+10%[-]\nСкорость перезарядки и натягивания тетивы [decea3]+5%[-]"
3697,actionPerkArchery2,"Damage, Aim, Dismemberment [decea3]+10%[-]\nHeadshot Damage [decea3]+20%[-]\nReload and Draw Speed [decea3]+10%[-]","Урон, точность, шанс расчленения [decea3]+10%[-]\nУрон в голову [decea3]+20%[-]\nСкорость перезарядки и натягивания тетивы[decea3]+10%[-]"
3698,actionPerkArchery3,"Damage, Aim, Dismemberment [decea3]+15%[-]\nHeadshot Damage [decea3]+30%[-]\nReload and Draw Speed [decea3]+15%[-]","Урон, точность, шанс расчленения [decea3]+15%[-]\nУрон в голову [decea3]+30%[-]\nСкорость перезарядки и натягивания тетивы[decea3]+15%[-]"
3699,actionPerkArchery4,"Damage, Aim, Dismemberment [decea3]+20%[-]\nHeadshot Damage [decea3]+40%[-]\nReload and Draw Speed [decea3]+20%[-]","Урон, точность, шанс расчленения [decea3]+20%[-]\nУрон в голову [decea3]+40%[-]\nСкорость перезарядки и натягивания тетивы[decea3]+20%[-]"
3700,actionPerkArchery5,"Damage, Aim, Dismemberment [decea3]+25%[-]\nHeadshot Damage [decea3]+50%[-]\nReload and Draw Speed [decea3]+25%[-]","Урон, точность, шанс расчленения [decea3]+25%[-]\nУрон в голову [decea3]+50%[-]\nСкорость перезарядки и натягивания тетивы[decea3]+25%[-]"
3701,actionPerkSpears,Polearms,Копья
3702,actionPerkSpears1,Polearms have [decea3]5%[-] increased Dismemberment chance and deal [decea3]5%[-] more Damage and have increased Headshot Damage by [decea3]10%[-],"Древковое оружие получает [decea3]5%[-] к шансу расчленения, наносит на [decea3]5%[-] больше урона и получает [decea3]10%[-] дополнительного урона при попадании в голову."
3703,actionPerkSpears2,Polearms have [decea3]10%[-] increased Dismemberment chance and deal [decea3]10%[-] more Damage and have increased Headshot Damage by [decea3]20%[-],"Древковое оружие получает [decea3]10%[-] к шансу расчленения, наносит на [decea3]10%[-] больше урона и получает [decea3]20%[-] дополнительного урона при попадании в голову."
3704,actionPerkSpears3,Polearms have [decea3]15%[-] increased Dismemberment chance and deal [decea3]15%[-] more Damage and have increased Headshot Damage by [decea3]30%[-],"Древковое оружие получает [decea3]15%[-] к шансу расчленения, наносит на [decea3]15%[-] больше урона и получает [decea3]30%[-] дополнительного урона при попадании в голову."
3705,actionPerkSpears4,Polearms have [decea3]20%[-] increased Dismemberment chance and deal [decea3]20%[-] more Damage and have increased Headshot Damage by [decea3]40%[-],"Древковое оружие получает [decea3]20%[-] к шансу расчленения, наносит на [decea3]20%[-] больше урона и получает [decea3]40%[-] дополнительного урона при попадании в голову."
3706,actionPerkSpears5,Polearms have [decea3]25%[-] increased Dismemberment chance and deal [decea3]25%[-] more Damage and have increased Headshot Damage by [decea3]50%[-],"Древковое оружие получает [decea3]25%[-] к шансу расчленения, наносит на [decea3]25%[-] больше урона и получает [decea3]50%[-] дополнительного урона при попадании в голову."
3707,actionPerkLockPicking,Lock Picking,Взлом замков
3708,actionPerkLockpickingDesc,"Improves your ability to pick locks, increasing the speed at which you can pick a lock up to [decea3]50%[-]. Pick locks with lockpicks to improve this skill.","Улучшает ваше умение взламывать замки, увеличивая скорость взлома замка до [decea3]50%[-]. Чтобы улучшить это умение, взламывайте замки."
3709,actionPerkLockPicking1,[decea3]+20[-] to Lockpicking\nLockpicks and Bobby Pins have [decea3]20%[-] more durability,[decea3]+20[-] к взлому замков\nОтмычки и шпильки имеют на [decea3]20%[-] больше прочности
3710,actionPerkLockPicking2,[decea3]+40[-] to Lockpicking\nLockpicks and Bobby Pins have [decea3]40%[-] more durability,[decea3]+40[-] к взлому замков\nОтмычки и шпильки имеют на [decea3]40%[-] больше прочности
3711,actionPerkLockPicking3,[decea3]+60[-] to Lockpicking\nLockpicks and Bobby Pins have [decea3]60%[-] more durability,[decea3]+60[-] к взлому замков\nОтмычки и шпильки имеют на [decea3]60%[-] больше прочности
3712,actionPerkLockPicking4,[decea3]+80[-] to Lockpicking\nLockpicks and Bobby Pins have [decea3]80%[-] more durability,[decea3]+80[-] к взлому замков\nОтмычки и шпильки имеют на [decea3]80%[-] больше прочности
3713,actionPerkLockPicking5,[decea3]+100[-] to Lockpicking\nLockpicks and Bobby Pins have [decea3]100%[-] more durability,[decea3]+100[-] к взлому замков\nОтмычки и шпильки имеют на [decea3]100%[-] больше прочности
3714,actionPerkLooting,Looting,Ищейка
3715,actionPerkLooting1,Looting time [decea3]-10%[-]\nLoot game stage [decea3]+5%[-],Время обыска [decea3]-10%[-]\nУровень стадии добычи [decea3]+5%[-]
3716,actionPerkLooting2,Looting time [decea3]-20%[-]\nLoot game stage [decea3]+10%[-],Время обыска [decea3]-20%[-]\nУровень стадии добычи [decea3]+10%[-]
3717,actionPerkLooting3,Looting time [decea3]-30%[-]\nLoot game stage [decea3]+15%[-],Время обыска [decea3]-30%[-]\nУровень стадии добычи [decea3]+15%[-]
3718,actionPerkLooting4,Looting time [decea3]-40%[-]\nLoot game stage [decea3]+20%[-],Время обыска [decea3]-40%[-]\nУровень стадии добычи [decea3]+20%[-]
3719,actionPerkLooting5,Looting time [decea3]-50%[-]\nLoot game stage [decea3]+25%[-],Время обыска [decea3]-50%[-]\nУровень стадии добычи [decea3]+25%[-]
3720,actionPerkButcher,Animal Harvesting,Свежевание
3721,actionPerkButcher1,Animal corpse resources [decea3]+10%[-],Ресурсов с трупов животных [decea3]+10%[-]
3722,actionPerkButcher2,Animal corpse resources [decea3]+20%[-],Ресурсов с трупов животных [decea3]+20%[-]
3723,actionPerkButcher3,Animal corpse resources [decea3]+30%[-],Ресурсов с трупов животных [decea3]+30%[-]
3724,actionPerkButcher4,Animal corpse resources [decea3]+40%[-],Ресурсов с трупов животных [decea3]+40%[-]
3725,actionPerkButcher5,Animal corpse resources [decea3]+50%[-],Ресурсов с трупов животных [decea3]+50%[-]
3726,actionPerkStrength,Weight Lifting,Поднятие тяжестей
3727,actionPerkStrength1,Increases your backpack cargo capacity by [decea3]20[-] units,Увеличивает переносимый вес на [decea3]20[-] единиц
3728,actionPerkStrength2,Increases your backpack cargo capacity by [decea3]40[-] units,Увеличивает переносимый вес на [decea3]40[-] единиц
3729,actionPerkStrength3,Increases your backpack cargo capacity by [decea3]60[-] units,Увеличивает переносимый вес на [decea3]60[-] единиц
3730,actionPerkStrength4,Increases your backpack cargo capacity by [decea3]80[-] units,Увеличивает переносимый вес на [decea3]80[-] единиц
3731,actionPerkStrength5,Increases your backpack cargo capacity by [decea3]100[-] units,Увеличивает переносимый вес на [decea3]100[-] единиц
3732,actionPerkAssaultRifles,Machine Guns,Автоматические винтовки
3733,actionPerkAssaultRifles1,"Damage, Aim, Dismemberment [decea3]+5%[-]\nHeadshot Damage [decea3]+10%[-]\nReload Speed [decea3]+2%[-]","Урон, точность, шанс расчленения [decea3]+5%[-]\nУрон в голову [decea3]+10%[-]\nСкорость перезарядки [decea3]+2%[-]"
3734,actionPerkAssaultRifles2,"Damage, Aim, Dismemberment [decea3]+10%[-]\nHeadshot Damage [decea3]+20%[-]\nReload Speed [decea3]+4%[-]","Урон, точность, шанс расчленения [decea3]+10%[-]\nУрон в голову [decea3]+20%[-]\nСкорость перезарядки [decea3]+4%[-]"
3735,actionPerkAssaultRifles3,"Damage, Aim, Dismemberment [decea3]+15%[-]\nHeadshot Damage [decea3]+30%[-]\nReload Speed [decea3]+6%[-]","Урон, точность, шанс расчленения [decea3]+15%[-]\nУрон в голову [decea3]+30%[-]\nСкорость перезарядки [decea3]+6%[-]"
3736,actionPerkAssaultRifles4,"Damage, Aim, Dismemberment [decea3]+20%[-]\nHeadshot Damage [decea3]+40%[-]\nReload Speed [decea3]+8%[-]","Урон, точность, шанс расчленения [decea3]+20%[-]\nУрон в голову [decea3]+40%[-]\nСкорость перезарядки [decea3]+8%[-]"
3737,actionPerkAssaultRifles5,"Damage, Aim, Dismemberment [decea3]+25%[-]\nHeadshot Damage [decea3]+50%[-]\nReload Speed [decea3]+10%[-]","Урон, точность, шанс расчленения [decea3]+25%[-]\nУрон в голову [decea3]+50%[-]\nСкорость перезарядки [decea3]+10%[-]"
3738,actionPerkClubs,Clubs,Дубинки
3739,actionPerkClubs1,"Damage, Dismemberment [decea3]+5%[-]\nHeadshot Damage [decea3]+10%[-]\nExtra Damage to Stunned Targets [decea3]+10%[-]","Урон, шанс расчленения [decea3]+5%[-]\nУрон в голову [decea3]+10%[-]\nДополнительный урон по оглушенным целям [decea3]+10%[-]"
3740,actionPerkClubs2,"Damage, Dismemberment [decea3]+10%[-]\nHeadshot Damage [decea3]+20%[-]\nExtra Damage to Stunned Targets [decea3]+20%[-]","Урон, шанс расчленения [decea3]+10%[-]\nУрон в голову [decea3]+20%[-]\nДополнительный урон по оглушенным целям [decea3]+20%[-]"
3741,actionPerkClubs3,"Damage, Dismemberment [decea3]+15%[-]\nHeadshot Damage [decea3]+30%[-]\nExtra Damage to Stunned Targets [decea3]+30%[-]","Урон, шанс расчленения [decea3]+15%[-]\nУрон в голову [decea3]+30%[-]\nДополнительный урон по оглушенным целям [decea3]+30%[-]"
3742,actionPerkClubs4,"Damage, Dismemberment [decea3]+20%[-]\nHeadshot Damage [decea3]+40%[-]\nExtra Damage to Stunned Targets [decea3]+40%[-]","Урон, шанс расчленения [decea3]+20%[-]\nУрон в голову [decea3]+40%[-]\nДополнительный урон по оглушенным целям [decea3]+40%[-]"
3743,actionPerkClubs5,"Damage, Dismemberment [decea3]+25%[-]\nHeadshot Damage [decea3]+50%[-]\nExtra Damage to Stunned Targets [decea3]+50%[-]","Урон, шанс расчленения [decea3]+25%[-]\nУрон в голову [decea3]+50%[-]\nДополнительный урон по оглушенным целям [decea3]+50%[-]"
3744,actionPerkSledgehammers,Sledgehammers,Молоты
3745,actionPerkSledgehammers1,"Damage, Dismemberment [decea3]+5%[-]\nExtra Headshot Damage [decea3]+10%[-]\n","Урон, шанс расчленения [decea3]+5%[-]\nУрон в голову [decea3]+10%[-]\n"
3746,actionPerkSledgehammers2,"Damage, Dismemberment [decea3]+10%[-]\nExtra Headshot Damage [decea3]+20%[-]\n","Урон, шанс расчленения [decea3]+10%[-]\nУрон в голову [decea3]+20%[-]\n"
3747,actionPerkSledgehammers3,"Damage, Dismemberment [decea3]+15%[-]\nExtra Headshot Damage [decea3]+30%[-]\n","Урон, шанс расчленения [decea3]+15%[-]\nУрон в голову [decea3]+30%[-]\n"
3748,actionPerkSledgehammers4,"Damage, Dismemberment [decea3]+20%[-]\nExtra Headshot Damage [decea3]+40%[-]\n","Урон, шанс расчленения [decea3]+20%[-]\nУрон в голову [decea3]+40%[-]\n"
3749,actionPerkSledgehammers5,"Damage, Dismemberment [decea3]+25%[-]\nExtra Headshot Damage [decea3]+50%[-]\n","Урон, шанс расчленения [decea3]+25%[-]\nУрон в голову [decea3]+50%[-]\n"
3750,actionPerkAxes,Woodcutting Tools,Лесоруб
3751,actionPerkAxes1,Damage [decea3]+10%[-]\nHarvesting efficiency [decea3]+10%[-],Урон [decea3]+10%[-]\nЭффективность заготовки [decea3]+10%[-]
3752,actionPerkAxes2,Damage [decea3]+20%[-]\nHarvesting efficiency [decea3]+20%[-],Урон [decea3]+20%[-]\nЭффективность заготовки [decea3]+20%[-]
3753,actionPerkAxes3,Damage [decea3]+30%[-]\nHarvesting efficiency [decea3]+30%[-],Урон [decea3]+30%[-]\nЭффективность заготовки [decea3]+30%[-]
3754,actionPerkAxes4,Damage [decea3]+40%[-]\nHarvesting efficiency [decea3]+40%[-],Урон [decea3]+40%[-]\nЭффективность заготовки [decea3]+40%[-]
3755,actionPerkAxes5,Damage [decea3]+50%[-]\nHarvesting efficiency [decea3]+50%[-],Урон [decea3]+50%[-]\nЭффективность заготовки [decea3]+50%[-]
3756,actionPerkShovels,Digging Tools,Землекоп
3757,actionPerkShovels1,Damage [decea3]+10%[-]\nHarvesting efficiency [decea3]+10%[-],Урон [decea3]+10%[-]\nДополнительные ресурсы [decea3]+10%[-]
3758,actionPerkShovels2,Damage [decea3]+20%[-]\nHarvesting efficiency [decea3]+20%[-],Урон [decea3]+20%[-]\nДополнительные ресурсы [decea3]+20%[-]
3759,actionPerkShovels3,Damage [decea3]+30%[-]\nHarvesting efficiency [decea3]+30%[-],Урон [decea3]+30%[-]\nДополнительные ресурсы [decea3]+30%[-]
3760,actionPerkShovels4,Damage [decea3]+40%[-]\nHarvesting efficiency [decea3]+40%[-],Урон [decea3]+40%[-]\nДополнительные ресурсы [decea3]+40%[-]
3761,actionPerkShovels5,Damage [decea3]+50%[-]\nHarvesting efficiency [decea3]+50%[-],Урон [decea3]+50%[-]\nДополнительные ресурсы [decea3]+50%[-]
3762,actionPerkMining,Mining Tools,Шахтер
3763,actionPerkMiningDesc,You become more skillful while using mining related tools such as picks and pickaxes. Use mining tools to improve this skill.,"Вы становитесь более умелым при использовании инструментов, связанных с добычей полезных ископаемых, таких как кирки и буры. Используйте шахтерские инструменты, чтобы улучшить этот навык."
3764,actionPerkMiningEffect,"[decea3]+0.5%[-] Block Damage, [decea3]+0.2%[-] Attack Speed, [decea3]-0.2%[-] Stamina usage.","[decea3]+0.5%[-] Урон блокам, [decea3]+0.2%[-] скорость атаки, [decea3]-0.2%[-] расход выносливости."
3765,actionPerkMining1,Damage [decea3]+10%[-]\nHarvesting efficiency [decea3]+10%[-],Урон [decea3]+10%[-]\nДополнительные ресурсы [decea3]+10%[-]
3766,actionPerkMining2,Damage [decea3]+20%[-]\nHarvesting efficiency [decea3]+20%[-],Урон [decea3]+20%[-]\nДополнительные ресурсы [decea3]+20%[-]
3767,actionPerkMining3,Damage [decea3]+30%[-]\nHarvesting efficiency [decea3]+30%[-],Урон [decea3]+30%[-]\nДополнительные ресурсы [decea3]+30%[-]
3768,actionPerkMining4,Damage [decea3]+40%[-]\nHarvesting efficiency [decea3]+40%[-],Урон [decea3]+40%[-]\nДополнительные ресурсы [decea3]+40%[-]
3769,actionPerkMining5,Damage [decea3]+50%[-]\nHarvesting efficiency [decea3]+50%[-],Урон [decea3]+50%[-]\nДополнительные ресурсы [decea3]+50%[-]
3770,actionPerkShotguns,Shotguns,Дробовики
3771,actionPerkShotgunsDesc,"Improves [decea3]Shotgun[-] fire rate, reload speed, damage and aiming up to [decea3]25%[-]. Use shotguns to improve this skill.","Повышает скорострельность [decea3]дробовика[-], скорость перезарядки, урон и точность до [decea3]25%[-]. Используйте дробовики, чтобы развить этот навык."
3772,actionPerkShotgunsEffect,"Improves [decea3]Shotgun[-] fire rate, reload speed, damage and aiming \nby [decea3]0.25%[-].","Повышает скорострельность [decea3]дробовика[-], скорость перезарядки, урон и точность \nна [decea3]0.25%[-]."
3773,actionPerkShotguns1,"Damage, Fire rate, Dismemberment [decea3]+5%[-]\nHeadshot Damage [decea3]+10%[-]\nReload Speed [decea3]+2%[-]","Урон, скорострельность, шанс расчленения [decea3]+5%[-]\nУрон в голову [decea3]+10%[-]\nСкорость перезарядки [decea3]+2%[-]"
3774,actionPerkShotguns2,"Damage, Fire rate, Dismemberment [decea3]+10%[-]\nHeadshot Damage [decea3]+20%[-]\nReload Speed [decea3]+4%[-]","Урон, скорострельность, шанс расчленения [decea3]+10%[-]\nУрон в голову [decea3]+20%[-]\nСкорость перезарядки [decea3]+4%[-]"
3775,actionPerkShotguns3,"Damage, Fire rate, Dismemberment [decea3]+15%[-]\nHeadshot Damage [decea3]+30%[-]\nReload Speed [decea3]+6%[-]","Урон, скорострельность, шанс расчленения [decea3]+15%[-]\nУрон в голову [decea3]+30%[-]\nСкорость перезарядки [decea3]+6%[-]"
3776,actionPerkShotguns4,"Damage, Fire rate, Dismemberment [decea3]+20%[-]\nHeadshot Damage [decea3]+40%[-]\nReload Speed [decea3]+8%[-]","Урон, скорострельность, шанс расчленения [decea3]+20%[-]\nУрон в голову [decea3]+40%[-]\nСкорость перезарядки [decea3]+8%[-]"
3777,actionPerkShotguns5,"Damage, Fire rate, Dismemberment [decea3]+25%[-]\nHeadshot Damage [decea3]+50%[-]\nReload Speed [decea3]+10%[-]","Урон, скорострельность, шанс расчленения [decea3]+25%[-]\nУрон в голову [decea3]+50%[-]\nСкорость перезарядки [decea3]+10%[-]"
3778,actionPerkBrawler,Brawler,Дебошир
3779,actionPerkBrawler1,"Damage, Dismemberment [decea3]+5%[-]\nHeadshot Damage [decea3]+10%[-]","Урон, шанс расчленения [decea3]+5%[-]\nУрон в голову [decea3]+10%[-]"
3780,actionPerkBrawler2,"Damage, Dismemberment [decea3]+10%[-]\nHeadshot Damage [decea3]+20%[-]","Урон, шанс расчленения [decea3]+10%[-]\nУрон в голову [decea3]+20%[-]"
3781,actionPerkBrawler3,"Damage, Dismemberment [decea3]+15%[-]\nHeadshot Damage [decea3]+30%[-]","Урон, шанс расчленения [decea3]+15%[-]\nУрон в голову [decea3]+30%[-]"
3782,actionPerkBrawler4,"Damage, Dismemberment [decea3]+20%[-]\nHeadshot Damage [decea3]+40%[-]","Урон, шанс расчленения [decea3]+20%[-]\nУрон в голову [decea3]+40%[-]"
3783,actionPerkBrawler5,"Damage, Dismemberment [decea3]+25%[-]\nHeadshot Damage [decea3]+50%[-]","Урон, шанс расчленения [decea3]+25%[-]\nУрон в голову [decea3]+50%[-]"
3784,actionPerkResistHeat,Heat Resistance,Устойчивость к жаре
3785,actionPerkResistHeat1,Heat resistance [decea3]+0.5[-],Устойчивость к жаре [decea3]+0.5[-]
3786,actionPerkResistHeat2,Heat resistance [decea3]+1.0[-],Устойчивость к жаре [decea3]+1.0[-]
3787,actionPerkResistHeat3,Heat resistance [decea3]+1.5[-],Устойчивость к жаре [decea3]+1.5[-]
3788,actionPerkResistHeat4,Heat resistance [decea3]+2.0[-],Устойчивость к жаре [decea3]+2.0[-]
3789,actionPerkResistHeat5,Heat resistance [decea3]+2.5[-],Устойчивость к жаре [decea3]+2.5[-]
3790,actionPerkResistCold,Cold Resistance,Устойчивость к холоду
3791,actionPerkResistCold1,Cold resistance [decea3]+0.5[-],Устойчивость к холоду [decea3]+0.5[-]
3792,actionPerkResistCold2,Cold resistance [decea3]+1.0[-],Устойчивость к холоду [decea3]+1.0[-]
3793,actionPerkResistCold3,Cold resistance [decea3]+1.5[-],Устойчивость к холоду [decea3]+1.5[-]
3794,actionPerkResistCold4,Cold resistance [decea3]+2.0[-],Устойчивость к холоду [decea3]+2.0[-]
3795,actionPerkResistCold5,Cold resistance [decea3]+2.5[-],Устойчивость к холоду [decea3]+2.5[-]
3796,actionPerkResistPain,Pain Resistance,Болевой порог
3797,actionPerkResistPain1,Health Loss [decea3]-4%[-]\nStun resistance [decea3]+10%[-],Потеря здоровья [decea3]-4%[-]\nСопротивление оглушению [decea3]+10%[-]
3798,actionPerkResistPain2,Health Loss [decea3]-8%[-]\nStun resistance [decea3]+20%[-],Потеря здоровья [decea3]-8%[-]\nСопротивление оглушению [decea3]+20%[-]
3799,actionPerkResistPain3,Health Loss [decea3]-12%[-]\nStun resistance [decea3]+30%[-],Потеря здоровья [decea3]-12%[-]\nСопротивление оглушению [decea3]+30%[-]
3800,actionPerkResistPain4,Health Loss [decea3]-16%[-]\nStun resistance [decea3]+40%[-],Потеря здоровья [decea3]-16%[-]\nСопротивление оглушению [decea3]+40%[-]
3801,actionPerkResistPain5,Health Loss [decea3]-20%[-]\nStun resistance [decea3]+50%[-],Потеря здоровья [decea3]-20%[-]\nСопротивление оглушению [decea3]+50%[-]
3802,actionPerkHealing,Healing,Лекарь
3803,actionPerkHealingDesc,Increases Max Health up to [decea3]50[-]. Use healing items or drugs to improve this skill.,Увеличивает максимальное здоровье до [decea3]50[-]. Используйте медикаменты для развития навыка.
3804,actionPerkHealingEffect,Increases Max Health by [decea3]0.5[-].,Увеличивает максимальное здоровье на [decea3]0.5[-].
3805,actionPerkHealing1,Medical items are [decea3]10%[-] more effective,медицинский предметы [decea3]10%[-] больше эффективный
3806,actionPerkHealing2,Medical items are [decea3]20%[-] more effective,медицинский предметы [decea3]20%[-] больше эффективный
3807,actionPerkHealing3,Medical items are [decea3]30%[-] more effective,медицинский предметы [decea3]30%[-] больше эффективный
3808,actionPerkHealing4,Medical items are [decea3]40%[-] more effective,медицинский предметы [decea3]40%[-] больше эффективный
3809,actionPerkHealing5,Medical items are [decea3]50%[-] more effective,медицинский предметы [decea3]50%[-] больше эффективный
3810,actionPerkHandguns,Handguns,Пистолеты
3811,actionPerkHandgunsDesc,"Improves [decea3]Handgun[-] fire rate, reload speed, damage and aiming up to [decea3]25%[-]. Use handguns to improve this skill.","Повышает скорострельность, скорость перезарядки, урон и точность [decea3]пистолетов[-] на [decea3]25%[-]. Используйте пистолеты для развития этого навыка."
3812,actionPerkHandgunsEffect,"Improves [decea3]Handgun[-] fire rate, reload speed, damage and aiming \nby [decea3]0.25%[-].","улучшает [decea3]Handgun[-] огонь скорость, перезарядка скорость, урон и прицеливание \nс помощью [decea3]0.25%[-]."
3813,actionPerkHandguns1,"Damage, Aim, Dismemberment [decea3]+5%[-]\nHeadshot Damage [decea3]+10%[-]\nReload Speed [decea3]+2%[-]","Урон, точность, шанс расчленения [decea3]+5%[-]\nУрон в голову [decea3]+10%[-]\nСкорость перезарядки [decea3]+2%[-]"
3814,actionPerkHandguns2,"Damage, Aim, Dismemberment [decea3]+10%[-]\nHeadshot Damage [decea3]+20%[-]\nReload Speed [decea3]+4%[-]","Урон, точность, шанс расчленения [decea3]+10%[-]\nУрон в голову [decea3]+20%[-]\nСкорость перезарядки [decea3]+4%[-]"
3815,actionPerkHandguns3,"Damage, Aim, Dismemberment [decea3]+15%[-]\nHeadshot Damage [decea3]+30%[-]\nReload Speed [decea3]+6%[-]","Урон, точность, шанс расчленения [decea3]+15%[-]\nУрон в голову [decea3]+30%[-]\nСкорость перезарядки [decea3]+6%[-]"
3816,actionPerkHandguns4,"Damage, Aim, Dismemberment [decea3]+20%[-]\nHeadshot Damage [decea3]+40%[-]\nReload Speed [decea3]+8%[-]","Урон, точность, шанс расчленения [decea3]+20%[-]\nУрон в голову [decea3]+40%[-]\nСкорость перезарядки [decea3]+8%[-]"
3817,actionPerkHandguns5,"Damage, Aim, Dismemberment [decea3]+25%[-]\nHeadshot Damage [decea3]+50%[-]\nReload Speed [decea3]+10%[-]","Урон, точность, шанс расчленения [decea3]+25%[-]\nУрон в голову [decea3]+50%[-]\nСкорость перезарядки [decea3]+10%[-]"
3818,actionPerkBlades,Knives and Swords,Клинки и мечи
3819,actionPerkBladesDesc,"Improves blade weapon damage, attack speed and dismemberment chance up to [decea3]25%[-] and improves harvesting meat up to [decea3]40%[-]. Use blade weapons to improve this skill.","Повышает урон клинкового оружия, скорость атаки и шанс расчленения (увечья) на [decea3]25%[-], количество собираемого мяса на [decea3]40%[-]. Используйте клинковое оружие для развития этого навыка."
3820,actionPerkBladesEffect,"Improves blade weapon damage, attack speed and dismemberment chance by [decea3]0.25%[-]. Become more effective in harvesting meat by [decea3]0.4%[-].","улучшает клинок оружие урон, атака скорость и расчленение шанс с помощью [decea3]0.25%[-]. становиться больше эффективный в добыча мясо с помощью [decea3]0.4%[-]."
3821,actionPerkBlades1,"Damage, Dismemberment [decea3]+5%[-]\nHeadshot Damage [decea3]+10%[-]","Урон, шанс расчленения [decea3]+5%[-]\nУрон в голову [decea3]+10%[-]"
3822,actionPerkBlades2,"Damage, Dismemberment [decea3]+10%[-]\nHeadshot Damage [decea3]+20%[-]","Урон, шанс расчленения [decea3]+10%[-]\nУрон в голову [decea3]+20%[-]"
3823,actionPerkBlades3,"Damage, Dismemberment [decea3]+15%[-]\nHeadshot Damage [decea3]+30%[-]","Урон, шанс расчленения [decea3]+15%[-]\nУрон в голову [decea3]+30%[-]"
3824,actionPerkBlades4,"Damage, Dismemberment [decea3]+20%[-]\nHeadshot Damage [decea3]+40%[-]","Урон, шанс расчленения [decea3]+20%[-]\nУрон в голову [decea3]+40%[-]"
3825,actionPerkBlades5,"Damage, Dismemberment [decea3]+25%[-]\nHeadshot Damage [decea3]+50%[-]","Урон, шанс расчленения [decea3]+25%[-]\nУрон в голову [decea3]+50%[-]"
3826,actionPerkAthletics,Athletics,Атлетика
3827,actionPerkAthleticsDesc,"Improves your stamina regeneration rate while running and maximum stamina up to [decea3]20%[-]. Walk, run, jump or swim to improve the skill.","Повышает скорость регенерации выносливости при беге и максимальную выносливость до [decea3]20%[-]. Гуляйте, бегайте, прыгайте или плавайте, чтоб развить навык."
3828,actionPerkAthleticsEffect,Improves stamina regeneration while running and maximum stamina by [decea3]0.2%[-].,Повышает скорость регенерации выносливости при беге и максимальную выносливость на [decea3]0.2%[-].
3829,actionPerkAthletics1,Maximum Stamina [decea3]+5%[-]\nSprinting Stamina recovery [decea3]+5%[-],Максимум выносливости [decea3]+5%[-]\nВосстановление выносливости при беге [decea3]+5%[-]
3830,actionPerkAthletics2,Maximum Stamina [decea3]+10%[-]\nSprinting Stamina recovery [decea3]10%[-],максимальный выносливость [decea3]+10%[-]\nспринт выносливость восстановление [decea3]10%[-]
3831,actionPerkAthletics3,Maximum Stamina [decea3]+15%[-]\nSprinting Stamina recovery [decea3]15%[-],максимальный выносливость [decea3]+15%[-]\nспринт выносливость восстановление [decea3]15%[-]
3832,actionPerkAthletics4,Maximum Stamina [decea3]+20%[-]\nSprinting Stamina recovery [decea3]20%[-],максимальный выносливость [decea3]+20%[-]\nспринт выносливость восстановление [decea3]20%[-]
3833,actionPerkAthletics5,Maximum Stamina [decea3]+25%[-]\nSprinting Stamina recovery [decea3]25%[-],максимальный выносливость [decea3]+25%[-]\nспринт выносливость восстановление [decea3]25%[-]
3834,actionPerkSneaking,Sneaking,Скрытность
3835,actionPerkSneakingDesc,Increases your crouch speed and reduces noise while crouched up to [decea3]25%[-]. Move while crouched to improve this skill.,Повышает скорость передвижения в режиме скрытности и уменьшает издаваемый шум до [decea3]25%[-]. Движение в режиме скрытности развивает навык.
3836,actionPerkSneakingEffect,Increases your crouch speed and reduces noise while crouched by [decea3]0.25%[-].,Повышает скорость передвижения в режиме скрытности и уменьшает издаваемый шум на [decea3]0.25%[-].
3837,actionPerkSneaking1,Crouch speed [decea3]+5%[-]\nDetection and noise [decea3]-5%[-],Скорость передвижения в режиме скрытности [decea3]+5%[-]\nШанс обнаружения и создаваемый шум [decea3]-5%[-]
3838,actionPerkSneaking2,Crouch speed [decea3]+10%[-]\nDetection and noise [decea3]-10%[-],Скорость передвижения в режиме скрытности [decea3]+10%[-]\nШанс обнаружения и создаваемый шум [decea3]-10%[-]
3839,actionPerkSneaking3,Crouch speed [decea3]+15%[-]\nDetection and noise [decea3]-15%[-],Скорость передвижения в режиме скрытности [decea3]+15%[-]\nШанс обнаружения и создаваемый шум [decea3]-15%[-]
3840,actionPerkSneaking4,Crouch speed [decea3]+20%[-]\nDetection and noise [decea3]-20%[-],Скорость передвижения в режиме скрытности [decea3]+20%[-]\nШанс обнаружения и создаваемый шум [decea3]-20%[-]
3841,actionPerkSneaking5,Crouch speed [decea3]+25%[-]\nDetection and noise [decea3]-25%[-],Скорость передвижения в режиме скрытности [decea3]+25%[-]\nШанс обнаружения и создаваемый шум [decea3]-25%[-]
3842,actionPerkAssasin,Assassin,Убийца
3843,actionPerkAssasin1,Sneak attacks deal [decea3]20%[-] more damage,Внезапные атаки дополнительно наносят [decea3]20%[-]
3844,actionPerkAssasin2,Sneak attacks deal [decea3]40%[-] more damage,Внезапные атаки дополнительно наносят [decea3]40%[-]
3845,actionPerkAssasin3,Sneak attacks deal [decea3]60%[-] more damage,Внезапные атаки дополнительно наносят [decea3]60%[-]
3846,actionPerkAssasin4,Sneak attacks deal [decea3]80%[-] more damage,Внезапные атаки дополнительно наносят [decea3]80%[-]
3847,actionPerkAssasin5,Sneak attacks deal [decea3]100%[-] more damage,Внезапные атаки дополнительно наносят [decea3]100%[-]
3848,actionPerkSubmachineGuns,Submachine Guns,Пистолеты-пулемёты
3849,actionPerkSubmachineGunsDesc,"Improves [decea3]Submachine Gun[-] fire rate, reload speed, damage and aiming up to [decea3]25%[-]. Use submachine guns to improve this skill.","Повышает скорострельность [decea3]пистолета-пулемёта[-], скорость перезарядки, урон и точность до [decea3]25%[-]. Для развития этого навыка используйте пистолеты-пулемёты."
3850,actionPerkSubmachineGunsEffect,"Improves [decea3]Submachine Guns[-] fire rate, reload speed, damage and aiming \nby [decea3]0.25%[-].","улучшает [decea3]Submachine оружие[-] огонь скорость, перезарядка скорость, урон и прицеливание \nс помощью [decea3]0.25%[-]."
3851,actionPerkSubmachineGuns1,Damage and Aim [decea3]+5%[-]\nDismemberment [decea3]+4%[-]\nHeadshot Damage [decea3]+10%[-]\nReload Speed [decea3]+2%[-],Урон и точность [decea3]+5%[-]\nШанс расчленения [decea3]+4%[-]\nУрон в голову [decea3]+10%[-]\nСкорость перезарядки [decea3]+2%[-]
3852,actionPerkSubmachineGuns2,Damage and Aim [decea3]+10%[-]\nDismemberment [decea3]+8%[-]\nHeadshot Damage [decea3]+20%[-]\nReload Speed [decea3]+4%[-],Урон и точность [decea3]+10%[-]\nШанс расчленения [decea3]+8%[-]\nУрон в голову [decea3]+20%[-]\nСкорость перезарядки [decea3]+4%[-]
3853,actionPerkSubmachineGuns3,Damage and Aim [decea3]+15%[-]\nDismemberment [decea3]+12%[-]\nHeadshot Damage [decea3]+30%[-]\nReload Speed [decea3]+6%[-],Урон и точность [decea3]+15%[-]\nШанс расчленения [decea3]+12%[-]\nУрон в голову [decea3]+30%[-]\nСкорость перезарядки [decea3]+6%[-]
3854,actionPerkSubmachineGuns4,Damage and Aim [decea3]+20%[-]\nDismemberment [decea3]+16%[-]\nHeadshot Damage [decea3]+40%[-]\nReload Speed [decea3]+8%[-],Урон и точность [decea3]+20%[-]\nШанс расчленения [decea3]+16%[-]\nУрон в голову [decea3]+40%[-]\nСкорость перезарядки [decea3]+8%[-]
3855,actionPerkSubmachineGuns5,Damage and Aim [decea3]+25%[-]\nDismemberment [decea3]+20%[-]\nHeadshot Damage [decea3]+50%[-]\nReload Speed [decea3]+10%[-],Урон и точность [decea3]+25%[-]\nШанс расчленения [decea3]+20%[-]\nУрон в голову [decea3]+50%[-]\nСкорость перезарядки [decea3]+10%[-]
3856,actionPerkExplosives,Explosives,Взрывчатка
3857,actionPerkExplosives1,Damage [decea3]+10%[-]\nAim and Dismemberment chance [decea3]+5%[-]\nReload Speed [decea3]+2%[-],Урон [decea3]+10%[-]\nТочность и шанс расчленения [decea3]+5%[-]\nСкорость перезарядки [decea3]+2%[-]
3858,actionPerkExplosives2,Damage [decea3]+20%[-]\nAim and Dismemberment chance [decea3]+10%[-]\nReload Speed [decea3]+4%[-],Урон [decea3]+20%[-]\nТочность и шанс расчленения [decea3]+10%[-]\nСкорость перезарядки [decea3]+4%[-]
3859,actionPerkExplosives3,Damage [decea3]+30%[-]\nAim and Dismemberment chance [decea3]+15%[-]\nReload Speed [decea3]+6%[-],Урон [decea3]+30%[-]\nТочность и шанс расчленения [decea3]+15%[-]\nСкорость перезарядки [decea3]+6%[-]
3860,actionPerkExplosives4,Damage [decea3]+40%[-]\nAim and Dismemberment chance [decea3]+20%[-]\nReload Speed [decea3]+8%[-],Урон [decea3]+40%[-]\nТочность и шанс расчленения [decea3]+20%[-]\nСкорость перезарядки [decea3]+8%[-]
3861,actionPerkExplosives5,Damage [decea3]+50%[-]\nAim and Dismemberment chance [decea3]+25%[-]\nReload Speed [decea3]+10%[-],Урон [decea3]+50%[-]\nТочность и шанс расчленения [decea3]+25%[-]\nСкорость перезарядки [decea3]+10%[-]
3862,actionPerkShockers,Baton Weapons,Шоковый жезл
3863,actionPerkShockers1,"Damage, Dismemberment [decea3]+5%[-]\nHeadshot Damage [decea3]+10%[-]","Урон, шанс расчленения [decea3]+5%[-]\nУрон в голову [decea3]+10%[-]"
3864,actionPerkShockers2,"Damage, Dismemberment [decea3]+10%[-]\nHeadshot Damage [decea3]+20%[-]","Урон, шанс расчленения [decea3]+10%[-]\nУрон в голову [decea3]+20%[-]"
3865,actionPerkShockers3,"Damage, Dismemberment [decea3]+15%[-]\nHeadshot Damage [decea3]+30%[-]","Урон, шанс расчленения [decea3]+15%[-]\nУрон в голову [decea3]+30%[-]"
3866,actionPerkShockers4,"Damage, Dismemberment [decea3]+20%[-]\nHeadshot Damage [decea3]+40%[-]","Урон, шанс расчленения [decea3]+20%[-]\nУрон в голову [decea3]+40%[-]"
3867,actionPerkShockers5,"Damage, Dismemberment [decea3]+25%[-]\nHeadshot Damage [decea3]+50%[-]","Урон, шанс расчленения [decea3]+25%[-]\nУрон в голову [decea3]+50%[-]"
3868,actionPerkTurrets,Turrets,Турели
3869,actionPerkTurrets1,Portable Turret performance [decea3]+5%[-]\nElectrical Trap EXP [decea3]+5%[-],Эффективность портативной турели [decea3]+5%[-]\nОпыт от механизмов [decea3]+5%[-]
3870,actionPerkTurrets2,Portable Turret performance [decea3]+10%[-]\nElectrical Trap EXP [decea3]+10%[-],Эффективность портативной турели [decea3]+10%[-]\nОпыт от механизмов [decea3]+10%[-]
3871,actionPerkTurrets3,Portable Turret performance [decea3]+15%[-]\nElectrical Trap EXP [decea3]+15%[-],Эффективность портативной турели [decea3]+15%[-]\nОпыт от механизмов [decea3]+15%[-]
3872,actionPerkTurrets4,Portable Turret performance [decea3]+20%[-]\nElectrical Trap EXP [decea3]+20%[-],Эффективность портативной турели [decea3]+20%[-]\nОпыт от механизмов [decea3]+20%[-]
3873,actionPerkTurrets5,Portable Turret performance [decea3]+25%[-]\nElectrical Trap EXP [decea3]+25%[-],Эффективность портативной турели [decea3]+25%[-]\nОпыт от механизмов [decea3]+25%[-]
3874,actionPerkTrading,Trading,Торговля
3875,actionPerkTrading1,Selling items is [decea3]5%[-] more profitable\nTrade Level [decea3]+1[-],Продажа предметов на [decea3]5%[-] выгоднее\nУровень торговли [decea3]+1[-]
3876,actionPerkTrading2,Selling items is [decea3]10%[-] more profitable\nTrade Level [decea3]+2[-],Продажа предметов на [decea3]10%[-] выгоднее\nУровень торговли [decea3]+2[-]
3877,actionPerkTrading3,Selling items is [decea3]15%[-] more profitable\nTrade Level [decea3]+3[-],Продажа предметов на [decea3]15%[-] выгоднее\nУровень торговли [decea3]+3[-]
3878,actionPerkTrading4,Selling items is [decea3]20%[-] more profitable\nTrade Level [decea3]+4[-],Продажа предметов на [decea3]20%[-] выгоднее\nУровень торговли [decea3]+4[-]
3879,actionPerkTrading5,Selling items is [decea3]25%[-] more profitable\nTrade Level [decea3]+5[-],Продажа предметов на [decea3]25%[-] выгоднее\nУровень торговли [decea3]+5[-]
3880,actionPerkQuesting,Missions,Задания
3881,actionPerkQuesting1,Reward Dukes [decea3]+5%[-],Награда дюками [decea3]+5%[-]
3882,actionPerkQuesting2,Reward Dukes [decea3]+10%[-],Награда дюками [decea3]+10%[-]
3883,actionPerkQuesting3,Reward Dukes [decea3]+15%[-]\nAdditional mission reward offer,Награда дюками [decea3]+15%[-]\nДополнительный предмет на выбор за выполнение задания
3884,actionPerkQuesting4,Reward Dukes [decea3]+20%[-]\nAdditional mission reward,Награда дюками [decea3]+20%[-]\nДополнительный предмет в награду за выполнение задания
3885,actionPerkQuesting5,Reward Dukes [decea3]+25%[-],Награда дюками [decea3]+25%[-]
3886,actionPerkSalvaging,Salvage Tools,Старьевщик
3887,actionPerkSalvaging1,Damage [decea3]+10%[-]\nSalvaging efficiency [decea3]+10%[-],Урон [decea3]+10%[-]\nДополнительные ресурсы [decea3]+10%[-]
3888,actionPerkSalvaging2,Damage [decea3]+20%[-]\nSalvaging efficiency [decea3]+20%[-],Урон [decea3]+20%[-]\nДополнительные ресурсы [decea3]+20%[-]
3889,actionPerkSalvaging3,Damage [decea3]+30%[-]\nSalvaging efficiency [decea3]+30%[-],Урон [decea3]+30%[-]\nДополнительные ресурсы [decea3]+30%[-]
3890,actionPerkSalvaging4,Damage [decea3]+40%[-]\nSalvaging efficiency [decea3]+40%[-],Урон [decea3]+40%[-]\nДополнительные ресурсы [decea3]+40%[-]
3891,actionPerkSalvaging5,Damage [decea3]+50%[-]\nSalvaging efficiency [decea3]+50%[-],Урон [decea3]+50%[-]\nДополнительные ресурсы [decea3]+50%[-]
3892,ulmSkillUtilityName,Utility,Умение
3893,perkSniperAPAmmoDesc,Craft [decea3]AP 7.92mm[-] ammunition.,изготавливать [decea3]AP 7.92мм[-] боеприпасы.
3894,perkSniperAPAmmoLongDesc,Teaches you how to craft [decea3]AP 7.92mm[-] ammunition.,Teaches вы как к изготавливать [decea3]AP 7.92мм[-] боеприпасы.
3895,perkSniperHPAmmoDesc,Craft [decea3]HP 7.92mm[-] ammunition.,изготавливать [decea3]HP 7.92мм[-] боеприпасы.
3896,perkSniperHPAmmoLongDesc,Teaches you how to craft [decea3]HP 7.92mm[-] ammunition.,Teaches вы как к изготавливать [decea3]HP 7.92мм[-] боеприпасы.
3897,bookArtOfMiningNobleMetalsDesc,You can craft [decea3]Gold[-] and [decea3]Silver Ingots[-].,Вы можете изготавливать [decea3]золотые[-] и [decea3]серебряные[-] слитки.
3898,bookArtOfMiningNobleMetalsLongDesc,"Specialist Smelter: Learn the skills to smelt noble metals such as Gold, Silver etc.","Плавильщик: Получите навыки выплавки благородных металлов, таких как золото, серебро и т.д."
3899,perkRangersCompleteDesc,Bows and Crossbows deal [decea3]10%[-] more damage.,Луки и арбалеты наносят на [decea3]10%[-] больше урона.
3900,perkRangersCompleteLongDesc,Bows and Crossbows deal [decea3]10%[-] more damage.,Луки и арбалеты наносят на [decea3]10%[-] больше урона.
3901,perkEnforcerCompleteDesc,All shots with .44 ammo penetrate enemies.,Все выстрелы патронами 44-го калибра пробивают врагов на вылет.
3902,perkEnforcerCompleteLongDesc,All shots with .44 ammo penetrate enemies.,Все выстрелы патронами 44-го калибра пробивают врагов на вылет.
3903,perkSniperCompleteDesc,You can craft a Ghillie Suit.,Вы можете изготовить маскировочный костюм.
3904,perkSniperCompleteLongDesc,You can craft a Ghillie Suit.,Вы можете изготовить маскировочный костюм.
3905,skillTreeStrength05Desc,[decea3]{0}[-] to Strength,[decea3]{0}[-] к силе
3906,skillTreeStrengthClassDesc,"[decea3]A S S A U L T[-]\n[decea3]{0}[-] to Inventory Carry Limit\n[decea3]{1}[-] to Maximum Food and Thirst Limit\n[decea3]{2}[-] increased Melee Weapon Physical Damage\n[decea3]{3}[-] increased Assault Rifle, Rocket Launcher and Explosive Physical Damage\n[decea3]{4}[-] increased Mining Tool Physical Damage","[decea3]Ш Т У Р М О В И К[-]\n[decea3]{0}[-] к лимиту переносимого веса в инвентаре\n[decea3]{1}[-] к максимальному запасу еды и воды\n[decea3]{2}[-] к физическому урону оружия ближнего боя\n[decea3]{3}[-] к физическому урону штурмовых винтовок, ракетниц и взрывчатки\n[decea3]{4}[-] к физическому урону шахтёрских инструментов"
3907,ulmSkillStrength,Strength,Сила
3908,ulmSkillStrengthDesc,[decea3]{0}[-] increased [decea3]Melee Physical Damage[-]\n[decea3]Carry Weight[-] limit increased by [decea3]{1}[-],[decea3]{0}[-] к [decea3]физическому урону в ближнем бою[-]\nПредел [decea3]переносимого веса[-] увеличен на [decea3]{1}[-]
3909,ulmSkillStrengthDescDefault,Every [decea3]{0}[-] Strength:\n[decea3]{1}[-] increased [decea3]Melee Physical Damage[-]\n[decea3]Carry Weight[-] limit increased by [decea3]{2}[-],За каждые [decea3]{0}[-] Силы:\n[decea3]{1}[-] к [decea3]физическому урону в ближнем бою[-]\nПредел [decea3]переносимого веса[-] увеличен на [decea3]{2}[-]
3910,skillTreeFortitude05Desc,[decea3]{0}[-] to Fortitude,[decea3]{0}[-] к стойкости
3911,skillTreeFortitudeClassDesc,[decea3]E N F O R C E R[-]\n[decea3]{0}[-] increased [decea3]Maximum Health[-]\n[decea3]{1}[-] increased [decea3]Stun Resistance[-]\n[decea3]{2}[-] increased healing effectiveness of medical healing items\n[decea3]{3}[-] increased Fist Weapon Physical Damage\n[decea3]{4}[-] increased Shotgun Physical Damage,[decea3]С И Л О В И К[-]\n[decea3]{0}[-] к [decea3]максимальному здоровью[-]\n[decea3]{1}[-] к [decea3]сопротивлению оглушению[-]\n[decea3]{2}[-] к эффективности лечения медицинскими предметами\n[decea3]{3}[-] к физическому урону кулачного оружия\n[decea3]{4}[-] к физическому урону дробовиков
3912,ulmSkillFortitude,Fortitude,Стойкость
3913,ulmSkillFortitudeDesc,[decea3]{0}[-] increased [decea3]Maximum Health[-]\n[decea3]{1}[-] increased [decea3]Stun Resistance[-],[decea3]{0}[-] к [decea3]максимальному здоровью[-]\n[decea3]{1}[-] к [decea3]сопротивлению оглушению[-]
3914,ulmSkillFortitudeDescDefault,Every [decea3]{0}[-] Fortitude:\n[decea3]{1}[-] increased [decea3]Maximum Health[-]\n[decea3]{2}[-] increased [decea3]Stun Resistance[-],За каждые [decea3]{0}[-] Стойкости:\n[decea3]{1}[-] к [decea3]максимальному здоровью[-]\n[decea3]{2}[-] к [decea3]сопротивлению оглушению[-]
3915,skillTreeDexterity05Desc,[decea3]{0}[-] to Dexterity,[decea3]{0}[-] к ловкости
3916,skillTreeDexterityClassDesc,"[decea3]R E C O N[-]\n[decea3]{0}[-] increased Maximum Stamina\n[decea3]{1}[-] increased Physical Damage with Blade Weapons, Pistols and Submachine Guns\n[decea3]{2}[-] increased Ranged Weapon Hip Fire Accuracy\n[decea3]{3}[-] increased Crouch Speed and Stealth effectiveness in low light\n[decea3]{4}[-] decreased action noise level and Alerted Target search duration","[decea3]Р А З В Е Д Ч И К[-]\n[decea3]{0}[-] к максимальной выносливости\n[decea3]{1}[-] к физическому урону клинкового оружия, пистолетов и пистолетов-пулемётов\n[decea3]{2}[-] к точности стрельбы от бедра из оружия дальнего боя\n[decea3]{3}[-] к скорости движения в приседе и эффективности скрытности при слабом освещении\n[decea3]{4}[-] к снижению шума действий и времени поиска встревоженной целью"
3917,ulmSkillDexterity,Dexterity,Ловкость
3918,ulmSkillDexterityDesc,[decea3]{0}[-] increased [decea3]Maximum Stamina[-]\n[decea3]{1}[-] increased [decea3]Headshot Damage[-],[decea3]{0}[-] к [decea3]максимальной выносливости[-]\n[decea3]{1}[-] к [decea3]урону в голову[-]
3919,ulmSkillDexterityDescDefault,Every [decea3]{0}[-] Dexterity:\n[decea3]{1}[-] increased [decea3]Maximum Stamina[-]\n[decea3]{2}[-] increased [decea3]Headshot Damage[-],За каждые [decea3]{0}[-] Ловкости:\n[decea3]{1}[-] к [decea3]максимальной выносливости[-]\n[decea3]{2}[-] к [decea3]урону в голову[-]
3920,skillTreePerception05Desc,[decea3]{0}[-] to Perception,[decea3]{0}[-] к восприятию
3921,skillTreePerceptionClassDesc,"[decea3]S C O U T[-]\n[decea3]{0}[-] increased Physical Damage with Spears, Bows, Crossbows and Sniper Rifles\n[decea3]{1}[-] decreased stamina consumption while aiming with Ranged Weapons\n[decea3]{2}[-] increased Dismemberment Chance\n[decea3]{3}[-] to Loot Stage\n[decea3]{4}[-] to Trader Stage","[decea3]С Л Е Д О П Ы Т[-]\n[decea3]{0}[-] к физическому урону копий, луков, арбалетов и снайперских винтовок\n[decea3]{1}[-] к снижению расхода выносливости при прицеливании из оружия дальнего боя\n[decea3]{2}[-] к шансу расчленения\n[decea3]{3}[-] к уровню добычи\n[decea3]{4}[-] к уровню торговли"
3922,ulmSkillPerception,Perception,Восприятие
3923,ulmSkillPerceptionDesc,[decea3]{0}[-] increased [decea3]Ranged Physical Damage[-]\n[decea3]{1}[-] increased [decea3]Dismemberment Chance[-],[decea3]{0}[-] к [decea3]физическому урону дальнего боя[-]\n[decea3]{1}[-] к [decea3]шансу расчленения[-]
3924,ulmSkillPerceptionDescDefault,Every [decea3]{0}[-] Perception:\n[decea3]{1}[-] increased [decea3]Ranged Physical Damage[-]\n[decea3]{2}[-] increased [decea3]Dismemberment Chance[-],За каждые [decea3]{0}[-] Восприятия:\n[decea3]{1}[-] к [decea3]физическому урону дальнего боя[-]\n[decea3]{2}[-] к [decea3]шансу расчленения[-]
3925,skillTreeIntellect05Desc,[decea3]{0}[-] to Intellect,[decea3]{0}[-] к интеллекту
3926,skillTreeIntellectClassDesc,"[decea3]S P E C I A L I S T[-]\n[decea3]{0}[-] increased Submachine Gun, Baton Weapon and Salvage Tool Physical Damage\n[decea3]{1}[-] increased Portable Turret Physical Damage\n[decea3]{2}[-] increased Action Skill Experience gain\n[decea3]{3}[-] better prices when Buying or Selling from Traders\n[decea3]{4}[-] more Dukes for completing Missions\n[decea3]{5}[-] increased Bobby Pin and Lockpick Durability","[decea3]С П Е Ц И А Л И С Т[-]\n[decea3]{0}[-] к физическому урону пистолетов-пулемётов, дубинок и инструментов разбора\n[decea3]{1}[-] к физическому урону переносных турелей\n[decea3]{2}[-] к получаемому опыту практических навыков\n[decea3]{3}[-] к выгоде при покупке и продаже у торговцев\n[decea3]{4}[-] жетонов Дюка за выполнение заданий\n[decea3]{5}[-] к прочности шпилек и отмычек"
3927,ulmSkillIntellect,Intellect,Интеллект
3928,ulmSkillIntellectDesc,[decea3]{0}[-] increased [decea3]Energy Weapon Damage[-]\n[decea3]{1}[-] increased [decea3]Skill Experience[-] gain,[decea3]{0}[-] к [decea3]урону энергетического оружия[-]\n[decea3]{1}[-] к получаемому [decea3]опыту навыков[-]
3929,ulmSkillIntellectDescDefault,Every [decea3]{0}[-] Intellect:\n[decea3]{1}[-] increased [decea3]Energy Weapon Damage[-]\n[decea3]{2}[-] increased [decea3]Skill Experience[-] gain,За каждые [decea3]{0}[-] Интеллекта:\n[decea3]{1}[-] к [decea3]урону энергетического оружия[-]\n[decea3]{2}[-] к получаемому [decea3]опыту навыков[-]
3930,skillTreeMeleeDamage05Desc,[decea3]{0}[-] increased Melee Physical Damage,[decea3]{0}[-] к физическому урону в ближнем бою
3931,skillTreeMeleeDamage10Desc,[decea3]{0}[-] increased Melee Physical Damage,[decea3]{0}[-] к физическому урону в ближнем бою
3932,skillTreeMeleeSpeed05Desc,[decea3]{0}[-] increased Melee Weapon Attack Speed,[decea3]{0}[-] к скорости атак оружием ближнего боя
3933,skillTreeMeleeStaminaUseDesc,[decea3]{0}[-] less Stamina Used by Melee Attacks\nRecover [decea3]{1}[-] Stamina per Enemy Killed using Melee Weapons,"[decea3]{0}[-] к снижению расхода выносливости атаками ближнего боя\nВосстанавливает [decea3]{1}[-] выносливости за каждого врага, убитого оружием ближнего боя"
3934,skillTreeMeleeAttackSpeedDesc,"[decea3]{0}[-] increased Attack Speed using Clubs, Batons, Knuckles, Knives and Swords\nRecover [decea3]{1}[-] Stamina per Enemy Killed using Clubs, Batons, Knuckles, Knives or Swords","[decea3]{0}[-] к скорости атак дубинами, дубинками, кастетами, ножами и мечами\nВосстанавливает [decea3]{1}[-] выносливости за каждого врага, убитого дубиной, дубинкой, кастетом, ножом или мечом"
3935,skillTreeMeleeSpeedBaseDesc,[decea3]{0}[-] increased Melee Attack Speed\nRecover [decea3]{1}[-] Stamina per Enemy Killed using Melee Weapons,"[decea3]{0}[-] к скорости атак в ближнем бою\nВосстанавливает [decea3]{1}[-] выносливости за каждого врага, убитого оружием ближнего боя"
3936,skillTreeMiningDamageDesc,[decea3]{0}[-] increased Mining and Woodcutting Tool Physical Damage,[decea3]{0}[-] к физическому урону шахтёрских и лесорубных инструментов
3937,skillTreeMiningYieldDesc,"[decea3]{0}[-] increased amount of resources gathered from Boulders, Ore, Terrain and Trees while using Mining or Woodcutting Tools","[decea3]{0}[-] к количеству ресурсов, добываемых из валунов, руды, грунта и деревьев шахтёрскими или лесорубными инструментами"
3938,skillTreeKnucklesDamageDesc,[decea3]{0}[-] increased Fist Weapon Physical Damage\n[decea3]{1}[-] increased decapitation chance with punches to the head using Fist Weapons,[decea3]{0}[-] к физическому урону кулачного оружия\n[decea3]{1}[-] к шансу обезглавить цель ударом в голову кулачным оружием
3939,skillTreeKnucklesTeethBreakerDesc,[decea3]{0}[-] increased Fist Weapon Physical Damage\n[decea3]{1}[-] increased decapitation chance with punches to the head using Fist Weapons\n[decea3]Punches to the head negate ability to get infected by the Target[-],[decea3]{0}[-] к физическому урону кулачного оружия\n[decea3]{1}[-] к шансу обезглавить цель ударом в голову кулачным оружием\n[decea3]Удары в голову лишают цель возможности заразить вас[-]
3940,skillTreeKnucklesStunDesc,[decea3]{0}[-] increased chance to Stun Targets using Fist Weapons\n[decea3]{1}[-] increased chance to knockdown Target using Fist Weapons,[decea3]{0}[-] к шансу оглушить цель кулачным оружием\n[decea3]{1}[-] к шансу сбить цель с ног кулачным оружием
3941,skillTreeClubDamageDesc,[decea3]{0}[-] increased Club Weapon Physical Damage,[decea3]{0}[-] к физическому урону дубин
3942,skillTreeClubDamageComboDesc,[decea3]{0}[-] successive hits with Clubs cause the last hit to deal additional [decea3]{1}[-] Physical Damage,После [decea3]{0}[-] последовательных попаданий дубиной последнее наносит дополнительно [decea3]{1}[-] физического урона
3943,skillTreeClubKnockdownDesc,[decea3]{0}[-] additional Physical Damage to Stunned Targets while using Clubs\n[decea3]{1}[-] increased chance to knock down enemies,[decea3]{0}[-] дополнительного физического урона оглушённым целям дубинами\n[decea3]{1}[-] к шансу сбить врага с ног
3944,skillTreeSledgeDamageDesc,[decea3]{0}[-] increased Sledgehammer Physical Damage,[decea3]{0}[-] к физическому урону кувалд
3945,skillTreeSledgeKnockdownDesc,[decea3]{0}[-] increased chance for Sledgehammer Power Attacks to Knock Down Targets\n[decea3]{1}[-] increased chance to knock down nearby Targets,[decea3]{0}[-] к шансу силовой атакой кувалды сбить цель с ног\n[decea3]{1}[-] к шансу сбить с ног ближайшие цели
3946,skillTreeBladeDamageDesc,[decea3]{0}[-] increased Blade Weapon Physical Damage,[decea3]{0}[-] к физическому урону клинкового оружия
3947,skillTreeBladeDeepCutsDesc,[decea3]{0}[-] Max Bleeding Wounds on Targets using Blade Weapons\n[decea3]{1}[-] chance to cause a Bleeding Wound on Glancing Blows\n[decea3]{2}[-] Additional Bleeding Wound with Power Attack\n[decea3]{3}[-] reduced Target run speed with Bleeding Wounds,До [decea3]{0}[-] кровоточащих ран на цели при использовании клинкового оружия\n[decea3]{1}[-] шанс нанести кровоточащую рану скользящим ударом\n[decea3]{2}[-] дополнительная кровоточащая рана силовой атакой\n[decea3]{3}[-] к снижению скорости бега цели с кровоточащими ранами
3948,skillTreeSpearDamageDesc,[decea3]{0}[-] increased Polearm Physical Damage,[decea3]{0}[-] к физическому урону древкового оружия
3949,skillTreeSpearArmorReductionDesc,[decea3]{0}[-] to Polearm Target Armor Reduction,[decea3]{0}[-] к снижению брони цели древковым оружием
3950,skillTreeBatonDamageDesc,[decea3]{0}[-] increased Baton Physical Damage,[decea3]{0}[-] к физическому урону дубинок
3951,skillTreeBatonStunDesc,[decea3]{0}[-] increased Stun Duration of Stun Batons,[decea3]{0}[-] к длительности оглушения электродубинкой
3952,skillTreeMeleeAndAimStaminaUseDesc,[decea3]{0}[-] decreased stamina consumption while using Melee Weapons\n[decea3]{1}[-] decreased stamina consumption while aiming with Ranged Weapons,[decea3]{0}[-] к снижению расхода выносливости оружием ближнего боя\n[decea3]{1}[-] к снижению расхода выносливости при прицеливании из оружия дальнего боя
3953,skillTreeRangedDamageDesc,[decea3]{0}[-] increased Ranged Physical Damage,[decea3]{0}[-] к физическому урону оружия дальнего боя
3954,skillTreeRangedArmorReductionDesc,[decea3]{0}[-] to Ranged Weapon Target Armor Reduction,[decea3]{0}[-] к снижению брони цели оружием дальнего боя
3955,skillTreeFirearmHandlingDesc,[decea3]{0}[-] increased Firearm Fire Rate and Handling,[decea3]{0}[-] к скорострельности и управляемости огнестрельного оружия
3956,skillTreeFirearmRunAndGunDesc,[decea3]{0}[-] increased Hip Fire Accuracy\n[decea3]{1}[-] reduced movement penalty when reloading,[decea3]{0}[-] к точности стрельбы от бедра\n[decea3]{1}[-] к снижению штрафа к движению при перезарядке
3957,skillTreeArcheryHandlingDesc,"[decea3]{0}[-] improved Bow and Crossbow Aim, Draw and Reload Speed","[decea3]{0}[-] к скорости прицеливания, натяжения и перезарядки луков и арбалетов"
3958,skillTreeArcheryDamageDesc,[decea3]{0}[-] increased Bow and Crossbow Physical Damage,[decea3]{0}[-] к физическому урону луков и арбалетов
3959,skillTreePistolDamageDesc,[decea3]{0}[-] increased Pistol Physical Damage,[decea3]{0}[-] к физическому урону пистолетов
3960,skillTreePistolHandlingDesc,[decea3]{0}[-] improved Pistol Fire Rate and Reload Speed,[decea3]{0}[-] к скорострельности и скорости перезарядки пистолетов
3961,skillTreePistolTrippleTapDesc,[decea3]{0}[-] successive hits with Pistols in a short time cause the last shot to deal additional [decea3]{1}[-] Physical Damage,После [decea3]{0}[-] быстрых последовательных попаданий из пистолета последний выстрел наносит дополнительно [decea3]{1}[-] физического урона
3962,skillTreeShotgunDamageDesc,[decea3]{0}[-] increased Shotgun Physical Damage,[decea3]{0}[-] к физическому урону дробовиков
3963,skillTreeShotgunHandlingDesc,[decea3]{0}[-] improved Shotgun Fire Rate and Reload Speed,[decea3]{0}[-] к скорострельности и скорости перезарядки дробовиков
3964,skillTreeShotgunStun1Desc,Attacks with Shotgun stun enemies for [decea3]{0}[-] seconds,Атаки дробовиком оглушают врагов на [decea3]{0}[-] секунд
3965,skillTreeShotgunStun2Desc,Attacks with Shotgun stun enemies for additional [decea3]{0}[-] seconds,Атаки дробовиком оглушают врагов ещё на [decea3]{0}[-] секунд
3966,skillTreeShotgunStun3Desc,Attacks with Shotgun stun enemies for additional [decea3]{0}[-] seconds.\n[decea3]Leg shots with Shotguns cripple opponents[-],Атаки дробовиком оглушают врагов ещё на [decea3]{0}[-] секунд.\n[decea3]Выстрелы из дробовика по ногам калечат противников[-]
3967,skillTreeSniperDamageDesc,[decea3]{0}[-] increased Sniper Rifle Physical Damage,[decea3]{0}[-] к физическому урону снайперских винтовок
3968,skillTreeSniperDeadEyeDesc,[decea3]{0}[-] decreased stamina consumption while aiming with Sniper Rifles\nSuccessive kills can trigger up to [decea3]{1}[-] more kill streak bonus damage,[decea3]{0}[-] к снижению расхода выносливости при прицеливании из снайперских винтовок\nПоследовательные убийства могут увеличить бонусный урон серии убийств ещё до [decea3]{1}[-]
3969,skillTreeSniperHandlingDesc,[decea3]{0}[-] improved Sniper Rifle Aim and Reload Speed,[decea3]{0}[-] к скорости прицеливания и перезарядки снайперских винтовок
3970,skillTreeSniperPenetrationDesc,[decea3]{0}[-] to Sniper Rifle Target Penetration,[decea3]{0}[-] к пробитию целей снайперской винтовкой
3971,skillTreeMachineGunDamageDesc,[decea3]{0}[-] increased Machine Gun Physical Damage,[decea3]{0}[-] к физическому урону автоматического оружия
3972,skillTreeMachineGunHandlingDesc,"[decea3]{0}[-] improved Machine Gun Handling, Aim and Reload Speed","[decea3]{0}[-] к управляемости, прицеливанию и скорости перезарядки автоматического оружия"
3973,skillTreeMachineGunCommandoDesc,Recover [decea3]{0}[-] Stamina on each successful shot using Machine Guns,Восстанавливает [decea3]{0}[-] выносливости за каждое успешное попадание из автоматического оружия
3974,skillTreeSubmachineGunDamageDesc,[decea3]{0}[-] increased Submachine Gun Physical Damage,[decea3]{0}[-] к физическому урону пистолетов-пулемётов
3975,skillTreeSubmachineGunHandlingDesc,"[decea3]{0}[-] improved Machine Gun Handling, Aim and Reload Speed","[decea3]{0}[-] к управляемости, прицеливанию и скорости перезарядки автоматического оружия"
3976,skillTreeExplosiveDamageDesc,[decea3]{0}[-] increased Rocket Launcher and Explosive Physical Damage,[decea3]{0}[-] к физическому урону ракетниц и взрывчатки
3977,skillTreeExplosiveHandlingDesc,[decea3]{0}[-] improved Rocket Launcher and Explosive Handling and Dismemberment Chance\n[decea3]{1}[-] improved Rocket Launcher Reload Speed,[decea3]{0}[-] к управляемости ракетниц и взрывчатки и шансу расчленения\n[decea3]{1}[-] к скорости перезарядки ракетниц
3978,skillTreeTurretDamageDesc,[decea3]{0}[-] increased Portable Turret Physical Damage,[decea3]{0}[-] к физическому урону переносных турелей
3979,skillTreeTurretHandlingDesc,[decea3]{0}[-] increased Ranged Portable Turret Fire Rate\n[decea3]{1}[-] increased Melee Portable Turret Attack Speed,[decea3]{0}[-] к скорострельности переносных турелей дальнего боя\n[decea3]{1}[-] к скорости атак переносных турелей ближнего боя
3980,skillTreeTurretReloadDesc,[decea3]{0}[-] increased Ranged Portable Turret Reload Speed,[decea3]{0}[-] к скорости перезарядки переносных турелей дальнего боя
3981,skillTreeTurretRangeDesc,Increased Portable Turret active Range by [decea3]{0}[-],Радиус активности переносных турелей увеличен на [decea3]{0}[-]
3982,skillTreeTurretMagazineSizeDesc,Increased Ranged Portable Turret Magazine Size by [decea3]{0}[-] rounds,Размер магазина переносных турелей дальнего боя увеличен на [decea3]{0}[-] патронов
3983,skillTreeTurretCountDesc,[decea3]{0}[-] to maximum number of allowed active Portable Turrets,[decea3]{0}[-] к максимальному числу одновременно активных переносных турелей
3984,skillTreeElectricalTrapXPDesc,[decea3]{0}[-] increased Experience Gained from Electrical Trap kills,[decea3]{0}[-] к опыту за убийства электрическими ловушками
3985,skillTreeCarryWeightBaseDesc,[decea3]{0}[-] to Inventory Carry Limit,[decea3]{0}[-] к лимиту переносимого веса в инвентаре
3986,skillTreeCarryWeightDesc,[decea3]{0}[-] to Inventory Carry Limit,[decea3]{0}[-] к лимиту переносимого веса в инвентаре
3987,skillTreeInfiltratorDesc,[decea3]{0}[-] increased delay timer when setting off Land Mines\n[decea3]{1}[-] decreased damage taken from Land Mines,[decea3]{0}[-] к задержке срабатывания мин\n[decea3]{1}[-] к снижению урона от мин
3988,skillTreeInfiltrator3Desc,[decea3]{0}[-] increased delay timer when setting off Land Mines\n[decea3]{1}[-] decreased damage taken from Land Mines\n[decea3]Can pick up Land Mines[-],[decea3]{0}[-] к задержке срабатывания мин\n[decea3]{1}[-] к снижению урона от мин\n[decea3]Позволяет подбирать мины[-]
3989,skillTreeMaxFoodWaterDesc,[decea3]{0}[-] to Maximum Food/Water,[decea3]{0}[-] к максимальному запасу еды/воды
3990,skillTreeMaxStaminaDesc,[decea3]{0}[-] increased Maximum Stamina,[decea3]{0}[-] к максимальной выносливости
3991,skillTreeMaxStaminaCardioDesc,[decea3]{0}[-] increased Maximum Stamina\n[decea3]{1}[-] increased stamina regeneration speed when sprinting,[decea3]{0}[-] к максимальной выносливости\n[decea3]{1}[-] к скорости восстановления выносливости во время спринта
3992,skillTreeDoubleJumpDesc,[decea3]{0}[-] decreased Jumping Stamina use\n[decea3]{1}[-] distance increased for safe fall\n[decea3]Enables Double Jump[-],[decea3]{0}[-] к снижению расхода выносливости при прыжках\n[decea3]{1}[-] к безопасной высоте падения\n[decea3]Открывает двойной прыжок[-]
3993,skillTreeDoubleJump2Desc,[decea3]{0}[-] decreased Jumping Stamina use\n[decea3]{1}[-] decreased Double Jump Stamina use\n[decea3]{2}[-] increased Double Jump Height\n[decea3]{3}[-] increased safe fall distance,[decea3]{0}[-] к снижению расхода выносливости при прыжках\n[decea3]{1}[-] к снижению расхода выносливости при двойном прыжке\n[decea3]{2}[-] к высоте двойного прыжка\n[decea3]{3}[-] к безопасной высоте падения
3994,skillTreeDoubleJump3Desc,[decea3]{0}[-] decreased Jumping Stamina use\n[decea3]{1}[-] decreased Double Jump Stamina use\n[decea3]{2}[-] increased Double Jump Height\n[decea3]{3}[-] increased safe fall distance\n[decea3]Never get a broken leg from falling[-],[decea3]{0}[-] к снижению расхода выносливости при прыжках\n[decea3]{1}[-] к снижению расхода выносливости при двойном прыжке\n[decea3]{2}[-] к высоте двойного прыжка\n[decea3]{3}[-] к безопасной высоте падения\n[decea3]Падение больше не может сломать ногу[-]
3995,skillTreeDoubleJump4Desc,[decea3]{0}[-] decreased Jumping Stamina use\n[decea3]{1}[-] decreased Double Jump Stamina use\n[decea3]{2}[-] increased Double Jump Height\n[decea3]{3}[-] increased safe fall distance\n[decea3]Never get a sprained or broken leg from falling[-],[decea3]{0}[-] к снижению расхода выносливости при прыжках\n[decea3]{1}[-] к снижению расхода выносливости при двойном прыжке\n[decea3]{2}[-] к высоте двойного прыжка\n[decea3]{3}[-] к безопасной высоте падения\n[decea3]Падение больше не может растянуть или сломать ногу[-]
3996,skillTreeStealthDesc,While Crouching:\n[decea3]{0}[-] increased Crouch speed\n[decea3]{1}[-] decreased action noise level\n[decea3]{2}[-] increased stealth effectiveness in low light\n[decea3]{3}[-] decreased Alerted Target search duration,В приседе:\n[decea3]{0}[-] к скорости движения\n[decea3]{1}[-] к снижению шума действий\n[decea3]{2}[-] к эффективности скрытности при слабом освещении\n[decea3]{3}[-] к снижению времени поиска встревоженной целью
3997,skillTreeSneakDamageDesc,"[decea3]{0}[-] increased Sneak Attack Physical Damage\n[decea3](Does not affect Great Swords, Great Axes or Sledgehammers)[-]","[decea3]{0}[-] к физическому урону скрытных атак\n[decea3](Не действует на двуручные мечи, двуручные топоры и кувалды)[-]"
3998,skillTreeMetabolismDesc,[decea3]{0}[-] decreased speed of food and water loss,[decea3]{0}[-] к снижению скорости расхода еды и воды
3999,skillTreeConsumableDurationDesc,[decea3]{0}[-] increased duration of Consumable effects,[decea3]{0}[-] к длительности эффектов расходуемых предметов
4000,skillTreeHoldBreathDesc,[decea3]{0}[-] to Maximum Food/Water\n[decea3]{1}[-] increased underwater diving duration\n[decea3]{2}[-] reduced chance of Dysentery when using consumables,[decea3]{0}[-] к максимальному запасу еды/воды\n[decea3]{1}[-] к времени пребывания под водой\n[decea3]{2}[-] к снижению шанса дизентерии от расходуемых предметов
4001,skillTreeHunterDesc,[decea3]{0}[-] to Maximum Food/Water\n[decea3]{1}[-] increased amount of resources gathered from animals with Bladed Tools,"[decea3]{0}[-] к максимальному запасу еды/воды\n[decea3]{1}[-] к количеству ресурсов, получаемых с животных клинковыми инструментами"
4002,skillTreeHealingDesc,Recover [decea3]{0}[-] Health every second while not very hungry or thirsty\n[decea3]{1}[-] increased Critical Injury healing speed,"Восстанавливает [decea3]{0}[-] здоровья каждую секунду, пока вы не испытываете сильный голод или жажду\n[decea3]{1}[-] к скорости лечения критических травм"
4003,skillTreeMedicDesc,[decea3]{0}[-] increased healing effectiveness of medical healing items\n[decea3]{1}[-] increased gained EXP from medical healing items,[decea3]{0}[-] к эффективности лечения медицинскими предметами\n[decea3]{1}[-] к опыту за использование лечебных медицинских предметов
4004,skillTreeFastLearnerDesc,[decea3]{0}[-] increased Experience gain from kills,[decea3]{0}[-] к опыту за убийства
4005,skillTreeLockPickingDesc,[decea3]{0}[-] to Lockpicking\n[decea3]{1}[-] increased Bobby Pin and Lockpick Durability,[decea3]{0}[-] к взлому замков\n[decea3]{1}[-] к прочности шпилек и отмычек
4006,skillTreeSalvagerDesc,[decea3]{0}[-] increased Salvage Tool Physical Damage\n[decea3]{1}[-] increased efficiency of retrieving resources while Harvesting Salvageable Objects using Salvage Tools,[decea3]{0}[-] к физическому урону инструментов разбора\n[decea3]{1}[-] к эффективности получения ресурсов при разборе объектов инструментами разбора
4007,skillTreeButcherDesc,[decea3]{0}[-] increased amount of resources gathered from animals with Bladed Tools,"[decea3]{0}[-] к количеству ресурсов, получаемых с животных клинковыми инструментами"
4008,skillTreeDroneCargoDesc,[decea3]{0}[-] increased Drone Inventory Carry Weight Limit,[decea3]{0}[-] к грузоподъёмности инвентаря дрона
4009,skillTreeCharismaRegenDesc,[decea3]{0}[-] increased Health Regeneration for nearby Allies and Party Members,[decea3]{0}[-] к восстановлению здоровья ближайших союзников и участников группы
4010,skillTreeCharismaDamageDesc,[decea3]{0}[-] increased Damage for nearby Allies and Party Members,[decea3]{0}[-] к урону ближайших союзников и участников группы
4011,skillTreeCharismaResistanceDesc,[decea3]{0}[-] increased Physical Resistance for nearby Allies and Party Members,[decea3]{0}[-] к физическому сопротивлению ближайших союзников и участников группы
4012,skillTreeCharismaLootDesc,[decea3]{0}[-] increased Loot for nearby Allies and Party Members,[decea3]{0}[-] к качеству добычи ближайших союзников и участников группы
4013,skillTreeCharismaAttributesDesc,[decea3]{0}[-] to all Attributes for nearby Allies and Party Members,[decea3]{0}[-] ко всем атрибутам ближайших союзников и участников группы
4014,skillTreeTradingDesc,[decea3]{0}[-] better prices when Buying or Selling from Traders,[decea3]{0}[-] к выгоде при покупке и продаже у торговцев
4015,skillTreeTraderStageDesc,[decea3]{0}[-] trader level,[decea3]{0}[-] к уровню торговли
4016,skillTreeDiplomatDesc,[decea3]{0}[-] better prices when Buying or Selling from Traders\n[decea3]{1}[-] more Dukes for completing Missions,[decea3]{0}[-] к выгоде при покупке и продаже у торговцев\n[decea3]{1}[-] жетонов Дюка за выполнение заданий
4017,skillTreeQuestRewardDukesDesc,[decea3]{0}[-] more Dukes for completing Missions,[decea3]{0}[-] жетонов Дюка за выполнение заданий
4018,skillTreeQuestRewardCountDesc,[decea3]{0}[-] more Dukes for completing Missions\n[decea3]{1}[-] Additional mission Reward,[decea3]{0}[-] жетонов Дюка за выполнение заданий\n[decea3]{1}[-] дополнительная награда за задание
4019,skillTreeHealthBaseDesc,[decea3]{0}[-] to Maximum Health,[decea3]{0}[-] к максимальному здоровью
4020,skillTreeFarmerDesc,[decea3]{0}[-] Farm Plot crafting cost,[decea3]{0}[-] к стоимости изготовления фермерских участков
4021,skillTreeForagerDesc,[decea3]{0}[-] Chance to harvest an additional plant\nIncreased harvesting area by [decea3]{1}[-] while using a Sickle or Scythe,[decea3]{0}[-] шанс собрать дополнительное растение\nОбласть сбора серпом или косой увеличена на [decea3]{1}[-]
4022,skillTreeLooting05Desc,[decea3]{0}[-] to Loot Stage\n[decea3]{1}[-] increased looting speed when opening Untouched Containers,[decea3]{0}[-] к уровню добычи\n[decea3]{1}[-] к скорости обыска нетронутых контейнеров
4023,skillTreeLooting10Desc,[decea3]{0}[-] increased Loot Stage\n[decea3]{1}[-] increased looting speed when opening Untouched Containers,[decea3]{0}[-] к уровню добычи\n[decea3]{1}[-] к скорости обыска нетронутых контейнеров
4024,skillTreeLooting15Desc,[decea3]{0}[-] increased Loot Stage\n[decea3]{1}[-] increased looting speed when opening Untouched Containers,[decea3]{0}[-] к уровню добычи\n[decea3]{1}[-] к скорости обыска нетронутых контейнеров
4025,skillTreeTreasureHunterDesc,[decea3]{0}[-] increased item quantity in buried treasure\n[decea3]{1}[-] smaller Buried Treasure Search Area,[decea3]{0}[-] к количеству предметов в закопанных сокровищах\n[decea3]{1}[-] к уменьшению области поиска закопанных сокровищ
4026,skillTreeTreasureLoot1Desc,[decea3]{0}[-] increased item quantity in buried treasure\nYou can additionally find [decea3]{1} Old Cash[-] in buried treasures,[decea3]{0}[-] к количеству предметов в закопанных сокровищах\nВ закопанных сокровищах дополнительно можно найти [decea3]{1} старых денег[-]
4027,skillTreeTreasureLoot2Desc,[decea3]{0}[-] increased item quantity in buried treasure\nYou can additionally find [decea3]{1} Duke's Casino Tokens[-] in buried treasures,[decea3]{0}[-] к количеству предметов в закопанных сокровищах\nВ закопанных сокровищах дополнительно можно найти [decea3]{1} жетонов казино Дюка[-]
4028,skillTreeTreasureLoot3Desc,"[decea3]{0}[-] increased item quantity in buried treasure\nYou can additionally find [decea3]Armor, Weapons, Rare Ore[-] or [decea3]Superior Parts[-] in buried treasures","[decea3]{0}[-] к количеству предметов в закопанных сокровищах\nВ закопанных сокровищах дополнительно можно найти [decea3]броню, оружие, редкую руду[-] или [decea3]детали высшего качества[-]"
4029,skillTreeTrackAnimalsSmallDesc,"Track small game like rabbits, snakes or chickens. They are marked on your compass and map","Отслеживайте мелкую дичь, например кроликов, змей или кур. Они отмечены на вашем компасе и карте."
4030,skillTreeTrackAnimalsMediumDesc,"Track medium game like deer, boars, wolves and coyotes","Отслеживайте среднюю дичь, например оленей, кабанов, волков и койотов."
4031,skillTreeTrackAnimalsLargeDesc,Track big game like mountain lions and bears,"Отслеживайте большую дичь, например, горных львов и медведей"
4032,skillTreeResistDamageDesc,[decea3]{0}[-] increased Physical Damage Resistance\n[decea3]{1}[-] increased Stun Resistance,[decea3]{0}[-] к сопротивлению физическому урону\n[decea3]{1}[-] к сопротивлению оглушению
4033,skillTreeResistWeatherDesc,[decea3]{0}[-] increased Heat and Cold Resistance\n[decea3]{1}[-] reduced food and water depletion when cold or overheated,[decea3]{0}[-] к сопротивлению жаре и холоду\n[decea3]{1}[-] к снижению расхода еды и воды при переохлаждении или перегреве
4034,skillTreeHealth05Desc,[decea3]{0}[-] to Maximum Health,[decea3]{0}[-] к максимальному здоровью
4035,skillTreeArmorLightDesc,[decea3]{0}[-] reduced Light Armor durability loss,[decea3]{0}[-] к снижению потери прочности лёгкой брони
4036,skillTreeArmorMediumDesc,[decea3]{0}[-] reduced Medium Armor durability loss\n[decea3]{1}[-] reduced Medium Armor movement penalty\n[decea3]{2}[-] reduced Medium Armor stamina penalty,[decea3]{0}[-] к снижению потери прочности средней брони\n[decea3]{1}[-] к снижению штрафа средней брони к движению\n[decea3]{2}[-] к снижению штрафа средней брони к выносливости
4037,skillTreeArmorHeavyDesc,[decea3]{0}[-] reduced Heavy Armor durability loss\n[decea3]{1}[-] reduced Heavy Armor movement and stamina penalty,[decea3]{0}[-] к снижению потери прочности тяжёлой брони\n[decea3]{1}[-] к снижению штрафов тяжёлой брони к движению и выносливости
4038,skillTreeMithridatismDesc,[decea3]{0}[-] increased Poison Resistance\n[decea3]{1}[-] reduced poison build up speed\n[decea3]{2}[-] increased recovery speed using antidotes,[decea3]{0}[-] к сопротивлению яду\n[decea3]{1}[-] к снижению скорости накопления яда\n[decea3]{2}[-] к скорости восстановления при использовании антидотов
4039,ulmBookFiremansAlmanac1Desc,[decea3]+10%[-] Axe Entity Damage,[decea3]+10%[-] к урону топоров по существам
4040,ulmBookFiremansAlmanac2Desc,Negates the negative effects when using [decea3]Fireman's Blade[-] Mod for Axes,Убирает отрицательные эффекты модификации [decea3]«Пожарный топор»[-] для топоров
4041,ulmBookFiremansAlmanac3Desc,[decea3]5%[-] increased Attack Speed with Axes,[decea3]5%[-] к скорости атак топорами
4042,ulmBookFiremansAlmanac4Desc,Molotov Cocktail burn effect lasts [decea3]20%[-] longer,Эффект горения от коктейля Молотова длится на [decea3]20%[-] дольше
4043,ulmBookFiremansAlmanac5Desc,[decea3]25%[-] reduced chance to be lit on fire,[decea3]25%[-] к снижению шанса загореться
4044,ulmBookFiremansAlmanac6Desc,[decea3]+10%[-] damage dealt to Coal and Burnt Wood,[decea3]+10%[-] урона углю и обугленной древесине
4045,ulmBookFiremansAlmanac7Desc,[decea3]25%[-] reduced collision damage to vehicles,[decea3]25%[-] к снижению урона транспорту от столкновений
4046,ulmBookFiremansAlmanacCompleteDesc,Sprint longer and have [decea3]+50[-] carry capacity in the Wasteland or Burnt Biome,В пустоши или сгоревшем биоме можно дольше бежать спринтом и переносить на [decea3]+50[-] больше
4047,ulmBookNightStalker1Desc,[decea3]10%[-] increased sneak damage at night,[decea3]10%[-] к урону скрытных атак ночью
4048,ulmBookNightStalker2Desc,[decea3]5%[-] increased sneaking effectiveness at night,[decea3]5%[-] к эффективности скрытности ночью
4049,ulmBookNightStalker3Desc,Knives and Swords deal [decea3]10%[-] increased Entity Damage at night,Ножи и мечи наносят ночью на [decea3]10%[-] больше урона существам
4050,ulmBookNightStalker4Desc,[decea3]+50[-] Carry Capacity at night,[decea3]+50[-] к грузоподъёмности ночью
4051,ulmBookNightStalker5Desc,Bows and Crossbows deal [decea3]10%[-] increased Entity Damage at night,Луки и арбалеты наносят ночью на [decea3]10%[-] больше урона существам
4052,ulmBookNightStalker6Desc,[decea3]5%[-] increased experience gain from kills at night,[decea3]5%[-] к опыту за убийства ночью
4053,ulmBookNightStalker7Desc,Knives deal additional [decea3]50%[-] sneak damage to sleeping enemies at night,Ножи наносят спящим врагам ночью дополнительно [decea3]50%[-] урона скрытной атакой
4054,ulmBookLuckyLooter1Desc,[decea3]20%[-] increased amount of found Dukes in loot,В добыче находится на [decea3]20%[-] больше жетонов Дюка
4055,ulmBookLuckyLooter2Desc,[decea3]20%[-] increased amount of found Ammo in loot,В добыче находится на [decea3]20%[-] больше боеприпасов
4056,ulmBookLuckyLooter3Desc,[decea3]20%[-] increased amount of found Brass resource items in loot,В добыче находится на [decea3]20%[-] больше латунных ресурсов
4057,ulmBookLuckyLooter4Desc,[decea3]20%[-] increased amount of found Lead resource items in loot,В добыче находится на [decea3]20%[-] больше свинцовых ресурсов
4058,ulmBookLuckyLooter5Desc,[decea3]20%[-] increased amount of found Junk items in loot,В добыче находится на [decea3]20%[-] больше хлама
4059,ulmBookLuckyLooter6Desc,[decea3]20%[-] increased amount of found Food items in loot,В добыче находится на [decea3]20%[-] больше еды
4060,ulmBookLuckyLooter7Desc,[decea3]20%[-] increased amount of found Medical items in loot,В добыче находится на [decea3]20%[-] больше медицинских предметов
4061,ulmBookLuckyLooterCompleteDesc,[decea3]20%[-] higher chance for enemies to drop loot,Шанс выпадения добычи из врагов выше на [decea3]20%[-]
4062,ulmBookEnforcer1Desc,[decea3]+10%[-] Entity Damage with .44 caliber weapons,[decea3]+10%[-] урона существам из оружия калибра .44
4063,ulmBookEnforcer2Desc,[decea3]5%[-] less damage taken when wearing the Enforcer Outfit,На [decea3]5%[-] меньше получаемого урона при ношении костюма силовика
4064,ulmBookEnforcer3Desc,Last shot in the chamber does double damage with .44 caliber weapons,Последний патрон в барабане или магазине оружия калибра .44 наносит двойной урон
4065,ulmBookEnforcer4Desc,[decea3]5%[-] better bartering when selling or buying items with a .44 caliber weapon drawn,[decea3]5%[-] к выгоде торговли при покупке или продаже предметов с оружием калибра .44 в руках
4066,ulmBookEnforcer5Desc,.44 caliber AP ammo deal [decea3]+10%[-] additional Entity Damage,Бронебойные патроны калибра .44 наносят дополнительно [decea3]+10%[-] урона существам
4067,ulmBookEnforcer6Desc,.44 caliber HP ammo deal [decea3]+10%[-] additional Entity Damage,Экспансивные патроны калибра .44 наносят дополнительно [decea3]+10%[-] урона существам
4068,ulmBookEnforcer7Desc,Sprinting with a .44 caliber weapon in hand while in combat uses [decea3]20%[-] less stamina,Спринт с оружием калибра .44 в руках во время боя расходует на [decea3]20%[-] меньше выносливости
4069,ulmBookEnforcerCompleteDesc,All shots with .44 caliber ammo penetrate enemies,Все выстрелы патронами калибра .44 пробивают врагов
4070,ulmBookBatterUp1Desc,[decea3]+10%[-] Club weapon Entity Damage,[decea3]+10%[-] урона существам дубинами
4071,ulmBookBatterUp2Desc,Use [decea3]20%[-] less stamina while sprinting with a Club weapon drawn in combat,Спринт с дубиной в руках во время боя расходует на [decea3]20%[-] меньше выносливости
4072,ulmBookBatterUp3Desc,Power attacks to the legs slow down enemies,Силовые атаки по ногам замедляют врагов
4073,ulmBookBatterUp4Desc,[decea3]5%[-] chance to knockdown enemies with Power attacks when using Club weapons,Силовые атаки дубинами имеют [decea3]5%[-] шанс сбить врага с ног
4074,ulmBookBatterUp5Desc,Club weapon condition degrades [decea3]20%[-] slower when used,Дубины при использовании изнашиваются на [decea3]20%[-] медленнее
4075,ulmBookBatterUp6Desc,Power attacks with Club weapons have a [decea3]10%[-] chance to ragdoll enemies,Силовые атаки дубинами имеют [decea3]10%[-] шанс отбросить врага
4076,ulmBookBatterUp7Desc,[decea3]5%[-] additional chance to knock down enemies when using [decea3]Metal Chain Mod[-] on Club weapons,Модификация [decea3]«Металлическая цепь»[-] на дубинах дополнительно повышает шанс сбить врага с ног на [decea3]5%[-]
4077,ulmBookBatterUpCompleteDesc,Power attacks that kill your enemy restore [decea3]25[-] stamina,Убийство силовой атакой восстанавливает [decea3]25[-] выносливости
4078,ulmBookSledgeSaga1Desc,Sledgehammers have a [decea3]10%[-] chance to knockdown opponents,Кувалды имеют [decea3]10%[-] шанс сбить противника с ног
4079,ulmBookSledgeSaga2Desc,Sledgehammers degrade [decea3]20%[-] slower,Кувалды изнашиваются на [decea3]20%[-] медленнее
4080,ulmBookSledgeSaga3Desc,"Kills with Sledgehammers weaken nearby enemies for [decea3]10[-] seconds, reducing their damage dealt by [decea3]20%[-] and speed by [decea3]50%[-]","Убийства кувалдами ослабляют ближайших врагов на [decea3]10[-] секунд, снижая наносимый ими урон на [decea3]20%[-], а скорость — на [decea3]50%[-]"
4081,ulmBookSledgeSaga4Desc,Sledgehammers deal [decea3]20%[-] additional damage to enemies below [decea3]30%[-] health,"Кувалды наносят на [decea3]20%[-] больше урона врагам, у которых осталось менее [decea3]30%[-] здоровья"
4082,ulmBookSledgeSaga5Desc,Sledgehammer headshot kills give [decea3]20%[-] additional experience,Убийства попаданием кувалды в голову дают на [decea3]20%[-] больше опыта
4083,ulmBookSledgeSaga6Desc,Sledgehammers have [decea3]10%[-] chance to knock down enemies unconscious,Кувалды имеют [decea3]10%[-] шанс сбить врага без сознания
4084,ulmBookSledgeSaga7Desc,Sledgehammer power attacks bypass [decea3]25%[-] armor,Силовые атаки кувалдой игнорируют [decea3]25%[-] брони
4085,ulmBookSledgeSagaCompleteDesc,Sledgehammer power attack kills restore [decea3]40[-] stamina,Убийство силовой атакой кувалды восстанавливает [decea3]40[-] выносливости
4086,ulmBookGreatHeist1Desc,[decea3]10%[-] increased damage to safes,[decea3]10%[-] к урону по сейфам
4087,ulmBookGreatHeist2Desc,[decea3]20%[-] increased amount of found Diamonds and Silver or Gold Nuggets in loot,"В добыче находится на [decea3]20%[-] больше алмазов, серебряных и золотых самородков"
4088,ulmBookGreatHeist3Desc,[decea3]10%[-] increased amount of found Dukes or Old Cash in loot,В добыче находится на [decea3]10%[-] больше жетонов Дюка или старых денег
4089,ulmBookGreatHeist4Desc,Deal [decea3]20%[-] more damage to land claimed property,Наносите на [decea3]20%[-] больше урона собственности на защищённой территории
4090,ulmBookGreatHeist5Desc,You can fall up to [decea3]15[-] meters without taking damage while carrying [decea3]5000[-] Dukes or more,"Можно падать с высоты до [decea3]15[-] метров без урона, если при вас [decea3]5000[-] жетонов Дюка или больше"
4091,ulmBookGreatHeist6Desc,Use no stamina while sneak sprinting,Скрытный спринт не расходует выносливость
4092,ulmBookGreatHeist7Desc,Sneak past motion detection devices,Позволяет скрытно проходить мимо устройств обнаружения движения
4093,ulmBookGreatHeistCompleteDesc,[decea3]+25 to Lockpicking[-]. Increase [decea3]Bobby Pin[-] and [decea3]Lockpick[-] durability by [decea3]25%[-],[decea3]+25 к взлому замков[-]. Прочность [decea3]шпилек[-] и [decea3]отмычек[-] увеличена на [decea3]25%[-]
4094,ulmBookWasteTreasures1Desc,Adds [decea3]5%[-] chance to harvest Honey from trees,Добавляет [decea3]5%[-] шанс получить мёд при рубке деревьев
4095,ulmBookWasteTreasures2Desc,"Harvesting Coffins has [decea3]5%[-] chance for finding Bones, Diamonds, Silver or Gold Nuggets","При разборе гробов есть [decea3]5%[-] шанс найти кости, алмазы, серебряные или золотые самородки"
4096,ulmBookWasteTreasures3Desc,Adds a chance to harvest Acid from vehicles or medical equipment,Добавляет шанс получить кислоту при разборе транспорта или медицинского оборудования
4097,ulmBookWasteTreasures4Desc,Mineral Water is more effective at quenching thirst,Минеральная вода эффективнее утоляет жажду
4098,ulmBookWasteTreasures5Desc,Harvest Brass from most doors,Позволяет получать латунь при разборе большинства дверей
4099,ulmBookWasteTreasures6Desc,Crafting cloth requires [decea3]25%[-] less cotton,Для изготовления ткани требуется на [decea3]25%[-] меньше хлопка
4100,ulmBookWasteTreasures7Desc,Harvest more Lead and Brass from sinks,Позволяет получать больше свинца и латуни при разборе раковин
4101,ulmBookWasteTreasuresCompleteDesc,[decea3]10%[-] increased amount of found Dukes or Old Cash in loot,В добыче находится на [decea3]10%[-] больше жетонов Дюка или старых денег
4102,ulmBookHuntingJournal1Desc,[decea3]10%[-] increased damage to Bears,[decea3]10%[-] к урону медведям
4103,ulmBookHuntingJournal2Desc,"[decea3]10%[-] increased damage to Wolves, Dire Wolves and Coyotes","[decea3]10%[-] к урону волкам, лютоволкам и койотам"
4104,ulmBookHuntingJournal3Desc,[decea3]10%[-] increased damage to Scorpions,[decea3]10%[-] к урону скорпионам
4105,ulmBookHuntingJournal4Desc,[decea3]10%[-] increased damage to Mountain Lions,[decea3]10%[-] к урону горным львам
4106,ulmBookHuntingJournal5Desc,[decea3]10%[-] increased damage to Deers and Boars,[decea3]10%[-] к урону оленям и кабанам
4107,ulmBookHuntingJournal6Desc,[decea3]10%[-] increased damage to Zombie Dogs and Vultures,[decea3]10%[-] к урону зомби-собакам и стервятникам
4108,ulmBookHuntingJournal7Desc,[decea3]10%[-] increased damage to Humans and Zombies,[decea3]10%[-] к урону людям и зомби
4109,ulmBookHuntingJournalCompleteDesc,"Harvest [decea3]20%[-] more resources while butchering corpses like Bones, Meat, Hides etc","При разделке трупов получается на [decea3]20%[-] больше ресурсов: костей, мяса, шкур и т. п."
4110,ulmBookArtOfMining1Desc,Adds a small chance to mine rare gems while mining ore,Добавляет небольшой шанс найти редкие самоцветы при добыче руды
4111,ulmBookArtOfMining2Desc,[decea3]+10%[-] Mining Tool Entity Damage,[decea3]+10%[-] к урону шахтёрских инструментов по существам
4112,ulmBookArtOfMining3Desc,[decea3]+20%[-] Ore harvested when under influence of coffee,[decea3]+20%[-] к количеству добываемой руды под действием кофе
4113,ulmBookArtOfMining4Desc,Coffee effect lasts twice as long,Эффект кофе длится в два раза дольше
4114,ulmBookArtOfMining5Desc,"You can craft a Mining Backpack, that makes Clay, Sand, Stone and Ore weigh less while carrying it in backpack's inventory","Позволяет изготовить шахтёрский рюкзак, в котором глина, песок, камень и руда весят меньше"
4115,ulmBookArtOfMining6Desc,[decea3]-50%[-] damage from collapsing mines,[decea3]-50%[-] урона от обвалов в шахтах
4116,ulmBookArtOfMining7Desc,[decea3]+10%[-] Mining Tool Block Damage,[decea3]+10%[-] к урону шахтёрских инструментов по блокам
4117,ulmBookArtOfMiningCompleteDesc,[decea3]+20%[-] Ore harvested using Mining Tools,"[decea3]+20%[-] к количеству руды, добываемой шахтёрскими инструментами"
4118,ulmBookRangers1Desc,Can retrieve [decea3]25%[-] more Arrows/Bolts,Можно возвращать [decea3]25%[-] больше стрел и болтов
4119,ulmBookRangers2Desc,Exploding Arrows/Bolts deal [decea3]10%[-] additional Entity Damage,Взрывные стрелы и болты наносят дополнительно [decea3]10%[-] урона существам
4120,ulmBookRangers3Desc,Leg shots with Bow/Crossbow slow down your opponent,Попадания из лука или арбалета по ногам замедляют противника
4121,ulmBookRangers4Desc,Steel Arrows/Bolts deal [decea3]10%[-] additional Entity Damage,Стальные стрелы и болты наносят дополнительно [decea3]10%[-] урона существам
4122,ulmBookRangers5Desc,Flaming Arrows/Bolts deal [decea3]10%[-] additional Entity Damage,Горящие стрелы и болты наносят дополнительно [decea3]10%[-] урона существам
4123,ulmBookRangers6Desc,Bows/Crossbows degrade [decea3]20%[-] slower,Луки и арбалеты изнашиваются на [decea3]20%[-] медленнее
4124,ulmBookRangers7Desc,Sneak attacks with Bows/Crossbows have a [decea3]20%[-] chance to knockdown opponents,Скрытные атаки луками и арбалетами имеют [decea3]20%[-] шанс сбить противника с ног
4125,ulmBookRangersCompleteDesc,Bows/Crossbows deal [decea3]10%[-] additional Entity Damage,Луки и арбалеты наносят дополнительно [decea3]10%[-] урона существам
4126,ulmBookPistolPete1Desc,[decea3]20%[-] increased range with Pistols while aiming through Iron Sights or through a Scope,[decea3]20%[-] к дальности стрельбы из пистолетов при прицеливании через механический или оптический прицел
4127,ulmBookPistolPete2Desc,Successive leg shots with Pistols to the same target have [decea3]10%[-] increased chance to cripple,Последовательные выстрелы в ногу по одной и той же цели увеличивают шанс увечья на [decea3]10%[-]
4128,ulmBookPistolPete3Desc,[decea3]10%[-] increased accuracy with Pistols,[decea3]10%[-] к точности пистолетов
4129,ulmBookPistolPete4Desc,Pistols degrade [decea3]20%[-] slower,Пистолеты изнашиваются [decea3]на 20%[-] медленнее
4130,ulmBookPistolPete5Desc,9mm HP ammo deal [decea3]+10%[-] additional Entity Damage,Экспансивные патроны 9 мм наносят дополнительно [decea3]+10%[-] урона существам
4131,ulmBookPistolPete6Desc,9mm AP ammo deal [decea3]+10%[-] additional Entity Damage,Бронебойные патроны 9 мм наносят дополнительно [decea3]+10%[-] урона существам
4132,ulmBookPistolPete7Desc,Pistols deal [decea3]10%[-] more Entity Damage,Пистолеты наносят на [decea3]10%[-] больше урона существам
4133,ulmBookPistolPeteCompleteDesc,Pistols ignore [decea3]20%[-] armor at point blank range (3 meters or closer) and cause bleeding damage,Пистолеты игнорируют [decea3]20%[-] брони при стрельбе в упор (с дистанции 3 метра или меньше) и вызывают кровотечение
4134,ulmBookShotgunMessiah1Desc,[decea3]10%[-] increased Entity Damage with Shotguns,[decea3]10%[-] к урону дробовиков по существам
4135,ulmBookShotgunMessiah2Desc,Breaching Slug Ammo deal [decea3]10%[-] additional Entity Damage,Патроны для взлома дверей наносят дополнительно [decea3]10%[-] урона существам
4136,ulmBookShotgunMessiah3Desc,Shotguns have a [decea3]20%[-] increased chance of dismemberment within [decea3]3 meters[-] of the target.,На дистанции до [decea3]3 метров[-] дробовики имеют на [decea3]20%[-] больший шанс расчленения цели.
4137,ulmBookShotgunMessiah4Desc,Slug Ammo deal [decea3]10%[-] additional Entity Damage,Пулевые патроны наносят дополнительно [decea3]10%[-] урона существам
4138,ulmBookShotgunMessiah5Desc,Shotguns degrade [decea3]20%[-] slower.,Дробовики изнашиваются на [decea3]20%[-] медленнее.
4139,ulmBookShotgunMessiah6Desc,Shotguns with a Shotgun Tube Extender Mod also reload [decea3]10%[-] faster,Дробовики с модификацией удлинителя трубчатого магазина перезаряжаются на [decea3]10%[-] быстрее
4140,ulmBookShotgunMessiah7Desc,Shotguns deal [decea3]20%[-] additional damage to Targets with full health.,Дробовики наносят на [decea3]20%[-] больше урона целям с полным здоровьем.
4141,ulmBookShotgunMessiahCompleteDesc,Shotgun effective range increased by [decea3]2 meters[-],Эффективная дальность дробовиков увеличена на [decea3]2 метра[-]
4142,ulmBookSniper1Desc,Sniper Rifles deal [decea3]10%[-] additional damage when using a Scope.,Снайперские винтовки наносят дополнительно [decea3]10%[-] урона при использовании оптического прицела.
4143,ulmBookSniper2Desc,Leg shots with Sniper Rifles have a [decea3]15%[-] chance to dismember and cripple all but the strongest of enemies.,"Попадания из снайперской винтовки по ногам имеют [decea3]15%[-] шанс расчленить и покалечить любого врага, кроме самых сильных."
4144,ulmBookSniper3Desc,Head shots with Sniper Rifles have a [decea3]15%[-] chance to dismember and a chance to stun your opponents.,Попадания из снайперской винтовки в голову имеют [decea3]15%[-] шанс расчленить цель и шанс оглушить противника.
4145,ulmBookSniper4Desc,Sniper Rifles reload [decea3]15%[-] faster.,Снайперские винтовки перезаряжаются на [decea3]15%[-] быстрее.
4146,ulmBookSniper5Desc,Zooming in with Sniper Rifles use less stamina.,Прицеливание с увеличением из снайперской винтовки расходует меньше выносливости.
4147,ulmBookSniper6Desc,7.92mm AP ammo deal [decea3]+10%[-] additional Entity Damage,Бронебойные патроны 7.92 мм наносят дополнительно [decea3]+10%[-] урона существам
4148,ulmBookSniper7Desc,7.92mm HP ammo deal [decea3]+10%[-] additional Entity Damage,Экспансивные патроны 7.92 мм наносят дополнительно [decea3]+10%[-] урона существам
4149,ulmBookSniperCompleteDesc,Sniper Rifles deal [decea3]10%[-] additional damage to unalerted targets,Снайперские винтовки наносят дополнительно [decea3]10%[-] урона не встревоженным целям
4150,ulmBookAutoWeapons1Desc,[decea3]+10%[-] Machine Gun Entity Damage,[decea3]+10%[-] к урону автоматического оружия по существам
4151,ulmBookAutoWeapons2Desc,Machine Gun Full-Auto mode does [decea3]1%[-] more damage per hit,Автоматический режим автоматического оружия наносит на [decea3]1%[-] больше урона с каждым попаданием
4152,ulmBookAutoWeapons3Desc,Machine Gun condition degrades [decea3]20%[-] slower when used,Автоматическое оружие при использовании изнашивается на [decea3]20%[-] медленнее
4153,ulmBookAutoWeapons4Desc,[decea3]15%[-] faster reload speed when using a [decea3]Drum Magazine Mod[-] in any compatible gun,[decea3]15%[-] к скорости перезарядки любого совместимого оружия с модификацией [decea3]барабанного магазина[-]
4154,ulmBookAutoWeapons5Desc,Machine Guns are more accurate with each shot fired,Автоматическое оружие становится точнее с каждым выстрелом
4155,ulmBookAutoWeapons6Desc,Machine Guns have an increasing chance to ragdoll an enemy with each hit,С каждым попаданием автоматического оружия увеличивается шанс отбросить врага
4156,ulmBookAutoWeapons7Desc,[decea3]20%[-] increased hip fire accuracy with Machine Guns,[decea3]20%[-] к точности стрельбы от бедра из автоматического оружия
4157,ulmBookAutoWeaponsCompleteDesc,Each kill boosts your run speed by [decea3]10%[-] for [decea3]30[-] seconds,Каждое убийство увеличивает скорость бега на [decea3]10%[-] на [decea3]30[-] секунд
4158,ulmBookUrbanCombat1Desc,"While wearing Stealth Boots Mod, it's effects are twice as effective",При ношении модификации «Ботинки скрытности» её эффекты вдвое сильнее
4159,ulmBookUrbanCombat2Desc,[decea3]5%[-] better bartering when selling or buying items at the trader,[decea3]5%[-] к выгоде торговли при покупке или продаже предметов у торговца
4160,ulmBookUrbanCombat3Desc,Sneaking over trash makes no sound,Скрытное передвижение по мусору не создаёт шума
4161,ulmBookUrbanCombat4Desc,Sneak landing while falling makes less sound and sneak jump height is not reduced,"Скрытное приземление после падения создаёт меньше шума, а высота прыжка в скрытности не уменьшается"
4162,ulmBookUrbanCombat5Desc,Land mines trigger [decea3]2 seconds[-] slower,Мины срабатывают на [decea3]2 секунды[-] медленнее
4163,ulmBookUrbanCombat6Desc,Medium or Heavy armor doesn't slow you down when in combat,Средняя и тяжёлая броня не замедляет вас во время боя
4164,ulmBookUrbanCombat7Desc,Take [decea3]5%[-] less damage and deal [decea3]10%[-] more damage while indoors,В помещении вы получаете на [decea3]5%[-] меньше урона и наносите на [decea3]10%[-] больше
4165,ulmBookUrbanCombatCompleteDesc,Silencers have no damage penalty,Глушители больше не уменьшают урон
4166,ulmBookTechJunkie1Desc,Portable Turrets deal [decea3]10%[-] more Entity Damage,Переносные турели наносят на [decea3]10%[-] больше урона существам
4167,ulmBookTechJunkie2Desc,Portable Turrets and Energy weapons degrade [decea3]20%[-] slower,Переносные турели и энергетическое оружие изнашиваются на [decea3]20%[-] медленнее
4168,ulmBookTechJunkie3Desc,Portable Turret AP ammo deal [decea3]10%[-] additional Entity Damage,Бронебойные патроны переносных турелей наносят дополнительно [decea3]10%[-] урона существам
4169,ulmBookTechJunkie4Desc,Portable Turret Shell ammo deal [decea3]10%[-] additional Entity Damage,Патроны-картечь переносных турелей наносят дополнительно [decea3]10%[-] урона существам
4170,ulmBookTechJunkie5Desc,Stun Repulsor Mod when installed in a weapon also deals [decea3]10%[-] additional Entity Damage for that weapon,"Модификация «Отталкиватель оглушения», установленная в оружие, дополнительно увеличивает его урон по существам на [decea3]10%[-]"
4171,ulmBookTechJunkie6Desc,Stun batons have [decea3]20%[-] more charges,Электродубинки имеют на [decea3]20%[-] больше зарядов
4172,ulmBookTechJunkie7Desc,Increased fire rate of Portable Turrets,Повышает скорострельность переносных турелей
4173,ulmBookTechJunkieCompleteDesc,Portable Turrets have [decea3]10%[-] increased Attack Speed,Скорость атак переносных турелей увеличена на [decea3]10%[-]
4174,ulmBookBarBrawling1Desc,[decea3]+10%[-] Knuckle weapon Entity Damage,[decea3]+10%[-] к урону кастетов по существам
4175,ulmBookBarBrawling2Desc,[decea3]20%[-] chance to knock down opponents with Knuckle weapon power attacks while sprinting,Силовые атаки кастетами во время спринта имеют [decea3]20%[-] шанс сбить противника с ног
4176,ulmBookBarBrawling3Desc,"Gain [decea3]5%[-] damage with each kill, up to [decea3]15%[-]. After [decea3]10[-] seconds without killing anything it downgrades by one level","Получите [decea3]5%[-] урона с каждым убийством, до [decea3]15%[-]. После [decea3]10[-] секунд, без убийств он постепенно понижается на один уровень"
4177,ulmBookBarBrawling4Desc,[decea3]20%[-] additional damage to knocked down and stunned opponents when using Knuckle weapons,Кастеты наносят дополнительно [decea3]20%[-] урона сбитым с ног и оглушённым противникам
4178,ulmBookBarBrawling5Desc,Knuckle weapons restore [decea3]1[-] hit point with every punch while in combat,Во время боя каждое попадание кастетом восстанавливает [decea3]1[-] здоровья
4179,ulmBookBarBrawling6Desc,After getting hit Knuckle weapons are [decea3]20%[-] faster and increase movement speed by [decea3]10%[-] for a short duration,После получения удара кастеты на короткое время атакуют на [decea3]20%[-] быстрее и увеличивают скорость движения на [decea3]10%[-]
4180,ulmBookBarBrawling7Desc,Drinking beer no longer blurs your vision and your buzz lasts twice as long,"Употребление пива больше не затуманивает ваше зрение, и ваш кайф длится в два раза дольше"
4181,ulmBookBarBrawlingCompleteDesc,[decea3]7th[-] strike landed with Knuckle weapons in a short time does [decea3]300%[-] damage,[decea3]7-е[-] попадание кастетами за короткий промежуток времени наносит [decea3]300%[-] урона
4182,ulmBookSpearHunter1Desc,Polearms deal [decea3]10%[-] additional Entity Damage,Древковое оружие наносит дополнительно [decea3]10%[-] урона существам
4183,ulmBookSpearHunter2Desc,Polearms degrade [decea3]20%[-] slower,Древковое оружие изнашивается на [decea3]20%[-] медленнее
4184,ulmBookSpearHunter3Desc,Power Attacks with Polearms use [decea3]15%[-] less stamina,Силовые атаки древковым оружием расходуют на [decea3]15%[-] меньше выносливости
4185,ulmBookSpearHunter4Desc,Polearms negate [decea3]Target Armor[-] by an additional [decea3]5%[-],Древковое оружие дополнительно снижает [decea3]броню цели[-] на [decea3]5%[-]
4186,ulmBookSpearHunter5Desc,[decea3]10%[-] increased attack speed with Polearms,[decea3]10%[-] к скорости атак древковым оружием
4187,ulmBookSpearHunter6Desc,Power Attacks with Spears that hit the body have a [decea3]50%[-] chance to stun the target,Силовые атаки копьями в корпус имеют [decea3]50%[-] шанс оглушить цель
4188,ulmBookSpearHunter7Desc,Hits with Polearms scored in quick succession do increased damage,Быстрые последовательные попадания древковым оружием наносят всё больше урона
4189,ulmBookSpearHunterCompleteDesc,Kills with Polearms restore [decea3]30[-] stamina,Убийства древковым оружием восстанавливают [decea3]30[-] выносливости
4190,perkSpearHunter6PuncturedLungLongDesc,Punctured Lungs: If this technique doesn't puncture their lungs it will certainly knock the wind out of them. Power Attacks with Spears that hit the body have a [decea3]50%[-] chance to slow the target for [decea3]8 seconds[-].,"Пробитые Легкие: Если эта техника не проколет их легкие, она наверняка вышибет из них дух. Силовые атаки копьями, попадающими в тело, имеют [decea3]50%[-] шанс замедлить цель на [decea3]8 секунд[-]."
4191,researchAmmoRockets,Rocket Ammo,Ракетные боеприпасы
4192,researchAmmoRocketsDesc,Rockets is of the more complicated ammunition you can make. Used by Rocket Launcher.,Ракеты — один из самых сложных видов боеприпасов в производстве. Используются ракетницей.
4193,researchApiary,Bee Keeper,Пчеловод
4194,researchApiaryDesc,Knowledge about how to craft and maintain Apiaries to produce Honey.,Знания о создании и обслуживании пасек для производства мёда.
4195,researchAssaultRifles,Assault Rifles,Штурмовые винтовки
4196,researchAssaultRiflesDesc,Learn how to make a basic Assault Rifle and ammo for it.,Научитесь создавать простую штурмовую винтовку и боеприпасы к ней.
4197,researchArmorT0,Primitive Armor,Примитивная броня
4198,researchArmorT0Desc,"Skills to craft the most basic Tier 0 armor out of primitive resources, that will offer some protection against physical damage or elements.","Навыки изготовления самой простой брони 0-го уровня из примитивных ресурсов, обеспечивающей базовую защиту от физического урона и погодных условий."
4199,researchArmorLightT1,Novice Light Armor,Лёгкая броня новичка
4200,researchArmorLightT1Desc,Learn how to make Tier 1 Light Armor.,Научитесь создавать лёгкую броню 1-го уровня.
4201,researchArmorLightT2,Apprentice Light Armor,Лёгкая броня ученика
4202,researchArmorLightT2Desc,Learn how to make Tier 2 Light Armor.,Научитесь создавать лёгкую броню 2-го уровня.
4203,researchArmorLightT3,Journeyman Light Armor,Лёгкая броня подмастерья
4204,researchArmorLightT3Desc,Learn how to make Tier 3 Light Armor.,Научитесь создавать лёгкую броню 3-го уровня.
4205,researchArmorLightT4,Expert Light Armor,Лёгкая броня эксперта
4206,researchArmorLightT4Desc,Learn how to make Tier 4 Light Armor.,Научитесь создавать лёгкую броню 4-го уровня.
4207,researchArmorLightT5,Master Light Armor,Лёгкая броня мастера
4208,researchArmorLightT5Desc,Learn how to make Tier 5 Light Armor.,Научитесь создавать лёгкую броню 5-го уровня.
4209,researchArmorMediumT1,Novice Medium Armor,Средняя броня новичка
4210,researchArmorMediumT1Desc,Learn how to make Tier 1 Medium Armor.,Научитесь создавать среднюю броню 1-го уровня.
4211,researchArmorMediumT2,Apprentice Medium Armor,Средняя броня ученика
4212,researchArmorMediumT2Desc,Learn how to make Tier 2 Medium Armor.,Научитесь создавать среднюю броню 2-го уровня.
4213,researchArmorMediumT3,Journeyman Medium Armor,Средняя броня подмастерья
4214,researchArmorMediumT3Desc,Learn how to make Tier 3 Medium Armor.,Научитесь создавать среднюю броню 3-го уровня.
4215,researchArmorMediumT4,Expert Medium Armor,Средняя броня эксперта
4216,researchArmorMediumT4Desc,Learn how to make Tier 4 Medium Armor.,Научитесь создавать среднюю броню 4-го уровня.
4217,researchArmorMediumT5,Master Medium Armor,Средняя броня мастера
4218,researchArmorMediumT5Desc,Learn how to make Tier 5 Medium Armor.,Научитесь создавать среднюю броню 5-го уровня.
4219,researchArmorHeavyT1,Novice Heavy Armor,Тяжёлая броня новичка
4220,researchArmorHeavyT1Desc,Learn how to make Tier 1 Heavy Armor.,Научитесь создавать тяжёлую броню 1-го уровня.
4221,researchArmorHeavyT2,Apprentice Heavy Armor,Тяжёлая броня ученика
4222,researchArmorHeavyT2Desc,Learn how to make Tier 2 Heavy Armor.,Научитесь создавать тяжёлую броню 2-го уровня.
4223,researchArmorHeavyT3,Journeyman Heavy Armor,Тяжёлая броня подмастерья
4224,researchArmorHeavyT3Desc,Learn how to make Tier 3 Heavy Armor.,Научитесь создавать тяжёлую броню 3-го уровня.
4225,researchArmorHeavyT4,Expert Heavy Armor,Тяжёлая броня эксперта
4226,researchArmorHeavyT4Desc,Learn how to make Tier 4 Heavy Armor.,Научитесь создавать тяжёлую броню 4-го уровня.
4227,researchArmorHeavyT5,Master Heavy Armor,Тяжёлая броня мастера
4228,researchArmorHeavyT5Desc,Learn how to make Tier 5 Heavy Armor.,Научитесь создавать тяжёлую броню 5-го уровня.
4229,researchArcheryT0,Primitive Archery,Примитивная стрельба из лука
4230,researchArcheryT0Desc,Basic knowledge of archery in understanding how to craft bows and arrows.,Базовые знания стрельбы из лука и изготовления луков и стрел.
4231,researchArcheryT1,Improved Archery,Улучшенная стрельба из лука
4232,researchArcheryT1Desc,Improved knowledge of archery in understanding how to craft better bows and arrows.,Улучшенные знания стрельбы из лука и изготовления более качественных луков и стрел.
4233,researchArcheryT2,Advanced Archery,Продвинутая стрельба из лука
4234,researchArcheryT2Desc,Advanced knowledge of archery in understanding how to craft best bows and arrows.,Продвинутые знания стрельбы из лука и изготовления лучших луков и стрел.
4235,researchArtisanT1,Novice Artisan,Начинающий ремесленник
4236,researchArtisanT1Desc,Knowledge about how to process basic stones into shapes and craft farming related.,Знания по обработке простого камня в строительные формы и изготовлению предметов для земледелия.
4237,researchArtisanT2,Experienced Artisan,Опытный ремесленник
4238,researchArtisanT2Desc,Knowledge about how to process advanced mixtures such as concrete into shapes.,"Знания по обработке сложных смесей, например бетона, в строительные формы."
4239,researchBedsSimple,Simple Beds,Простые кровати
4240,researchBedsSimpleDesc,"Most basic bed frames, mattresses and beds.","Самые простые каркасы кроватей, матрасы и кровати."
4241,researchBedsLarge,King Size Beds,Двуспальные кровати
4242,researchBedsLargeDesc,Very large and comfortable King Size Beds,Очень большие и удобные двуспальные кровати.
4243,researchBlacksmithT1,Blacksmith,Кузнец
4244,researchBlacksmithT1Desc,Knowledge about how to shape iron.,Знания по обработке железа.
4245,researchBlacksmithT2,Adept Blacksmith,Опытный кузнец
4246,researchBlacksmithT2Desc,Knowledge about how to shape steel.,Знания по обработке стали.
4247,researchBlacksmithT3,Master Blacksmith,Мастер-кузнец
4248,researchBlacksmithT3Desc,Knowledge about how to shape titanium.,Знания по обработке титана.
4249,researchBowlLights,Bowl Lights,Плафоны
4250,researchBowlLightsDesc,Light solutions for illumination for ceilings with a Bowl diffuser cover.,Потолочные светильники с чашеобразным рассеивателем.
4251,researchBuilderTools,Builder Tools,Инструменты строителя
4252,researchBuilderToolsDesc,Knowledge about how to make basic building tools to repair or repaint blocks.,Знания по изготовлению базовых строительных инструментов для ремонта и перекрашивания блоков.
4253,researchCarpentryT1,Carpentry,Плотницкое дело
4254,researchCarpentryT1Desc,Knowledge in making the most basic wood based items and furniture.,Знания по изготовлению самых простых деревянных предметов и мебели.
4255,researchCarpentryT2,Improved Carpentry,Улучшенное плотницкое дело
4256,researchCarpentryT2Desc,Knowledge in making standard wood items and furniture.,Знания по изготовлению обычных деревянных предметов и мебели.
4257,researchCars,Car Maintenance,Обслуживание автомобилей
4258,researchCarsDesc,"Motor vehicle typically with 4 wheels and can be classified into different types, such as sedans, SUVs, hatchbacks and sports cars.","Моторное транспортное средство, обычно с 4 колёсами. Автомобили делятся на разные типы, например седаны, внедорожники, хэтчбеки и спортивные машины."
4259,researchCementMixing,Cement Mixing,Замешивание цемента
4260,researchCementMixingDesc,"Knowledge on how to combine materials to create [decea3]Stone[-], [decea3]Gravel[-], [decea3]Asphalt[-] terrain blocks as well as [decea3]Concrete Mix[-].","Знания о смешивании материалов для создания блоков [decea3]камня[-], [decea3]гравия[-], [decea3]асфальта[-], а также [decea3]бетонной смеси[-]."
4261,researchChemistryT1,Novice Chemist,Начинающий химик
4262,researchChemistryT1Desc,"Mix and combine basic chemicals and craft [decea3]Glue[-], [decea3]Paint[-] and [decea3]Paper[-].","Смешивайте базовые химикаты и создавайте [decea3]клей[-], [decea3]краску[-] и [decea3]бумагу[-]."
4263,researchChickenCoop,Chicken Farmer,Птицевод
4264,researchChickenCoopDesc,Knowledge about how to craft and maintain Chicken Coops to produce Eggs.,Знания о создании и обслуживании курятников для получения яиц.
4265,researchCookingTools,Cooking Tools,Кухонные инструменты
4266,researchCookingToolsDesc,Knowledge in making basic cooking tools.,Знания по изготовлению базовых кухонных инструментов.
4267,researchCrossbowsT1,Crossbows,Арбалеты
4268,researchCrossbowsT1Desc,Teaches you how to craft simple crossbows and bolts.,Позволяет создавать простые арбалеты и болты.
4269,researchCrossbowsT2,Improved Crossbows,Улучшенные арбалеты
4270,researchCrossbowsT2Desc,Teaches you how to craft improved crossbows and bolts.,Позволяет создавать улучшенные арбалеты и болты.
4271,researchDartTrap,Dart Trap,Ловушка с дротиками
4272,researchDartTrapDesc,Launches metal darts when powered.,При наличии питания выпускает металлические дротики.
4273,researchDecorBrass,Brass Decor,Латунный декор
4274,researchDecorBrassDesc,Learn how to make various decor objects made out of Brass.,Научитесь создавать различные декоративные предметы из латуни.
4275,researchDecorChainLink,Chain Link Decor,Декор из сетки-рабицы
4276,researchDecorChainLinkDesc,"Various Chain Link decor objects such as chains, doors and fences.","Различные декоративные предметы из сетки-рабицы: цепи, двери и ограждения."
4277,researchDecorFlags,Decorative Flags,Декоративные флаги
4278,researchDecorFlagsDesc,Craft various decorative Flags and Flag poles.,Создавайте различные декоративные флаги и флагштоки.
4279,researchDecorIron,Iron Decor,Железный декор
4280,researchDecorIronDesc,Learn how to make various decor objects made out of Iron.,Научитесь создавать различные декоративные предметы из железа.
4281,researchDecorParkWood,Wooden Park Decor,Деревянный парковый декор
4282,researchDecorParkWoodDesc,"Outdoor wooden decorations for parks such as benches, tables and stools.","Деревянные уличные украшения для парков: скамейки, столы, табуреты и другое."
4283,researchDecorPiano,Decorative Pianos,Декоративные пианино
4284,researchDecorPianoDesc,Allows you to show some class with having decorative pianos in your living spaces.,Позволяет добавить немного стиля жилому пространству с помощью декоративных пианино.
4285,researchDecorPlastic,Plastic Decor,Пластиковый декор
4286,researchDecorPlasticDesc,Learn how to craft decorative objects primarily made out of Plastic.,Научитесь создавать декоративные предметы преимущественно из пластика.
4287,researchDigitalScreens,Digital Screens,Цифровые экраны
4288,researchDigitalScreensDesc,Different size and shape digital screens provide you for that bit of extra sophistication over using basic wooden signs.,Цифровые экраны разных размеров и форм выглядят современнее обычных деревянных табличек.
4289,researchDoorsCellarIron,Cellar Iron Doors,Железные двери подвала
4290,researchDoorsCellarIronDesc,Iron Shutter and Cellar Doors.,Железные ставни и двери подвала.
4291,researchDoorsCellarSteel,Cellar Steel Doors,Стальные двери подвала
4292,researchDoorsCellarSteelDesc,Steel Shutter and Cellar Doors.,Стальные ставни и двери подвала.
4293,researchDoorsCellarWood,Cellar Wooden Doors,Деревянные двери подвала
4294,researchDoorsCellarWoodDesc,Wooden Shutter and Cellar Doors.,Деревянные ставни и двери подвала.
4295,researchDoorsGarageWood,Wood Garage Doors,Деревянные гаражные двери
4296,researchDoorsGarageWoodDesc,Various size Wood Gates and Garage Doors.,Деревянные ворота и гаражные двери разных размеров.
4297,researchDoorsGarageWoodPowered,Powered Wood Garage Doors,Деревянные гаражные двери с приводом
4298,researchDoorsGarageWoodPoweredDesc,"Various size Wood Gates and Garage Doors, that require electrical power to operate.","Деревянные ворота и гаражные двери разных размеров, которым для работы требуется электричество."
4299,researchDoorsGarageIron,Iron Garage Doors,Железные гаражные двери
4300,researchDoorsGarageIronDesc,Various size Iron Gates and Garage Doors.,Железные ворота и гаражные двери разных размеров.
4301,researchDoorsGarageSteel,Steel Garage Doors,Стальные гаражные двери
4302,researchDoorsGarageSteelDesc,Various size Steel Gates and Garage Doors.,Стальные ворота и гаражные двери разных размеров.
4303,researchDoorsGarageSteelPowered,Powered Steel Garage Doors,Стальные гаражные двери с приводом
4304,researchDoorsGarageSteelPoweredDesc,"Various size Steel Gates and Garage Doors, that require electrical power to operate.","Стальные ворота и гаражные двери разных размеров, которым для работы требуется электричество."
4305,researchDoorsIron,Iron Doors,Железные двери
4306,researchDoorsIronDesc,Doors made out of mostly Iron.,"Двери, изготовленные преимущественно из железа."
4307,researchDoorsSteelT1,Simple Steel Doors,Простые стальные двери
4308,researchDoorsSteelT1Desc,Doors made out of mostly Steel.,"Двери, изготовленные преимущественно из стали."
4309,researchDoorsSteelT1Powered,Powered Steel Doors,Стальные двери с приводом
4310,researchDoorsSteelT1PoweredDesc,"Doors made out of mostly Steel, that require electrical power to operate.","Стальные двери, которым для работы требуется электричество."
4311,researchDoorsSteelT2,Advanced Steel Doors,Улучшенные стальные двери
4312,researchDoorsSteelT2Desc,Advanced doors made out of mostly Steel.,"Улучшенные двери, изготовленные преимущественно из стали."
4313,researchDoorsSteelT2Powered,Powered Adv. Steel Doors,Улучшенные стальные двери с приводом
4314,researchDoorsSteelT2PoweredDesc,"Advanced doors made out of mostly Steel, that require electrical power to operate.","Улучшенные стальные двери, которым для работы требуется электричество."
4315,researchDoorsSteelSlidingGate,Steel Sliding Gate,Стальные откатные ворота
4316,researchDoorsSteelSlidingGateDesc,Very large Steel Sliding Gate door.,Очень большие стальные откатные ворота.
4317,researchDoorsWood,Wood Doors,Деревянные двери
4318,researchDoorsWoodDesc,Doors made out of mostly Wood.,"Двери, изготовленные преимущественно из дерева."
4319,researchElectricianT1,Novice Electrician,Начинающий электрик
4320,researchElectricianT1Desc,[No Description],[Нет описания]
4321,researchEngineerT1,Novice Engineer,Начинающий инженер
4322,researchEngineerT1Desc,Knowledge about how to craft a Workbench.,Знания о создании верстака.
4323,researchEngineerT2,Adept Engineer,Опытный инженер
4324,researchEngineerT2Desc,Knowledge about how to craft a Workbench.,Знания о создании верстака.
4325,researchEngineerT3,Master Engineer,Мастер-инженер
4326,researchEngineerT3Desc,Knowledge about how to craft a Workbench.,Знания о создании верстака.
4327,researchExplosiveArrowsBolts,Explosive Arrows/Bolts,Взрывные стрелы/болты
4328,researchExplosiveArrowsBoltsDesc,Knowledge on how to make Explosive Arrows for Bows and Explosive Bolts for Crossbows.,Знания по изготовлению взрывных стрел для луков и взрывных болтов для арбалетов.
4329,researchExplosivesT1,Basic Explosives,Базовая взрывчатка
4330,researchExplosivesT1Desc,Knowledge about how to make basic explosives such as Pipe Bombs or Dynamite.,"Знания по изготовлению простой взрывчатки, например самодельных бомб и динамита."
4331,researchExplosivesT2,Improved Explosives,Улучшенная взрывчатка
4332,researchExplosivesT2Desc,Knowledge about how to make improved explosives such as Grenades or Contact Grenades.,"Знания по изготовлению улучшенной взрывчатки, например гранат и контактных гранат."
4333,researchFakeFloors,Fake Floors,Фальшполы
4334,researchFakeFloorsDesc,"Appearance might be deceiving with these defensive structures, allowing you to build fake floor panels, that easily break and fall apart when stepped on.","Обманчивые защитные конструкции — фальшивые панели пола легко ломаются и проваливаются, когда на них наступают."
4335,researchFakeGlass,Fake Glass Panes,Фальшивые стеклянные панели
4336,researchFakeGlassDesc,"Very fragile deceiving glass panes, that easily break when even the slightest of force is applied to them.","Очень хрупкие обманные стеклянные панели, которые легко разбиваются даже от небольшого воздействия."
4337,researchFarmingT1,Novice Farmer,Начинающий фермер
4338,researchFarmingT1Desc,Teaches you the basics how to craft Farm Plots and handle grass and hay.,Обучает основам создания грядок и работе с травой и сеном.
4339,researchFarmingT2,Simple Farmer,Фермер
4340,researchFarmingT2Desc,Knowledge about how craft the most simplest of seeds.,Знания по созданию самых простых семян.
4341,researchFarmingT3,Advanced Farmer,Продвинутый фермер
4342,researchFarmingT3Desc,Knowledge about how craft some of the more advanced seeds.,Знания по созданию более продвинутых семян.
4343,researchFarmingT4,Expert Farmer,Эксперт-фермер
4344,researchFarmingT4Desc,Knowledge about how craft some of the more complex seeds.,Знания по созданию более сложных семян.
4345,researchFarmingAloe,Aloe Vera Farmer,Выращивание алоэ
4346,researchFarmingAloeDesc,Can be used to craft items with healing properties.,Позволяет создавать предметы с лечебными свойствами.
4347,researchFestivityDecor,Festivity Decorations,Праздничные украшения
4348,researchFestivityDecorDesc,Knowledge in making various festivity related decorations.,Знания по изготовлению различных праздничных украшений.
4349,researchBasicFirearms,Basic Firearms,Базовое огнестрельное оружие
4350,researchBasicFirearmsDesc,"Master the art of crafting Gunpowder, Buckshots, Bullet Tips, Casings and the most basic of 9mm Pistols.","Освойте изготовление пороха, картечи, наконечников пуль, гильз и простейших 9-мм пистолетов."
4351,researchFlamingArrowsBolts,Flaming Arrows/Bolts,Горящие стрелы/болты
4352,researchFlamingArrowsBoltsDesc,Knowledge on how to make Flaming Arrows for Bows and Flaming Bolts for Crossbows.,Знания по изготовлению горящих стрел для луков и горящих болтов для арбалетов.
4353,researchFurnitureCloth,Cloth Furniture,Тканевая мебель
4354,researchFurnitureClothDesc,"Knowledge about how to make various kinds of cloth furniture, like chairs, sofas, beds etc.","Знания по изготовлению различной тканевой мебели: стульев, диванов, кроватей и т. п."
4355,researchFurnitureCommercial,Commercial Furniture,Коммерческая мебель
4356,researchFurnitureCommercialDesc,Various commercial businesses related furniture.,Различная мебель для коммерческих помещений.
4357,researchFurnitureHospital,Hospital Furniture,Больничная мебель
4358,researchFurnitureHospitalDesc,Various hospital related furniture.,Различная больничная мебель.
4359,researchFurnitureLeather,Leather Furniture,Кожаная мебель
4360,researchFurnitureLeatherDesc,"Knowledge about how to make various kinds of leather furniture, like chairs, sofas, beds etc.","Знания по изготовлению различной кожаной мебели: стульев, диванов, кроватей и т. п."
4361,researchFurniturePublicServices,Public Service Furniture,Мебель общественных служб
4362,researchFurniturePublicServicesDesc,Various public services related furniture.,Различная мебель для общественных служб.
4363,researchFurnitureWood,Wood Furniture,Деревянная мебель
4364,researchFurnitureWoodDesc,"Knowledge about how to make various kinds of wooden furniture, like chairs, sofas, beds etc.","Знания по изготовлению различной деревянной мебели: стульев, диванов, кроватей и т. п."
4365,researchGasMaskRespirator,Basic Gas Masks,Простые противогазы
4366,researchGasMaskRespiratorDesc,Some areas are very hazardous to your lungs and having even the most basic ability to filter air for breathing can help you survive much longer.,Некоторые районы крайне опасны для лёгких. Даже простая фильтрация воздуха помогает значительно дольше выживать в таких условиях.
4367,researchGyrocopter,Gyrocopter Maintenance,Обслуживание гирокоптера
4368,researchGyrocopterDesc,Also known as a gyroplane or autogyro. A type of aircraft that uses an unpowered rotor to generate lift and a separate engine to provide forward thrust.,"Гироплан, или автожир — летательный аппарат с несущим свободно вращающимся ротором и отдельным двигателем для тяги вперёд."
4369,researchHandCrafting,Hand Crafting,Ручное изготовление
4370,researchHandCraftingDesc,Knowledge on how to create things with your bare hands.,Знания о создании предметов голыми руками.
4371,researchKiln,Kiln,Обжиговая печь
4372,researchKilnDesc,Master the technique of making Bricks and Charcoal in a Kiln.,Освойте изготовление кирпичей и древесного угля в обжиговой печи.
4373,researchMagnum44,Magnum Revolver,Револьвер Magnum
4374,researchMagnum44Desc,"Knowledge of making a large caliber handgun Magnum, using .44 Cal Rounds",Знания по изготовлению крупнокалиберного револьвера Magnum под патроны .44 калибра.
4375,researchMechanicT1,Novice Mechanic,Начинающий механик
4376,researchMechanicT1Desc,Knowledge about how to craft a Mechanics Workbench.,Знания по созданию верстака механика.
4377,researchMinibike,Minibike Maintenance,Обслуживание минибайка
4378,researchMinibikeDesc,"Doesn't consume a lot of fuel and doesn't go that fast, but you don't have to worry about stamina when using one.","Потребляет мало топлива и не отличается высокой скоростью, зато при поездке не расходует вашу выносливость."
4379,researchPowdersBasic,Basic Powders,Базовые порошки
4380,researchPowdersBasicDesc,Grinding and crushing down resources into smaller particles often is a necessary intermediary step into mixing them up with other materials.,Измельчение ресурсов до мелких частиц часто является промежуточным этапом перед смешиванием с другими материалами.
4381,researchPowdersAdvanced,Advanced Powders,Продвинутые порошки
4382,researchPowdersAdvancedDesc,"Grinding and crushing more complicated materials is more intricate process, especially for very reactive materials such as Sulfur.","Измельчение сложных материалов требует более тонкого процесса, особенно для реактивных веществ вроде серы."
4383,researchMotorcycle,Motorcycle Maintenance,Обслуживание мотоцикла
4384,researchMotorcycleDesc,"Bigger brothers to the minibikes, motorcycles are good vehicles for scouting out new areas.",Мотоциклы крупнее минибайков и хорошо подходят для разведки новых территорий.
4385,researchNoviceCook,Novice Cook,Начинающий повар
4386,researchNoviceCookDesc,"You know some of the most simplest cooking recipes like boiling water, eggs, meat or baking potatoes.","Вы знаете простейшие рецепты: кипячение воды, приготовление яиц и мяса, запекание картофеля."
4387,researchPistols10mm,10mm Pistols,10-мм пистолеты
4388,researchPistols10mmDesc,Master more powerful 10mm Round handgun crafting.,Освойте изготовление более мощных 10-мм пистолетов.
4389,researchPrimitiveTools,Primitive Tools,Примитивные инструменты
4390,researchPrimitiveToolsDesc,Knowledge about how to make a basic tools to repair or repaint blocks.,Знания по изготовлению простых инструментов для ремонта и перекрашивания блоков.
4391,researchPortableLights,Portable Lights,Переносные светильники
4392,researchPortableLightsDesc,"Portable Lights such as Lanterns provide you with a light source, but requires batteries to function.","Переносные светильники, например фонари, дают свет, но требуют батареек."
4393,researchPoweredLightsT1,Basic Powered Lights,Базовые электрические светильники
4394,researchPoweredLightsT1Desc,Basic Powered Lights to illuminate your surroundings.,Базовые электрические светильники для освещения окружения.
4395,researchPoweredLightsT2,Improved Powered Lights,Улучшенные электрические светильники
4396,researchPoweredLightsT2Desc,Improved Powered Lights to illuminate your surroundings.,Улучшенные электрические светильники для освещения окружения.
4397,researchPowerLogicBasic,Basic Power Logic,Базовая логика электросети
4398,researchPowerLogicBasicDesc,A Switch and simple Electric Time Relay enables basic power logic to control your power grids.,Выключатель и простое реле времени позволяют создавать базовую логику управления электросетью.
4399,researchPressurePlates,Pressure Plates,Нажимные пластины
4400,researchPressurePlatesDesc,Weight sensing Pressure Plates allow you to trigger events when stepped on for your power grids.,"Нажимные пластины с датчиком веса позволяют запускать события в электросети, когда на них наступают."
4401,researchRoboticsT1,Novice Robotics,Начальная робототехника
4402,researchRoboticsT1Desc,Close proximity robotic melee turret.,Роботизированная турель ближнего боя для малой дистанции.
4403,researchRoboticsT2,Improved Robotics,Улучшенная робототехника
4404,researchRoboticsT2Desc,Can be used as a gun or placed down on the ground to act as a close proximity robotic ranged turret.,Можно использовать как оружие или установить на землю как роботизированную турель дальнего боя для малой дистанции.
4405,researchRoboticsT3,Master Robotics,Продвинутая робототехника
4406,researchSafes,Medium and Large Safes,Средние и большие сейфы
4407,researchSafesDesc,"Different size Medium and Large Safes, that provides respectable security for your belongings.",Средние и большие сейфы разных размеров обеспечивают достойную защиту ваших вещей.
4408,researchSafesAndLockersSmall,Small Safes and Lockers,Малые сейфы и шкафчики
4409,researchSafesAndLockersSmallDesc,"Different size secure Small Safes and Lockers, that provide respectable security.",Небольшие сейфы и запираемые шкафчики разных размеров обеспечивают достойную защиту.
4410,researchShapesAwning,Awning Blocks,Тканевые навесы
4411,researchShapesAwningDesc,Blocks made out of Cloth.,Блоки из ткани.
4412,researchShapesBrick,Brick Blocks,Кирпичные блоки
4413,researchShapesBrickDesc,Blocks made out of Bricks.,Блоки из кирпича.
4414,researchShapesCobblestone,Cobblestone Blocks,Булыжные блоки
4415,researchShapesCobblestoneDesc,Blocks made out of Large Stones.,Блоки из крупных камней.
4416,researchShapesConcrete,Concrete Blocks,Бетонные блоки
4417,researchShapesConcreteDesc,Blocks made out of Concrete Mix.,Блоки из бетонной смеси.
4418,researchShapesIron,Iron Blocks,Железные блоки
4419,researchShapesIronDesc,Blocks made out of Iron.,Блоки из железа.
4420,researchShapesSteel,Steel Blocks,Стальные блоки
4421,researchShapesSteelDesc,Blocks made out of Steel.,Блоки из стали.
4422,researchShapesTitanium,Titanium Blocks,Титановые блоки
4423,researchShapesTitaniumDesc,Blocks made out of Titanium.,Блоки из титана.
4424,researchShapesConcreteReinforced,Reinforced Concrete Blocks,Железобетонные блоки
4425,researchShapesConcreteReinforcedDesc,Blocks made out of Reinforced Concrete.,Блоки из железобетона.
4426,researchShapesWood,Wood Blocks,Деревянные блоки
4427,researchShapesWoodDesc,Basic building blocks made out of renewable Wood resource.,Базовые строительные блоки из возобновляемого ресурса — древесины.
4428,researchShotguns,Shotguns,Дробовики
4429,researchShotgunsDesc,Knowledge on how to craft the most basic Pipe Shotgun and ammo for it.,Знания по изготовлению простейшего самодельного дробовика и боеприпасов к нему.
4430,researchSniperRifles,Sniper Rifles,Снайперские винтовки
4431,researchSniperRiflesDesc,Knowledge on how to craft the most basic Pipe Sniper Rifle.,Знания по изготовлению простейшей самодельной снайперской винтовки.
4432,researchSubMachineGuns,SubMachine Guns,Пистолеты-пулемёты
4433,researchSubMachineGunsDesc,Knowledge on how to craft basic SubMachine Gun and ammo for it.,Знания по изготовлению простого пистолета-пулемёта и боеприпасов к нему.
4434,researchMachineGuns,Machine Guns,Автоматическое оружие
4435,researchMachineGunsDesc,Knowledge on how to craft basic Machine Gun and ammo for it.,Знания по изготовлению простого автоматического оружия и боеприпасов к нему.
4436,researchHeavySniperRifles,Heavy Sniper Rifles,Тяжёлые снайперские винтовки
4437,researchHeavySniperRiflesDesc,Large caliber Heavy Sniper Rifles.,Крупнокалиберные тяжёлые снайперские винтовки.
4438,researchStorageCardboard,Cardboard Storage,Картонные хранилища
4439,researchStorageCardboardDesc,Very basic and not very durable storage made out of recycled cardboard.,Простейшие и не слишком прочные хранилища из переработанного картона.
4440,researchStorageWood,Wood Storage,Деревянные хранилища
4441,researchStorageWoodDesc,Simple storage solutions made primarily out of Wood.,Простые хранилища из дерева.
4442,researchStorageWoodDecor,Decorative Wood Storage,Декоративные деревянные хранилища
4443,researchStorageWoodDecorDesc,Simple decorative storage solutions made primarily out of Wood.,Простые декоративные хранилища из дерева.
4444,researchStorageIron,Iron Storage,Железные хранилища
4445,researchStorageIronDesc,Pretty durable storage solutions made primarily out of Iron.,Довольно прочные хранилища из железа.
4446,researchStorageIronDecor,Decorative Iron Storage,Декоративные железные хранилища
4447,researchStorageIronDecorDesc,Pretty durable decorative storage solutions made primarily out of Iron.,Довольно прочные декоративные хранилища из железа.
4448,researchStorageSteel,Steel Storage,Стальные хранилища
4449,researchStorageSteelDesc,Very durable storage solutions made primarily out of Steel.,Очень прочные хранилища из стали.
4450,researchStorageTitanium,Titanium Storage,Титановые хранилища
4451,researchStorageTitaniumDesc,Most durable storage solutions made primarily out of Titanium.,Самые прочные хранилища из титана.
4452,researchStreetLights,Street Lights,Уличные фонари
4453,researchStreetLightsDesc,"Street lights, that are useful for illuminating roads, roadsides, parks etc.","Уличные фонари для освещения дорог, обочин, парков и других мест."
4454,researchSuperCorn,Super Corn,Суперкукуруза
4455,researchSuperCornDesc,Understand the intricacies on how to handle and craft Super Corn Seeds.,Разберитесь в тонкостях выращивания и создания семян суперкукурузы.
4456,researchSurvivalAid,Survival Aid,Первая помощь для выживания
4457,researchSurvivalAidDesc,You understand the basics on how to treat basic wounds by being able to make a Bandage or Splint.,Вы знаете основы лечения простых ран и умеете делать бинты и шины.
4458,researchTableLights,Table Lights,Настольные светильники
4459,researchTableLightsDesc,"Standing light fixtures for tables, desks, night stands etc.","Светильники для столов, письменных столов, тумбочек и других поверхностей."
4460,researchTailorT1,Novice Tailor,Начинающий портной
4461,researchTailorT1Desc,"Basic understanding about tailoring and how to craft [decea3]Primitive Armor[-], [decea3]Cloth[-] and a Bedroll[-].","Базовые знания портняжного дела и изготовления [decea3]примитивной брони[-], [decea3]ткани[-] и спального мешка[-]."
4462,researchTailorT2,Skillful Tailor,Умелый портной
4463,researchTailorT2Desc,Master the techniques to craft more complex armor components.,Освойте изготовление более сложных компонентов брони.
4464,researchTailorT3,Competent Tailor,Опытный портной
4465,researchTailorT3Desc,Master the techniques to craft more complex armor components.,Освойте изготовление более сложных компонентов брони.
4466,researchTailorT4,Expert Tailor,Эксперт-портной
4467,researchTailorT4Desc,Master the techniques to craft more complex armor components.,Освойте изготовление более сложных компонентов брони.
4468,researchTailorT5,Master Tailor,Мастер-портной
4469,researchTailorT5Desc,Master the techniques to craft the most advanced armor components.,Освойте изготовление самых продвинутых компонентов брони.
4470,researchThermalProcessingT1,Thermal Processing,Термообработка
4471,researchThermalProcessingT1Desc,Knowledge on how to process materials by applying heat.,Знания о термической обработке материалов.
4472,researchThermalProcessingT2,Improved Thermal Processing,Улучшенная термообработка
4473,researchThermalProcessingT2Desc,Knowledge on how to process materials by applying heat.,Знания о термической обработке материалов.
4474,researchThermalProcessingT3,Advanced Thermal Processing,Продвинутая термообработка
4475,researchThermalProcessingT3Desc,Knowledge on how to process materials by applying heat.,Знания о термической обработке материалов.
4476,researchTier1,Tier 1 Research,Исследования 1-го уровня
4477,researchTier1Desc,Allows you to research Tier 1 research technologies.,Позволяет исследовать технологии 1-го уровня.
4478,researchTier2,Tier 2 Research,Исследования 2-го уровня
4479,researchTier2Desc,Allows you to research Tier 2 research technologies.,Позволяет исследовать технологии 2-го уровня.
4480,researchTier3,Tier 3 Research,Исследования 3-го уровня
4481,researchTier3Desc,Allows you to research Tier 3 research technologies.,Позволяет исследовать технологии 3-го уровня.
4482,researchToolSmith,Tool Smith,Инструментальщик
4483,researchToolSmithDesc,Knowing how to make basic workstation tools might prove to be very useful.,Умение создавать базовые инструменты для верстаков может оказаться очень полезным.
4484,researchTrucks,Truck Maintenance,Обслуживание грузовиков
4485,researchTrucksDesc,Trucks are generally larger and heavier than cars and vans and have a more powerful engine to support their size and load capacity.,Грузовики обычно крупнее и тяжелее легковых машин и фургонов и оснащены более мощным двигателем для своей массы и грузоподъёмности.
4486,researchVans,Van Maintenance,Обслуживание фургонов
4487,researchVansDesc,"Vans are generally larger and taller than cars and have more interior space, which makes them well-suited for transporting goods or groups of people.","Фургоны обычно крупнее и выше легковых машин и имеют больше внутреннего пространства, поэтому хорошо подходят для перевозки грузов и групп людей."
4488,researchVehicleElevator,Vehicle Elevator,Автоподъёмник
4489,researchVehicleElevatorDesc,Craft various size Vehicle Elevators.,Позволяет создавать автоподъёмники разных размеров.
4490,researchWallLights,Wall Lights,Настенные светильники
4491,researchWallLightsDesc,Wall mounted light solutions for illumination.,Настенные светильники.
4492,researchWaterCondenser,Water Condenser,Конденсатор воды
4493,researchWaterCondenserDesc,Actively collects water from the atmosphere and filters it out through the condenser membrane to make it less contaminated.,"Активно собирает воду из атмосферы и фильтрует её через мембрану конденсатора, уменьшая загрязнение."
4494,researchWaterTankLarge,Large Liquid Tank,Большой резервуар для жидкостей
4495,researchWaterTankLargeDesc,"Spacious liquid tank, that can store large quantities of liquids.",Вместительный резервуар для хранения большого количества жидкостей.
4496,researchWeaponsT0,Basic Weapons,Базовое оружие
4497,researchWeaponsT0Desc,Knowledge about how to make basic melee weapons.,Знания по изготовлению простого оружия ближнего боя.
4498,researchWoodRefinement,Wood Refinement,Переработка древесины
4499,researchWoodRefinementDesc,Learn how to extract Resin and make Sticks from Lumber and Fuel Bricks from Scrap Wood.,"Научитесь извлекать смолу, делать палки из пиломатериалов и топливные брикеты из древесных отходов."
4500,autoTurret,SMG Auto Turret,Автоматическая ПП-турель
4501,autoTurretDesc,Motion sensing SMG automatic defense turret. Requires power and ammunition to function.,Автоматическая оборонительная ПП-турель с датчиком движения. Для работы требуются питание и боеприпасы.
4502,awningShapes:VariantHelper,Awning Shapes,Формы из ткани
4503,barbedFence,Barbed Wire Fence,Забор из колючей проволоки
4504,barbedFenceDesc,Basic defensive structure made out of couple strands of barbed wire attached to some sticks.,"Простое защитное сооружение из нескольких нитей колючей проволоки, закреплённых на кольях."
4505,bladeTrap,Blade Trap,Ловушка с лезвиями
4506,bladeTrapDesc,"A few sharp blades connected to a rotor, that spin when power is supplied. Useful for chopping up zombies into many pieces.","Несколько острых лезвий на роторе, которые вращаются при подаче питания. Отлично подходят, чтобы рубить зомби на куски."
4507,candelabraLight,Candelabra (POI),Канделябр (POI)
4508,candelabraLightSmall,Candelabra Small (POI),Малый канделябр (POI)
4509,ceilingLight01_player,Light Bulb Flush Mount (White),Потолочный плафон (белый)
4510,chainLinkFencePOIVariantHelper,Chain Link Fence,Сеточный забор
4511,cntBagsRandomLootHelper,Bag/Backpack  | Random Helper,сумка/рюкзак | Случайный вариант
4512,cntBarrelPlasticSingle00,Plastic Barrel,Пластиковая бочка
4513,cntBarrelPlasticSingle00Desc,A container for storing drinks.,Ёмкость для хранения напитков.
4514,cntBarrelPlasticSingle45,Plastic Barrel,Пластиковая бочка
4515,cntBarrelPlasticSingle45Desc,A container for storing drinks.,Ёмкость для хранения напитков.
4516,cntBarrelPlasticQuadA,Plastic Barrel Pallet,Паллета пластиковых бочек
4517,cntBarrelPlasticQuadADesc,Containers for storing drinks.,Ёмкости для хранения напитков.
4518,cntBarrelPlasticQuadB,Plastic Barrels,Пластиковые бочки
4519,cntBarrelPlasticQuadBDesc,Containers for storing drinks.,Ёмкости для хранения напитков.
4520,cntBathTubEmpty,Bath Tub,Ванна
4521,cntBathTubEmptyDesc,A container for holding water in which a person or animal may take a bath.,"Емкость для воды, в которой человек или животное может искупаться."
4522,cntBathTubsRandomLootHelper,Bathtubs | Random Helper,Ванны | Случайный вариант
4523,cntBeerCooler,Beverage Cooler,Холодильник для напитков
4524,cntBeerCoolerDesc,Furniture.,Мебель
4525,cntBookcaseGoodRandomLootHelper,"Bookcase, Good | Random Helper","Книжный шкаф, хороший | Случайный вариант"
4526,cntBookcasePoorRandomLootHelper,"Bookcase, Poor | Random Helper","Книжный шкаф, плохой | Случайный вариант"
4527,cntBookShelfSingleBottomRandomLootHelper,Book Shelf Single Bot | Random Helper,Книжная полка одинарный нижний | Случайный вариант
4528,cntBookShelfSingleTopRandomLootHelper,Book Shelf Single Top | Random Helper,Книжная полка одинарный сверху | Случайный вариант
4529,cntBookShelfDoubleBottomRandomLootHelper,Book Shelf Double Bot | Random Helper,Книжная полка двойной нижний | Случайный вариант
4530,cntBookShelfDoubleTopRandomLootHelper,Book Shelf Double Top | Random Helper,Книжная полка двойной сверху | Случайный вариант
4531,cntBookShelfSingleCapBottomRandomLootHelper,Book Shelf Cap Bot | Random Helper,Книжная полка кепка нижний | Случайный вариант
4532,cntBookShelfSingleCapTopRandomLootHelper,Book Shelf Cap Top | Random Helper,Книжная полка кепка сверху | Случайный вариант
4533,cntBookPileRandomLootHelper,Book Pile | Random Helper,Стопка книг | Случайный вариант
4534,cntBruteStyleTrashCanRandomLootHelper,Trash Can | Random Helper,Мусорный бак | Случайный вариант
4535,cntBurntForestRandomLootHelper,Burnt Forest Loot | Random Helper,Добыча сгоревшего леса | Случайный вариант
4536,cntCabinetBottomRandomLootHelper,Cabinet | Random Helper,шкаф | Случайный вариант
4537,cntCabinetOldBottomLootHelper,Cabinet Old | Random Helper,шкаф старые | Случайный вариант
4538,cntCashRegisterRandomLootHelper,Cash Registers | Random Helper,Кассовые аппараты | Случайный вариант
4539,cntCashRegisterSecure,Secure Cash Register,Закрытый кассовый аппарат
4540,cntCementMixerBustedRandomLootHelper,Destroyed Cement Mixer | Random Helper,Разрушенная бетономешалка | Случайный вариант
4541,cntCharcoalGrillRandomLootHelper,Charcoal Grill | Random Helper,Угольный гриль | Случайный вариант
4542,cntChemistryStationBustedRandomLootHelper,Destroyed Chemistry Station | Random Helper,Разрушенная химическая станция | Случайный вариант
4543,cntClothesRackRoundRandomLootHelper,"Clothes Rack, Round | Random Helper","Стойка для одежды, круглый | Случайный вариант"
4544,cntClothesRackRectangleRandomLootHelper,"Clothes Rack, Rectangle | Random Helper",Прямоугольная стойка для одежды | Случайный вариант
4545,cntClothesRackWallRandomLootHelper,"Clothes Rack, Wall | Random Helper","Стойка для одежды, настенный | Случайный вариант"
4546,cntClothesShelfHalfRandomLootHelper,Clothes Shelf | Random Helper,Полка для одежды | Случайный вариант
4547,cntClothesShelfStackRandomLootHelper,Clothes Shelf Stack | Random Helper,Полка для одежды стопка | Случайный вариант
4548,cntCollapsedWorkbench,Destroyed Workbench,Сломанный верстак
4549,cntCollapsedWorkbenchDesc,"A destroyed, lootable workbench, can't be used to craft things, but can hold some valuables within.","Сломанный верстак, бесполезен, но в нем можно все еще найти что-то ценное."
4550,cntConstructionSuppliesRandomLootHelper,Construction Loot | Random Helper,Строительные материалы | Случайный вариант
4551,cntCoolerRandomLootHelper,Cooler | Random Helper,Холодильник | Случайный вариант
4552,cntCupboardCabinetRedTopLootHelper,Cupboard Red | Random Helper,Кухонный шкаф красный | Случайный вариант
4553,cntDesertRandomLootHelper,Desert Loot | Random Helper,Добыча пустыни | Случайный вариант
4554,cntDeskSafeRandomLootHelper,Desk Safe | Random Helper,Настольный сейф | Случайный вариант
4555,cntDewCollector,Dew Collector,Сборщик росы
4556,cntDewCollectorDesc,Allows passive collection of water over time from the atmosphere.,Позволяет пассивно собирать воду из атмосферы с течением времени.
4557,cntDisplayCaseAmmoLeftRandomLootHelper,"Ammo Display Case, Left | Random Helper","Витрина с боеприпасами, левый | Случайный вариант"
4558,cntDisplayCaseAmmoMiddleRandomLootHelper,"Ammo Display Case, Mid | Random Helper",Средняя витрина с боеприпасами | Случайный вариант
4559,cntDisplayCaseAmmoRightRandomLootHelper,"Ammo Display Case, Right | Random Helper","Витрина с боеприпасами, правый | Случайный вариант"
4560,cntDumpster,Dumpster,мусорный контейнер
4561,cntDumpsterBrown,Dumpster (Brown),мусорный контейнер (коричневый)
4562,cntDumpsterBlue,Dumpster (Blue),мусорный контейнер (синий)
4563,cntDumpsterGrey,Dumpster (Grey),мусорный контейнер (серый)
4564,cntDumpsterFlies,Dumpster (Flies),мусорный контейнер (мухи)
4565,cntDumpsterFliesBrown,"Dumpster (Brown, Flies)","мусорный контейнер (коричневый, мухи)"
4566,cntDumpsterFliesBlue,"Dumpster (Blue, Flies)","мусорный контейнер (синий, мухи)"
4567,cntDumpsterFliesGrey,"Dumpster (Grey, Flies)","мусорный контейнер (серый, мухи)"
4568,cntDomedTrashCanRandomLootHelper,Domed Trash Can | Random Helper,Купольная урна | Случайный вариант
4569,cntDryerRandomLootHelper,Dryer | Random Helper,Сушильная машина | Случайный вариант
4570,cntFileCabinetBlockVariantHelper,File Cabinet,Картотечный шкаф
4571,cntFileCabinetShortRandomLootHelper,"File Cabinet, Short | Random Helper","Картотечный шкаф, короткий | Случайный вариант"
4572,cntFileCabinetShortSecure,Secure File Cabinet,Закрытая картотека
4573,cntFileCabinetTallRandomLootHelper,"File Cabinet, Tall | Random Helper","Картотечный шкаф, высокий | Случайный вариант"
4574,cntFileCabinetTallSecure,Secure File Cabinet,Закрытая картотека
4575,cntForestRandomLootHelper,Forest Loot | Random Helper,Лесная добыча | Случайный вариант
4576,cntForgeBustedRandomLootHelper,Destroyed Forge | Random Helper,Разрушенный горн | Случайный вариант
4577,cntFreezerBeverages,Beverage Freezer,Морозильник для напитков
4578,cntFreezerBeveragesMiddleRandomLootHelper,"Freezer Middle, Beverages | Random Helper","морозильник средний, напитки | Случайный вариант"
4579,cntFreezerBeveragesLeftRandomLootHelper,"Freezer Left, Beverages | Random Helper","морозильник левый, напитки | Случайный вариант"
4580,cntFreezerBeveragesRightRandomLootHelper,"Freezer Right, Beverages | Random Helper","морозильник правый, напитки | Случайный вариант"
4581,cntFreezerBeveragesStandaloneRandomLootHelper,"Freezer Standalone, Beverages | Random Helper","морозильник отдельностоящий, напитки | Случайный вариант"
4582,cntFreezerGroceriesMiddleRandomLootHelper,"Freezer Middle, Groceries | Random Helper","морозильник средний, продукты | Случайный вариант"
4583,cntFreezerGroceriesLeftRandomLootHelper,"Freezer Left, Groceries | Random Helper","морозильник левый, продукты | Случайный вариант"
4584,cntFreezerGroceriesRightRandomLootHelper,"Freezer Right, Groceries | Random Helper","морозильник правый, продукты | Случайный вариант"
4585,cntFridgeStainlessSteelRandomLootHelper,Steel Fridge | Random Helper,Стальной холодильник | Случайный вариант
4586,cntGarageRandomLootHelper,Garage Loot | Random Helper,гараж добыча | Случайный вариант
4587,cntGasGrillRandomLootHelper,Gas Grill | Random Helper,Газовый гриль | Случайный вариант
4588,cntGasPumpEmpty,[FF1919]Damaged[-] Gas Pump,[FF1919]Сломанная[-] бензоколонка
4589,cntGasPumpEmptyDesc, ,
4590,cntGasPumpFull,Gas Pump,Бензоколонка
4591,cntGasPumpFullDesc, ,
4592,cntGasPumpRandomLootHelper,Gas Pump | Random Helper,Бензоколонка | Случайный вариант
4593,cntGunRackLargeRandomLootHelper,"Gun Rack, Large | Random Helper",Большая оружейная стойка | Случайный вариант
4594,cntGunRackSmallRandomLootHelper,"Gun Rack, Small | Random Helper",Малая оружейная стойка | Случайный вариант
4595,cntHouseRandomLootHelper,House Loot | Random Helper,Домашняя добыча | Случайный вариант
4596,cntLaundryBasketRandomLootHelper,Laundry Basket | Random Helper,Корзина для белья | Случайный вариант
4597,cntLockersShortRandomLootHelper,Lockers Short | Random Helper,шкафчики короткий | Случайный вариант
4598,cntLockersShortSecure,Secure Lockers,Закрытый шкафчик
4599,cntLockersTallRandomLootHelper,Lockers Tall | Random Helper,шкафчики высокий | Случайный вариант
4600,cntLockersTallSecure,Secure Lockers,Закрытый шкафчик
4601,cntLockersTallDoubleRandomLootHelper,Lockers Tall Double | Random Helper,шкафчики высокий двойной | Случайный вариант
4602,cntLockersTallDoubleSecure,Secure Lockers,Закрытый шкафчик
4603,cntLockersTallMixRandomLootHelper,Lockers Mixed 1 | Random Helper,шкафчики смешанный 1 | Случайный вариант
4604,cntLockersTallMixSecure,Secure Lockers,Закрытый шкафчик
4605,cntLockersTallMixLinkRandomLootHelper,Lockers Mixed 2 | Random Helper,шкафчики смешанный 2 | Случайный вариант
4606,cntLockersTallMixLinkSecure,Secure Lockers,Закрытый шкафчик
4607,cntLuggageMediumRandomLootHelper,Luggage Medium | Random Helper,Средний багаж | Случайный вариант
4608,cntLuggageBigRandomLootHelper,Luggage Big | Random Helper,Большой багаж | Случайный вариант
4609,cntLuggagePileARandomLootHelper,Luggage Pile A | Random Helper,багаж куча | Случайный вариант
4610,cntLuggagePileBRandomLootHelper,Luggage Pile B | Random Helper,багаж куча B | Случайный вариант
4611,cntMedicineCabinetFaucetRandomLootHelper,"Medicine Cabinet, Faucet | Random Helper","Аптечный шкафчик, кран | Случайный вариант"
4612,cntMedicineCabinetClosed,Medicine Cabinet,Аптечный шкафчик
4613,cntMedicineCabinetClosedRandomLootHelper,Medicine Cabinet | Random Helper,Аптечный шкафчик | Случайный вариант
4614,cntMetalDesk02RandomLootHelper,Metal Desk | Random Helper,Металлический стол | Случайный вариант
4615,cntMetalDesk02Secure,Secure Iron Desk,Закрытый железный стол
4616,cntMicrowaveRandomLootHelper,Microwave | Random Helper,Микроволновка | Случайный вариант
4617,cntModularClosetRandomLootHelper,Garment Bag | Random Helper,Чехол для одежды | Случайный вариант
4618,cntMunitionsBoxArmySecure,Secure Munitions Box,Надежный ящик для боеприпасов
4619,cntMunitionsBoxRedSecure,Secure Munitions Box,Надежный ящик для боеприпасов
4620,cntMunitionsBoxGreenSecure,Secure Munitions Box,Надежный ящик для боеприпасов
4621,cntMunitionsBoxBlueSecure,Secure Munitions Box,Надежный ящик для боеприпасов
4622,cntMunitionsBoxOrangeSecure,Secure Munitions Box,Надежный ящик для боеприпасов
4623,cntNightstandRandomLootHelper,Nightstand | Random Helper,Комод | Случайный вариант
4624,cntPaintingPictureSafeRandomLootHelper,"Painting, Wall Safe | Random Helper","Картина, настенный сейф | Случайный вариант"
4625,cntPillCaseRandomLootHelper,Medicine Cabinet | Random Helper,Аптечный шкафчик | Случайный вариант
4626,cntQuestNoPHRandomLootHelper,"Quest Loot, No PH | Random Helper","Задание: добыча, нет PH | Случайный вариант"
4627,cntQuestRandomLootHelper,Quest Loot | Random Helper,Задание: добыча | Случайный вариант
4628,cntRetroFridgeRandomLootHelper,Retro Fridge | Random Helper,Ретро-холодильник | Случайный вариант
4629,cntRollingToolBoxRandomLootHelper,Rolling Toolbox | Random Helper,Передвижной ящик инструментов | Случайный вариант
4630,cntRollingToolBoxSecure,Secure Rolling Toolbox,Закрытый ящик для инструментов
4631,cntServiceTruckMoPowerRandomLootHelper,Mo Power Truck/Air | Random Helper,Грузовик/авиатранспорт Mo Power | Случайный вариант
4632,cntServiceTruckWorkingStiffToolsRandomLootHelper,Working Stiffs Truck/Air | Random Helper,Грузовик/авиатранспорт Working Stiffs | Случайный вариант
4633,cntShoesPileRandomLootHelper,Shoes Pile | Random Helper,обувь куча | Случайный вариант
4634,cntShoppingBasketRandomLootHelper,Shopping Basket | Random Helper,Корзина для покупок | Случайный вариант
4635,cntShoppingCartRandomLootHelper,Shopping Cart | Random Helper,Тележка для покупок | Случайный вариант
4636,cntStoreElectronicsBookShelfSpeaker,Shelf Speaker,Динамик
4637,cntStorageGeneric,Wood Crate,Деревянный ящик
4638,cntStorageGenericSigned,Signed Wood Crate,Подписанный деревянный ящик
4639,cntStoreCratesRandomLootHelper,Store Crate | Random Helper,Магазинный ящик | Случайный вариант
4640,cntStoreProduceBasketCornerRandomLootHelper,"Produce Basket, Corner | Random Helper","Корзина с продуктами, угловой | Случайный вариант"
4641,cntStoreProduceBasketRandomLootHelper,Produce Basket | Random Helper,Корзина с продуктами | Случайный вариант
4642,cntStoreShelfSingleBottomFoodRandomLootHelper,"Store Shelf Single Bot, Food | Random Helper","Магазинная полка одинарный нижний, еда | Случайный вариант"
4643,cntStoreShelfSingleTopFoodRandomLootHelper,"Store Shelf Single Top, Food | Random Helper","Магазинная полка одинарный сверху, еда | Случайный вариант"
4644,cntStoreShelfDoubleBottomFoodRandomLootHelper,"Store Shelf Double Bot, Food | Random Helper","Магазинная полка двойной нижний, еда | Случайный вариант"
4645,cntStoreShelfDoubleTopFoodRandomLootHelper,"Store Shelf Double Top, Food | Random Helper","Магазинная полка двойной сверху, еда | Случайный вариант"
4646,cntStoreShelfDoubleBottomShoesRandomLootHelper,"Store Shelf Double Bot, Shoes | Random Helper","Магазинная полка двойной нижний, обувь | Случайный вариант"
4647,cntStoreShelfDoubleTopShoesRandomLootHelper,"Store Shelf Double Top, Shoes | Random Helper","Магазинная полка двойной сверху, обувь | Случайный вариант"
4648,cntStoreShelfSingleBottomShoesRandomLootHelper,"Store Shelf Single Bot, Shoes | Random Helper","Магазинная полка одинарный нижний, обувь | Случайный вариант"
4649,cntStoreShelfSingleTopShoesRandomLootHelper,"Store Shelf Single Top, Shoes | Random Helper","Магазинная полка одинарный сверху, обувь | Случайный вариант"
4650,cntStoreShelfDoubleBottomHardwareRandomLootHelper,"Store Shelf Double Bot, Hardware | Random Helper","Магазинная полка двойной нижний, инструменты | Случайный вариант"
4651,cntStoreShelfDoubleTopHardwareRandomLootHelper,"Store Shelf Double Top, Hardware | Random Helper","Магазинная полка двойной сверху, инструменты | Случайный вариант"
4652,cntStoreShelfSingleBottomHardwareRandomLootHelper,"Store Shelf Single Bot, Hardware | Random Helper","Магазинная полка одинарный нижний, инструменты | Случайный вариант"
4653,cntStoreShelfSingleTopHardwareRandomLootHelper,"Store Shelf Single Top, Hardware | Random Helper","Магазинная полка одинарный сверху, инструменты | Случайный вариант"
4654,cntStoreShelfElectronicsSingleTallRandomLootHelper,"Store Shelf Single, Electronics | Random Helper","Магазинная полка одинарный, электроника | Случайный вариант"
4655,cntStoreShelfElectronicsDoubleTallRandomLootHelper,"Store Shelf Double, Electronics | Random Helper","Магазинная полка двойной, электроника | Случайный вариант"
4656,cntStoreShelfSingleBottomPharmaRandomLootHelper,"Store Shelf Single Bot, Medical | Random Helper","Магазинная полка одинарный нижний, медицинский | Случайный вариант"
4657,cntStoreShelfDoubleBottomPharmaRandomLootHelper,"Store Shelf Double Bot, Medical | Random Helper","Магазинная полка двойной нижний, медицинский | Случайный вариант"
4658,cntStoveRandomLootHelper,Stove | Random Helper,Плита | Случайный вариант
4659,cntStreetRandomLootHelper,Street Loot | Random Helper,Уличная добыча | Случайный вариант
4660,cntTiltTruckRandomLootHelper,Tilt Truck | Random Helper,Самосвальная тележка | Случайный вариант
4661,cntToolBoxOffsetRandomLootHelper,Toolbox Offset | Random Helper,ящик инструментов смещённый | Случайный вариант
4662,cntToolBoxOffsetSecure,Secure Toolbox,Закрытый ящик с инструментами
4663,cntToolBoxRandomLootHelper,Toolbox | Random Helper,ящик инструментов | Случайный вариант
4664,cntToolBoxSecure,Secure Toolbox,Закрытый ящик с инструментами
4665,cntToolsAndForgeRandomLootHelper,Tools/Forge | Random Helper,инструменты/горн | Случайный вариант
4666,cntUtilityCartRandomLootHelper,Utility Cart | Random Helper,Хозяйственная тележка | Случайный вариант
4667,cntVendingMachine2RandomLootHelper,Vending Machine | Random Helper,Торговый автомат | Случайный вариант
4668,cntWallSafeRandomLootHelper,Wall Safe | Random Helper,Настенный сейф | Случайный вариант
4669,cntWallSafeNonPaintingRandomLootHelper,"Wall Safe, No Painting | Random Helper","Настенный сейф, нет Краска | Случайный вариант"
4670,cntWasherIndustrialRandomLootHelper,Industrial Washer | Random Helper,промышленный стиральная машина | Случайный вариант
4671,cntWasherIndustrialTippedRandomLootHelper,Industrial Washer Tipped | Random Helper,Опрокинутая промышленная стиральная машина | Случайный вариант
4672,cntWasherRandomLootHelper,Washing Machine | Random Helper,Стиральная машина | Случайный вариант
4673,cntWastelandRandomLootHelper,Wasteland Loot | Random Helper,пустошь добыча | Случайный вариант
4674,cntWaterCoolerBottle,Plastic Bottle,Пластиковая бутылка
4675,cntWaterCoolerBottleDesc,Containers for storing drinks.,Ёмкость для хранения напитков.
4676,cntWaterCoolerFull,Beverage Cooler,Холодильник для напитков
4677,cntWaterCoolerFullDesc,Containers for storing drinks.,Ёмкости для хранения напитков.
4678,cntWorkbenchBustedRandomLootHelper,Destroyed Workbench | Random Helper,Разрушенный верстак | Случайный вариант
4679,cntWorkstationsBustedRandomLootHelper,"Workstation, Busted | Random Helper",Сломанная рабочая станция | Случайный вариант
4680,cntWorkstationsRandomLootHelper,Workstation | Random Helper,Верстак | Случайный вариант
4681,cntWoodDesk01RandomLootHelper,Wood Desk | Random Helper,дерево Стол | Случайный вариант
4682,cntWoodDesk01Secure,Secure Wooden Desk,Закрытый деревянный стол
4683,cntYardRandomLootHelper,Yard Loot | Random Helper,Дворовая добыча | Случайный вариант
4684,corrugatedMetalShapes:VariantHelper,Corrugated Metal Shapes,Гофр-ные металлические формы
4685,couchUglySingleWhite,Vintage Armchair (White),Винтажное кресло (белое)
4686,couchUglySingleBrown,Vintage Armchair (Brown),Винтажное кресло (коричневое)
4687,couchUglySingleRed,Vintage Armchair (Red),Винтажное кресло (красное)
4688,couchUglySingleOrange,Vintage Armchair (Orange),Винтажное кресло (оранжевое)
4689,couchUglySingleYellow,Vintage Armchair (Yellow),Винтажное кресло (жёлтое)
4690,couchUglySingleGreen,Vintage Armchair (Green),Винтажное кресло (зелёное)
4691,couchUglySingleBlue,Vintage Armchair (Blue),Винтажное кресло (синее)
4692,couchUglySinglePurple,Vintage Armchair (Purple),Винтажное кресло (фиолетовое)
4693,couchUglySingleGrey,Vintage Armchair (Grey),Винтажное кресло (серое)
4694,couchUglySingleBlack,Vintage Armchair (Black),Винтажное кресло (чёрное)
4695,couchUglySinglePink,Vintage Armchair (Pink),Винтажное кресло (розовое)
4696,couchUglySingleBlockVariantHelper,Vintage Armchair,Винтажное кресло
4697,couchUglySmallWhite,Vintage Couch (White),винтажный диван (белый)
4698,couchUglySmallBrown,Vintage Couch (Brown),винтажный диван (коричневый)
4699,couchUglySmallRed,Vintage Couch (Red),винтажный диван (красный)
4700,couchUglySmallOrange,Vintage Couch (Orange),винтажный диван (оранжевый)
4701,couchUglySmallYellow,Vintage Couch (Yellow),винтажный диван (жёлтый)
4702,couchUglySmallGreen,Vintage Couch (Green),винтажный диван (зелёный)
4703,couchUglySmallBlue,Vintage Couch (Blue),винтажный диван (синий)
4704,couchUglySmallPurple,Vintage Couch (Purple),винтажный диван (фиолетовый)
4705,couchUglySmallGrey,Vintage Couch (Grey),винтажный диван (серый)
4706,couchUglySmallBlack,Vintage Couch (Black),винтажный диван (чёрный)
4707,couchUglySmallPink,Vintage Couch (Pink),винтажный диван (розовый)
4708,couchUglySmallBlockVariantHelper,Vintage Couch,винтажный диван
4709,couchUglyLargeWhite,Vintage Large Couch (White),винтажный большой диван (белый)
4710,couchUglyLargeBrown,Vintage Large Couch (Brown),винтажный большой диван (коричневый)
4711,couchUglyLargeRed,Vintage Large Couch (Red),винтажный большой диван (красный)
4712,couchUglyLargeOrange,Vintage Large Couch (Orange),винтажный большой диван (оранжевый)
4713,couchUglyLargeYellow,Vintage Large Couch (Yellow),винтажный большой диван (жёлтый)
4714,couchUglyLargeGreen,Vintage Large Couch (Green),винтажный большой диван (зелёный)
4715,couchUglyLargeBlue,Vintage Large Couch (Blue),винтажный большой диван (синий)
4716,couchUglyLargePurple,Vintage Large Couch (Purple),винтажный большой диван (фиолетовый)
4717,couchUglyLargeGrey,Vintage Large Couch (Grey),винтажный большой диван (серый)
4718,couchUglyLargeBlack,Vintage Large Couch (Black),винтажный большой диван (чёрный)
4719,couchUglyLargePink,Vintage Large Couch (Pink),винтажный большой диван (розовый)
4720,couchUglyLargeBlockVariantHelper,Vintage Large Couch,винтажный большой диван
4721,counterSinkCommercial,Commercial Sink,Промышленная раковина
4722,deskLampLight,Desk Lamp 01 (POI),Настольная лампа 01 (POI)
4723,electricfencepost,Electric Fence Post,Столб электрического забора
4724,electricfencepostDesc,"When two of them are wired together with an electric wire and there's enough supply of electrical power, then anyone touching the wire will get electric shock.","Если соединить две такие стойки электрическим проводом и подать достаточно энергии, любой коснувшийся провода получит удар током."
4725,electricwirerelay,Electric Wire Relay (With Base),Опора кабеля
4726,flashlight,Flashlight,Фонарик
4727,flashlightCornerDecorRandomHelper,Flashlight Corner (POI RH),Фонарик угловой (POI RH)
4728,flashlightDecorVariantHelper,Flashlight (POI),Фонарик (POI)
4729,flashlightDecorVariantHelper_Player,Flashlight,Фонарик
4730,flashlightDecorRandomHelper,Flashlight (POI RH),Фонарик (POI RH)
4731,flashlightDecorWhite_Player,White Flashlight,белый Фонарик
4732,flashlightDecorRed_Player,Red Flashlight,красный Фонарик
4733,flashlightDecorOrange_Player,Orange Flashlight,оранжевый Фонарик
4734,flashlightDecorYellow_Player,Yellow Flashlight,жёлтый Фонарик
4735,flashlightDecorGreen_Player,Green Flashlight,зелёный Фонарик
4736,flashlightDecorBlue_Player,Blue Flashlight,синий Фонарик
4737,flashlightSideCenteredDecorWhite_Player,"White Flashlight, Side Centered","белый Фонарик, боковой по центру"
4738,flashlightSideCenteredDecorRed_Player,"Red Flashlight, Side Centered","красный Фонарик, боковой по центру"
4739,flashlightSideCenteredDecorOrange_Player,"Orange Flashlight, Side Centered","оранжевый Фонарик, боковой по центру"
4740,flashlightSideCenteredDecorYellow_Player,"Yellow Flashlight, Side Centered","жёлтый Фонарик, боковой по центру"
4741,flashlightSideCenteredDecorGreen_Player,"Green Flashlight, Side Centered","зелёный Фонарик, боковой по центру"
4742,flashlightSideCenteredDecorBlue_Player,"Blue Flashlight, Side Centered","синий Фонарик, боковой по центру"
4743,flashlightSideCenteredDecorRandomHelper,Flashlight Side Centered | Random Helper,Фонарик боковой по центру | Случайный вариант
4744,flashlightCornerDecorWhite_Player,"White Flashlight, Corner","белый Фонарик, угловой"
4745,flashlightCornerDecorRed_Player,"Red Flashlight, Corner","красный Фонарик, угловой"
4746,flashlightCornerDecorOrange_Player,"Orange Flashlight, Corner","оранжевый Фонарик, угловой"
4747,flashlightCornerDecorYellow_Player,"Yellow Flashlight, Corner","жёлтый Фонарик, угловой"
4748,flashlightCornerDecorGreen_Player,"Green Flashlight, Corner","зелёный Фонарик, угловой"
4749,flashlightCornerDecorBlue_Player,"Blue Flashlight, Corner","синий Фонарик, угловой"
4750,forge,Furnace,Кузнечный горн
4751,frameShapes:VariantHelper,Wood Frame Shapes,Деревянные формы
4752,generatorbank,Generator,Генератор
4753,kiln,Kiln,Обжиговая печь
4754,lantern,Lantern,Фонарь
4755,lanternDecorLightRandomHelper,Lantern | Random Helper,Фонарь | Случайный вариант
4756,lanternLight_playerDesc,This battery powered lantern will provide light without any flickering.,Этот фонарь на батарейках обеспечит свет без какого-либо мерцания.
4757,lightPlayerGroupDesc,Use the wiring tool to connect a power source to this light and you should be able to turn it on when enough power is provided.,Подключите этот светильник к источнику питания с помощью инструмента для проводки — при достаточной мощности его можно будет включить.
4758,lootHelperDesc,Will randomly spawn either an [decea3]empty/open[-] or a [decea3]lootable[-] container as defined in blockplaceholders.xml,Случайным образом создаёт [decea3]пустой/открытый[-] либо [decea3]доступный для обыска[-] контейнер согласно настройкам в blockplaceholders.xml
4759,materialmatBrick,Brick,Кирпич
4760,materialmatClothStable,Awning,Навес
4761,materialmatCobblestone,Cobblestone,Булыжник
4762,materialmatStoneShapes,Stone,Камень
4763,materialmatConcrete,Concrete,Бетон
4764,materialmatIron,Corrugated Metal,Гоф-ный металл
4765,materialmatIronMedium,Corrugated Metal,Гоф-ный металл
4766,materialmatIronShapes,Iron,Железо
4767,materialmatReinforcedConcrete,Reinforced Concrete,Железобетон
4768,materialmatScrapIronShapes,Scrap Iron,Металлолом
4769,materialmatSteel,Steel,Сталь
4770,materialmatTitanium,Titanium,Титан
4771,materialmatWood,Wood,Дерево
4772,materialmatWoodFrames,Wood Frames,Деревянные формы
4773,modularRopeTiled,Rope Tiled,Канат
4774,modularRopeTiledDesc,[decea3]Can be used to climb up and down.[-] Not very durable compared to ladders.,[decea3]Можно использовать для подъема и спуска.[-] Не очень долговечны по сравнению с лестницами.
4775,oreTitaniumBoulder,Titanium Boulder,Титановый валун
4776,palletBrownBoxesBase,Stacked Boxes,Сложенные коробки
4777,palletBrownBoxesTile,Stacked Boxes,Поддон со сложенными коробками
4778,palletBrownBoxesTop,Boxes,Коробки
4779,palletBrownBoxesLoose,Stacked Boxes,Сложенные коробки
4780,plantedAloe1,Aloe Vera Seed,Семена алоэ
4781,plantedAloe2,Aloe Vera Sapling,Саженец алое
4782,plantedBlueberry1,Blueberry Seed,Семена черники
4783,plantedBlueberry2,Blueberry Sapling,Саженец черники
4784,plantedChrysanthemum1,Chrysanthemum Seed,Семена хризантемы
4785,plantedChrysanthemum2,Chrysanthemum Sapling,Саженец хризантемы
4786,plantedCoffee1,Coffee Seed,Семена кофе
4787,plantedCoffee2,Coffee Sapling,Саженец кофе
4788,plantedCorn1,Corn Seed,Семена кукурузы
4789,plantedCorn2,Corn Sapling,Саженец кукурузы
4790,plantedCotton1,Cotton Seed,Семена хлопка
4791,plantedCotton2,Cotton Sapling,Саженец хлопка
4792,plantedCropsGroupDesc,Plant these seeds on a craftable Farm Plot block to grow plants for you to harvest.,растение эти Семена на craftable ферма участок Блок к расти растения для вы к собирать.
4793,plantedGoldenrod1,Goldenrod Seed,Семена золотарника
4794,plantedGoldenrod2,Goldenrod Sapling,Саженец золотарника
4795,plantedGraceCorn1,Super Corn Seed,Семена суперкукурузы
4796,plantedGraceCorn2,Super Corn Sapling,Саженец суперкукурузы
4797,plantedHop1,Hops Seed,Семена хмеля
4798,plantedHop2,Hops Sapling,Саженец хмеля
4799,plantedMushroom1,Mushroom Seed,Семена грибов
4800,plantedMushroom1Desc,"Plant these mushroom spores on a Farm Plot to make them grow for you to harvest. Unlike most crops, Mushrooms don't require sunlight to grow.","Посадите эти споры грибов на фермерской делянке. В отличие от большинства культур, грибы не требуют солнечного света для роста."
4801,plantedMushroom2,Mushroom Sapling,Саженец грибов
4802,plantedPotato1,Potato Seed,Семена картофеля
4803,plantedPotato2,Potato Sapling,Саженец картофеля
4804,plantedPumpkin1,Pumpkin Seed,Семена тыквы
4805,plantedPumpkin2,Pumpkin Sapling,Саженец тыквы
4806,plantedtreeGrassSeed1,Grass Seed,Семена травы
4807,plantedtreeGrassSeed2,Grass Sapling,Саженец травы
4808,plantedYucca1,Yucca Fruit Seed,Семена юкки
4809,plantedYucca2,Yucca Fruit Sapling,Саженец юкки
4810,sectionalLeatherChair,Sectional Leather Chair,Секционное кожаное кресло
4811,sectionalPlaidChair,Old Armchair,Старинное кресло
4812,shippingContainerDoorsClosedWhite,Shipping Container Doors Closed White,грузовой контейнер Двери закрытый белый
4813,shippingContainerDoorFrameWhite,Shipping Container Door Frame White,грузовой контейнер дверь рама белый
4814,shippingContainerDoorCrackedOpenWhite,Shipping Container Door Cracked Open White,Белая приоткрытая дверь грузового контейнера
4815,shippingContainerDoorLeftOpenWhite,Shipping Container Door Left Open White,грузовой контейнер дверь левый открытый белый
4816,shippingContainerDoorLeftRotatedWhite,Shipping Container Door Left Rotated White,грузовой контейнер дверь левый повёрнутый белый
4817,shippingContainerDoorRightOpenWhite,Shipping Container Door Right Open White,грузовой контейнер дверь правый открытый белый
4818,shippingContainerDoorRightRotatedWhite,Shipping Container Door Right Rotated White,Правая повёрнутая белая дверь грузового контейнера
4819,shippingContainerSideWhite,Shipping Container Side White,грузовой контейнер боковой белый
4820,shippingContainerSideTextWhite,Shipping Container Side Text White,грузовой контейнер боковой текст белый
4821,shippingContainerSideHoleWhite,Shipping Container Side Hole White,грузовой контейнер боковой отверстие белый
4822,shippingContainerCapWhite,Shipping Container Cap White,грузовой контейнер кепка белый
4823,shotgunTurret,Shotgun Auto Turret,Автоматическая дробовая турель
4824,shotgunTurretDesc,Motion sensing Shotgun automatic defense turret. Requires power and ammunition to function.,движение обнаружение дробовик автоматический защита турель. требуется питание и боеприпасы к функция.
4825,solarbank,Solar Array,Солнечная батарея
4826,tableLamp,Table Lamp,Настольная лампа
4827,tableSaw,Broken Table Saw,сломанный стол пила
4828,tankPropaneWhite,White Gas Tank,белый газ бак
4829,tankPropaneWhiteDesc,Used to store gases,используется к магазин газы
4830,tankPropaneBrown,Brown Gas Tank,коричневый газ бак
4831,tankPropaneBrownDesc,Used to store gases,используется к магазин газы
4832,tankPropaneRed,Red Gas Tank,красный газ бак
4833,tankPropaneRedDesc,Used to store gases,используется к магазин газы
4834,tankPropaneOrange,Orange Gas Tank,оранжевый газ бак
4835,tankPropaneOrangeDesc,Used to store gases,используется к магазин газы
4836,tankPropaneYellow,Yellow Gas Tank,жёлтый газ бак
4837,tankPropaneYellowDesc,Used to store gases,используется к магазин газы
4838,tankPropaneGreen,Green Gas Tank,зелёный газ бак
4839,tankPropaneGreenDesc,Used to store gases,используется к магазин газы
4840,tankPropaneBlue,Blue Gas Tank,синий газ бак
4841,tankPropaneBlueDesc,Used to store gases,используется к магазин газы
4842,tankPropaneGrey,Grey Gas Tank,серый газ бак
4843,tankPropaneGreyDesc,Used to store gases,используется к магазин газы
4844,tankPropanePink,Pink Gas Tank,розовый газ бак
4845,tankPropanePinkDesc,Used to store gases,используется к магазин газы
4846,terrStoneHelper,[Stone Terrain Helper],[Помощник каменной местности]
4847,terrOreTitanium,Titanium Ore,Титановая руда
4848,terrOreStoneTitaniumRandom,[Titanium Vein Helper],[Случайная титановая жила]
4849,terrOreStoneTitaniumRandomDesc,Titanium / Stone / Sandstone,Титан / Камень / Песчаник
4850,tire,Wheel Tire,Автомобильная шина
4851,tireDesc,"A rubber tire, that can be used to decorate your garage.","Резиновая шина, которую можно использовать для украшения вашего гаража."
4852,titaniumShapes:VariantHelper,Titanium Shapes,Титановые формы
4853,trapSpikesIronDmg0,Iron Spikes,железо шипы
4854,trapSpikesIronDmg0Desc,An improved variant over the Wood Spikes with much more durability and damage compared to Wood Spikes.,Улучшенный вариант деревянных шипов: значительно прочнее и наносит больше урона.
4855,trapSpikesWoodDmg0,Wood Spikes,дерево шипы
4856,trapSpikesWoodDmg0Desc,One of the most fundamental basic defensive structures. Test of time has proven their usefulness.,Одна из самых простых базовых защитных конструкций. Время доказало её полезность.
4857,ConcreteShapes:VariantHelper,Concrete Block,Бетонный блок
4858,rConcreteShapes:VariantHelper,Reinforced Concrete Block,Железобетонный блок
4859,tnt,Dynamite Pack,Упаковка динамита
4860,tntDesc,Dynamite pack can be made from attaching together multiple Dynamite sticks.,Пакет с динамитом может быть сделан путем соединения нескольких динамитных шашек.
4861,wallClockRandomLootHelper,Wall Clock | Random Helper,настенный часы | Случайный вариант
4862,wallHungSink,Wall Sink,Настенная мойка
4863,waterHeater,Water Heater,Водонагреватель
4864,wineBarrel,Barrel,Бочка
4865,wineBarrelDesc,Used to store beverages,Используется для хранения напитков
4866,wineBarrelPlayer,Barrel,Бочка
4867,wineBarrelPlayerDesc,Used to store beverages,Используется для хранения напитков
4868,wineBarrelPlayerSecure,Barrel,Бочка
4869,wineBarrelPlayerSecureDesc,Used to store beverages,Используется для хранения напитков
4870,wineBarrelPlain,"Barrel, Plain","Бочка, простая"
4871,wineBarrelPlainDesc,Used to store beverages,Используется для хранения напитков
4872,wineBarrelPlainPlayer,"Barrel, Plain","Бочка, простая"
4873,wineBarrelPlainPlayerDesc,Used to store beverages,Используется для хранения напитков
4874,wineBarrelPlainPlayerSecure,"Barrel, Plain","Бочка, простая"
4875,wineBarrelPlainPlayerSecureDesc,Used to store beverages,Используется для хранения напитков
4876,wineBarrelSet,Barrels,Бочки
4877,wineBarrelSetDesc,Used to store beverages,Используется для хранения напитков
4878,wineBarrelSetPlayer,Barrels,Бочки
4879,wineBarrelSetPlayerDesc,Used to store beverages,Используется для хранения напитков
4880,wineBarrelSetPlayerSecure,Barrels,Бочки
4881,wineBarrelSetPlayerSecureDesc,Used to store beverages,Используется для хранения напитков
4882,workbench,Workbench,Верстак
4883,workbenchDesc,A workbench lets you craft more advanced items and blocks than with just your bare hands in your backpack.,"Верстак позволяет создавать более сложные предметы и блоки, чем голыми руками в рюкзаке."
4884,ulmAirConditionerPowered,Air Conditioner,Кондиционер
4885,ulmAirConditionerPoweredDesc,Provides Heat Resistance within its area of effect while powered and enabled.,"Повышает сопротивление жаре в зоне действия, пока устройство включено и получает питание."
4886,ulmAirDuctPipeVariantHelper,Air Duct Pipe,Труба воздуховода
4887,ulmAirDuctsCorrugatedMetal,Air Ducts,Воздуховоды
4888,ulmAirHeaterPowered,Electric Heater,Электрический обогреватель
4889,ulmAirHeaterPoweredDesc,Provides Cold Resistance within its area of effect while powered and enabled.,"Повышает сопротивление холоду в зоне действия, пока устройство включено и получает питание."
4890,ulmAirPurifierPowered,Air Purifier,Очиститель воздуха
4891,ulmAirPurifierPoweredDesc,Filters and provides clean air within its area of effect while powered and enabled.,"Фильтрует воздух и поддерживает его чистым в зоне действия, пока устройство включено и получает питание."
4892,ulmArmoireDoorVariantHelper,Armoire Door,Дверь гардероба
4893,ulmArmoireSectionVariantHelper,Armoire Section,Секция гардероба
4894,ulmArrowHelperPOIVariantHelper,Arrow Helper,Маркер стрелы
4895,ulmAwningsVariantHelper,Awnings,Навесы
4896,ulmAwningsVariantHelperDesc,n/a,н/д
4897,ulmBanditPlatformVariantHelper,Bandit Platforms,Бандитские платформы
4898,ulmBanditWallVariantHelper,Bandit Wall Sections,Секции бандитской стены
4899,ulmBarrierPlasticVariantHelper,Plastic Barrier,Пластиковое ограждение
4900,ulmBathroomStallVariantHelper,Bathroom Stall Section,Секция туалетной кабинки
4901,ulmBatteryCharger,Battery Charger,Зарядное устройство для аккумулятора
4902,ulmBatteryChargerDesc,Small and very portable Battery Charger designed to charge some automotive batteries.,Небольшое переносное зарядное устройство для некоторых автомобильных аккумуляторов.
4903,ulmBatteryChargerOffset,Battery Charger (Offset),Зарядное устройство для аккумулятора (смещение)
4904,ulmBatteryChargerCorner,Battery Charger (Corner),Зарядное устройство для аккумулятора (угловое)
4905,ulmBatteryChargerVariantHelper,Battery Charger (POI),Зарядное устройство для аккумулятора (POI)
4906,ulmBedNoFrameVariantHelper,Bed (No Frame),Кровать (без каркаса)
4907,ulmBedrollPOIVariantHelper,Bedroll (POI),Спальный мешок (POI)
4908,ulmBladeTrap2,Improved Blade Trap,Улучшенная лезвийная ловушка
4909,ulmBladeTrap2Desc,"Functionally similar than the base model, but with much higher durability and increased damage output. Consumes more power","По принципу работы похожа на базовую модель, но значительно прочнее и наносит больше урона. Потребляет больше энергии."
4910,ulmBladeTrap3,Advanced Blade Trap,Продвинутая лезвийная ловушка
4911,ulmBladeTrap3Desc,More durable with increased damage output than the previous model. Consumes more power.,Прочнее предыдущей модели и наносит больше урона. Потребляет больше энергии.
4912,ulmBleachersBenchVariantHelper,Bleachers Bench,Скамья трибуны
4913,ulmBlindsMetalVariantHelper,Blinds (Metal),Металлические жалюзи
4914,ulmBlindsVariantHelper,Blinds,Жалюзи
4915,ulmBreakerDistributionBoxVariantHelper,"Electric/Gas Meter, Breaker/Distribution Box","Счётчик электричества/газа, автомат/распределительный щит"
4916,ulmBunkBedVariantHelper,Bunk Bed,Двухъярусная кровать
4917,ulmBurntWoodBlockVariantHelper,Burnt Wood Block,Блок обгоревшей древесины
4918,ulmCarBattery,Lead Battery,Свинцовый аккумулятор
4919,ulmCarBatteryDesc,Standard size Lead-Acid battery for vehicles.,Стандартный свинцово-кислотный автомобильный аккумулятор.
4920,ulmCarBatteryOffset,Lead Battery (Offset),Свинцовый аккумулятор (смещение)
4921,ulmCarBatteryCorner,Lead Battery (Corner),Свинцовый аккумулятор (угловой)
4922,ulmCarBatteryVariantHelper,Lead Battery (POI),Свинцовый аккумулятор (POI)
4923,ulmCashRegisterConveyorVariantHelper,Cash Register Conveyor,Кассовый конвейер
4924,ulmCinderBlocksVariantHelper,Cinder Blocks,Шлакоблоки
4925,ulmChimneyCapVariantHelper,Chimney Cap,Колпак дымохода
4926,ulmChurchBellVariantHelper,Church Bell,Церковный колокол
4927,ulmChurchPewVariantHelper,Church Pew,Церковная скамья
4928,ulmCollectorApiary_1,Apiary,Пасека
4929,ulmCollectorApiary_1Desc,Provides steady supply of honey when properly maintained,Обеспечивает стабильное снабжение медом при правильном уходе
4930,ulmCollectorChickenCoop_1,Chicken Coop,Курятник
4931,ulmCollectorChickenCoop_1Desc,Provides steady supply of eggs when properly maintained.,При должном уходе обеспечивает постоянный запас яиц.
4932,ulmCollectorHydroponicPlanter,Hydroponic Planter,Гидропонная грядка
4933,ulmCollectorHydroponicPlanterDesc,Slowly grows [decea3]Plant Fiber[-].,Медленно выращивает [decea3]растительные волокна[-].
4934,ulmCollectorOilPowered,Oil Extractor,Нефтяная вышка
4935,ulmCollectorOilPoweredDesc,Slowly extracts [decea3]Oil Shale[-] from deep within the soil. Has a chance to extract [decea3]Sand[-],Медленно добывает [decea3]горючий сланец[-] из глубоких слоёв почвы. Есть шанс добыть [decea3]песок[-].
4936,ulmCollectorOrePowered,Ore Extractor,Автобур
4937,ulmCollectorOrePoweredDesc,Slowly extracts random ore from deep within the soil. Has a small chance to extract [decea3]Titanium Ore[-],Медленно извлекает руду из глубины почвы. Имеет небольшой шанс выкопать [decea3]титановую руду[-]
4938,ulmCollectorWaterCondenserPowered,Water Condenser,Конденсатор воды
4939,ulmCollectorWaterCondenserPoweredDesc,"With an active Condenser Membrane being used, the Water Condenser will collect dirty water from atmosphere as long as it has enough power.","При установленной рабочей конденсационной мембране конденсатор воды собирает грязную воду из атмосферы, пока получает достаточно энергии."
4940,ulmCollectorWaterPump,Water pump,Помпа
4941,ulmCollectorWaterPumpDesc,"Slowly refills with murky water from deep within the soil, less contaminated by radiation.","Медленно наполняется мутной водой из глубин почвы, где она меньше загрязнена радиацией."
4942,ulmCollectorWaterWell,Primitive Water Well,Колодец
4943,ulmCollectorWaterWellDesc,"Slowly refills with murky water from deep within the soil, less contaminated by radiation.","Медленно наполняется мутной водой из глубин почвы, где она меньше загрязнена радиацией."
4944,ulmConduitVariantHelper,Power Conduit,Электрический кабель-канал
4945,ulmContainerArmoireDrawerVariantHelper,Armoire Drawer,Ящик гардероба
4946,ulmContainerATM1Secure,ATM,Банкомат
4947,ulmContainerATM1Insecure,ATM,Банкомат
4948,ulmContainerATM2Secure,ATM,Банкомат
4949,ulmContainerATM2Insecure,ATM,Банкомат
4950,ulmContainerATMStandingRandomHelper,Standing ATM | Random Helper,Напольный банкомат | Случайный вариант
4951,ulmContainerATM3Secure,Cash Terminal,Кассовый аппарат
4952,ulmContainerATM3Insecure,Cash Terminal,Кассовый аппарат
4953,ulmContainerATM4Secure,Cash Terminal,Кассовый аппарат
4954,ulmContainerATM4Insecure,Cash Terminal,Кассовый аппарат
4955,ulmContainerATMTerminalRandomHelper,Cash Terminal | Random Helper,Кассовый терминал | Случайный вариант
4956,ulmContainerATM5Secure,ATM,Банкомат
4957,ulmContainerATM5Insecure,ATM,Банкомат
4958,ulmContainerATM6Secure,ATM,Банкомат
4959,ulmContainerATM6Insecure,ATM,Банкомат
4960,ulmContainerATMOnWallRandomHelper,ATM | Random Helper,Банкомат | Случайный вариант
4961,ulmContainerATM7Secure,Wall ATM,Банкомат
4962,ulmContainerATM7Insecure,Wall ATM,Банкомат
4963,ulmContainerATM8Secure,Wall ATM,Банкомат
4964,ulmContainerATM8Insecure,Wall ATM,Банкомат
4965,ulmContainerATM9Secure,Wall ATM,Настенный банкомат
4966,ulmContainerATM9Insecure,Wall ATM,Настенный банкомат
4967,ulmContainerATMInWallRandomHelper,Wall ATM | Random Helper,Настенный банкомат | Случайный вариант
4968,ulmContainerATMSciFiBlueSecure,ATM,Банкомат
4969,ulmContainerATMSciFiBlueInsecure,ATM,Банкомат
4970,ulmContainerATMPOIVariantHelper,ATM (POI),Банкомат (POI)
4971,ulmContainerBagStarter,Bug-out Bag,Сумка на случай эвакуации
4972,ulmContainerBagStarterDesc,Portable kit that contains items one would require to survive for 48 hours in case of emergency. Place it on the ground and interact with it to reveal its contents.,"Портативный набор, содержащий вещи, необходимые для выживания в течение 48 часов в случае чрезвычайной ситуации. Положите его на землю и откройте."
4973,ulmContainerBagStarterLoot,Bug-out Bag,Сумка на случай эвакуации
4974,ulmContainerBagStarterLootDesc,Portable kit that contains items one would require to survive for 48 hours in case of emergency.,"Портативный набор, содержащий вещи, необходимые для выживания в течение 48 часов в случае чрезвычайной ситуации. Положите его на землю и откройте."
4975,ulmContainerBarrelMetalVariantHelper,Metal Barrels,Металлические бочки
4976,ulmContainerBarrelPlasticVariantHelper,Plastic Barrels,Пластиковые бочки
4977,ulmContainerBinTrashPlasticVariantHelper,Plastic Trash Bin,Пластиковый мусорный бак
4978,ulmContainerBinTrashRollingVariantHelper,Rolling Trash Bin,Передвижной мусорный бак
4979,ulmContainerBookcaseVariantHelper,Bookcase,Книжный шкаф
4980,ulmContainerBookPileVariantHelper,Book Pile,Стопка книг
4981,ulmContainerBookShelfVariantHelper,Book Shelf,Книжная полка
4982,ulmContainerCabinetCupboardVariantHelper,Cabinets and Cupboards,Шкафы и буфеты
4983,ulmContainerCampingTentVariantHelper,Camping Tent,Походная палатка
4984,ulmContainerCashRegisterVariantHelper,Cash Register,Кассовый аппарат
4985,ulmContainerCasketModernVariantHelper,Modern Casket,Современный гроб
4986,ulmContainerClothesRackVariantHelper,Clothes Rack,Стойка для одежды
4987,ulmContainerClothesRackWallVariantHelper,Wall Clothes Rack,Настенная стойка для одежды
4988,ulmContainerClothesShelfVariantHelper,Clothing Shelf,Полка для одежды
4989,ulmContainerCoffinModernVariantHelper,Wild West Coffin,Гроб Дикого Запада
4990,ulmContainerDishwasherVariantHelper,Dishwasher,Посудомоечная машина
4991,ulmContainerDisplayCaseVariantHelper,Display Case,Витрина
4992,ulmContainerDomedTrashCanVariantHelper,Domed Trash Can,Купольная урна
4993,ulmContainerFootlockerVariantHelper,Footlocker,Армейский ящик
4994,ulmContainerFridgeVariantHelper,Refrigerator,Холодильник
4995,ulmContainerGunRackVariantHelper,Gun Rack,Оружейная стойка
4996,ulmContainerGunSafePOIVariantHelper,Gun Safe (POI),Оружейный сейф (POI)
4997,ulmContainerGunSafeInsecureVariantHelper,Gun Safe Insecure,Незапертый оружейный сейф
4998,ulmContainerLaundryBasketVariantHelper,Laundry Basket,Корзина для белья
4999,ulmContainerLockersVariantHelper,Lockers,Шкафчики
5000,ulmContainerLootCrateHeroVariantHelper,Loot Crate,Ящик с добычей
5001,ulmContainerLuggageVariantHelper,Luggage,Багаж
5002,ulmContainerMailBoxApartmentLVariantHelper,Apartment Mailbox Large,Большой квартирный почтовый ящик
5003,ulmContainerMailBoxApartmentSVariantHelper,Apartment Mailbox Small,Малый квартирный почтовый ящик
5004,ulmContainerMailBoxApartmentPOIVariantHelper,Apartment Mailbox (POI),Квартирный почтовый ящик (POI)
5005,ulmContainerMailBoxPOIVariantHelper,Mailbox (POI),Почтовый ящик (POI)
5006,ulmContainerMicrowaveOvenVariantHelper,Microwave Oven,Микроволновая печь
5007,ulmContainerMiniBeverageCoolerVariantHelper,Mini Beverage Cooler,Мини-холодильник для напитков
5008,ulmContainerModularClosetVariantHelper,Modular Closet,Модульный шкаф
5009,ulmContainerMunitionsBoxVariantHelper,Munitions Box,Коробка со снаряжением
5010,ulmContainerNightstandVariantHelper,Nightstand,Комод
5011,ulmContainerRollingToolBoxVariantHelper,Rolling Toolbox,Передвижной ящик для инструментов
5012,ulmContainerSafeWallEmpty,Wall Safe,Настенный сейф
5013,ulmContainerSealedShippingLootCrate,Sealed Shipping Loot Crate (POI),Запечатанный грузовой ящик с добычей (POI)
5014,ulmContainerShelfSupplyOfficeVariantHelper,Office Shelf,Офисная полка
5015,ulmContainerShelvesMetalVariantHelper,Metal Shelves,Металлические полки
5016,ulmContainerShelvesMilitaryVariantHelper,Military Shelves,Военные полки
5017,ulmContainerShelvesWood01VariantHelper,Wood Shelves 01,Деревянные полки 01
5018,ulmContainerShelvesWood02VariantHelper,Wood Shelves 02,Деревянные полки 02
5019,ulmContainerShoppingBasketVariantHelper,Shopping Basket,Корзина для покупок
5020,ulmContainerShoppingCartVariantHelper,Shopping Cart,Тележка для покупок
5021,ulmContainerStashElliannia,Elliannia's Stash,Тайник Эллианнии
5022,ulmContainerStashEllianniaDesc,A small metal box. Underneath the box there are some inscribed letters: Elliannia's Stash.,Небольшой металлический ящик. Под коробкой лежит записка: Тайник Эллианнии.
5023,ulmContainerStashEllianniaInsecure,Elliannia's Stash,Тайник Эллианнии
5024,ulmContainerSteelSafe1Closed,Small Safe,Маленький сейф
5025,ulmContainerSteelSafe1ClosedDesc,"Small Steel safe, useful for storing valuables.","Небольшой стальной сейф, удобный для хранения ценных вещей."
5026,ulmContainerSteelSafe1Open,"Small Safe, Open","Маленький сейф, открыт"
5027,ulmContainerSteelSafe1OpenDesc,Placeable block with mostly decorative value.,"Размещаемый блок, имеющий в основном декоративную ценность."
5028,ulmContainerSteelSafe1Secure,Secure Small Safe,Маленький сейф
5029,ulmContainerSteelSafe1SecureDesc,"[decea3]Can be locked.[-]\nSmall Steel safe, useful for storing valuables.","[decea3]Может быть закрыт.[-]\nНебольшой стальной сейф, удобный для хранения ценных вещей."
5030,ulmContainerSteelSafe1CTRClosed,"Small Safe, Centered","Маленький сейф, центрированный"
5031,ulmContainerSteelSafe1CTRClosedDesc,"Small Steel safe, useful for storing valuables.","Небольшой стальной сейф, удобный для хранения ценных вещей."
5032,ulmContainerSteelSafe1CTROpen,"Small Safe, Centered Open","Маленький сейф, центрированный открыт"
5033,ulmContainerSteelSafe1CTROpenDesc,Placeable block with mostly decorative value.,"Размещаемый блок, имеющий в основном декоративную ценность."
5034,ulmContainerSteelSafe1CTRSecure,"Secure Small Safe, Centered","Маленький сейф, центрированный"
5035,ulmContainerSteelSafe1CTRSecureDesc,"[decea3]Can be locked.[-]\nSmall Steel safe, useful for storing valuables.","[decea3]Может быть закрыт.[-]\nНебольшой стальной сейф, удобный для хранения ценных вещей."
5036,ulmContainerSteelSafe1WallClosed,Small Wall Safe,Маленький настенный сейф
5037,ulmContainerSteelSafe1WallClosedDesc,"Small Steel safe, useful for storing valuables.","Небольшой стальной сейф, удобный для хранения ценных вещей."
5038,ulmContainerSteelSafe1WallOpen,"Small Wall Safe, Open","Маленький настенный сейф, открыт"
5039,ulmContainerSteelSafe1WallOpenDesc,Placeable block with mostly decorative value.,"Размещаемый блок, имеющий в основном декоративную ценность."
5040,ulmContainerSteelSafe1WallSecure,Secure Small Wall Safe,Маленький настенный сейф
5041,ulmContainerSteelSafe1WallSecureDesc,"[decea3]Can be locked.[-]\nSmall Steel safe, useful for storing valuables.","[decea3]Может быть закрыт.[-]\nНебольшой стальной сейф, удобный для хранения ценных вещей."
5042,ulmContainerSteelSafeVariantHelper,Small Steel Safe,Маленький стальной сейф
5043,ulmContainerSteelSafeVariantHelperDesc,"[decea3]Has multiple shapes[-]\nSmall Steel safe, useful for storing valuables.","[decea3]Содержит несколько моделей[-]\nНебольшой стальной сейф, удобный для хранения ценных вещей."
5044,ulmContainerSteelSafe2Closed,Steel Safe,Стальной сейф
5045,ulmContainerSteelSafe2ClosedDesc,"Steel safe, useful for storing valuables.","Стальной сейф, удобный для хранения ценных вещей."
5046,ulmContainerSteelSafe2Open,"Steel Safe, Open","Стальной сейф, открыт"
5047,ulmContainerSteelSafe2OpenDesc,Placeable block with mostly decorative value.,"Размещаемый блок, имеющий в основном декоративную ценность."
5048,ulmContainerSteelSafe2Secure,Secure Steel Safe,Стальной сейф
5049,ulmContainerSteelSafe2SecureDesc,"[decea3]Can be locked.[-]\nSteel safe, useful for storing valuables.","[decea3]Может быть закрыт.[-]\nСтальной сейф, удобный для хранения ценных вещей."
5050,ulmContainerSteelSafe3Closed,Large Steel Safe,Большой стальной сейф
5051,ulmContainerSteelSafe3ClosedDesc,"Large Steel safe, useful for storing valuables.","Большой стальной сейф, удобный для хранения ценных вещей."
5052,ulmContainerSteelSafe3Open,"Large Steel Safe, Open","Большой стальной сейф, открыт"
5053,ulmContainerSteelSafe3OpenDesc,Placeable block with mostly decorative value.,"Размещаемый блок, имеющий в основном декоративную ценность."
5054,ulmContainerSteelSafe3Secure,Large Secure Steel Safe,Большой стальной сейф
5055,ulmContainerSteelSafe3SecureDesc,"[decea3]Can be locked.[-]\nLarge Steel safe, useful for storing valuables.","[decea3]Может быть закрыт.[-]\nБольшой стальной сейф, удобный для хранения ценных вещей."
5056,ulmContainerSteelSafe4Closed,Reinforced Steel Safe,Усиленный стальной сейф
5057,ulmContainerSteelSafe4ClosedDesc,"Reinforced Steel safe, useful for storing valuables.","Усиленный стальной сейф, удобный для хранения ценных вещей."
5058,ulmContainerSteelSafe4Open,"Reinforced Steel Safe, Open","Усиленный стальной сейф, открыт"
5059,ulmContainerSteelSafe4OpenDesc,Placeable block with mostly decorative value.,"Размещаемый блок, имеющий в основном декоративную ценность."
5060,ulmContainerSteelSafe4Secure,Reinforced Secure Steel Safe,Усиленный Стальной сейф
5061,ulmContainerSteelSafe4SecureDesc,"[decea3]Can be locked.[-]\nReinforced Steel safe, useful for storing valuables.","[decea3]Может быть закрыт.[-]\nУсиленный стальной сейф, удобный для хранения ценных вещей."
5062,ulmContainerSteelSafe5Closed,Steel Locker,Стальной шкафчик
5063,ulmContainerSteelSafe5ClosedDesc,"Steel Locker, useful for storing valuables.","Стальной шкафчик, удобный для хранения ценных вещей."
5064,ulmContainerSteelSafe5Open,"Steel Locker, Open","Стальной шкафчик, открыт"
5065,ulmContainerSteelSafe5OpenDesc,Placeable block with mostly decorative value.,"Размещаемый блок, имеющий в основном декоративную ценность."
5066,ulmContainerSteelSafe5Secure,Secure Steel Locker,Стальной шкафчик
5067,ulmContainerSteelSafe5SecureDesc,"[decea3]Can be locked.[-]\nSteel Locker, useful for storing valuables.","[decea3]Может быть закрыт.[-]\nСтальной шкафчик, удобный для хранения ценных вещей."
5068,ulmContainerSteelSafe6Closed,Steel Lockers,Стальной шкафчик
5069,ulmContainerSteelSafe6ClosedDesc,"Steel Lockers, useful for storing valuables.","Стальной шкафчик, удобный для хранения ценных вещей."
5070,ulmContainerSteelSafe6Open,"Steel Lockers, Open","Стальной шкафчик, открыт"
5071,ulmContainerSteelSafe6OpenDesc,Placeable block with mostly decorative value.,"Размещаемый блок, имеющий в основном декоративную ценность."
5072,ulmContainerSteelSafe6Secure,Secure Steel Lockers,Стальной шкафчик с замком
5073,ulmContainerSteelSafe6SecureDesc,"[decea3]Can be locked.[-]\nSteel Lockers, useful for storing valuables.","[decea3]Может быть закрыт.[-]\nСтальной шкафчик, удобный для хранения ценных вещей."
5074,ulmContainerStoreFreezerVariantHelper,Store Vertical Freezer,Вертикальный магазинный морозильник
5075,ulmContainerStoveVariantHelper,Broken Stove,Сломанная плита
5076,ulmContainerShoesPileVariantHelper,Shoes Pile,Куча обуви
5077,ulmContainerShoesShelfVariantHelper,Store Shoes Shelf,Магазинная полка для обуви
5078,ulmContainerSmallSafePOIVariantHelper,Small Safe (POI),Малый сейф (POI)
5079,ulmContainerSmallSafeVariantHelper,Small Safe,Малый сейф
5080,ulmContainerSmallSafeVariantHelperDesc,"Tiny, but secure storage for storing your valuables.\n[808080]Contains multiple shapes.[-]","Крошечное, но надежное хранилище для хранения ценностей.\n[808080]Имеет несколько видов.[-]"
5081,ulmContainerSportsBag01VariantHelper,Rotting Sports Bag,Гниющая спортивная сумка
5082,ulmContainerSportsBag02VariantHelper,Weathered Sports Bag,Потрёпанная спортивная сумка
5083,ulmContainerStoreProduceBasketVariantHelper,Store Produce Basket,Магазинная корзина с продуктами
5084,ulmContainerStoreShelfVariantHelper,Store Shelf,Магазинная полка
5085,ulmContainerTrashDumpsterVariantHelper,Dumpster,Мусорный контейнер
5086,ulmContainerTrashPileVariantHelper,Trash Pile,Куча мусора
5087,ulmContainerToolBoxVariantHelper,Toolbox,Ящик для инструментов
5088,ulmContainerUtilityCartVariantHelper,Utility Cart,Хозяйственная тележка
5089,ulmContainerVault,Vault,Хранилище
5090,ulmContainerVaultDesc,Most secure container for all your most precious belongings. Dimensions (WxDxH): [decea3]3x3x3[-],Самый надежный контейнер для самых ценных вещей. Размеры (ШхДхГ): [decea3]3x3x3[-].
5091,ulmContaineVendingMachineVariantHelper,Vending Machine,Торговый автомат
5092,ulmContainerWallOvenVariantHelper,Wall Oven,Встраиваемая духовка
5093,ulmContainerWoodenChestVariantHelper,Wooden Chest,Деревянный сундук
5094,ulmControlPanelVariantHelper,Control Panel,Панель управления
5095,ulmCorpseBodyBagVariantHelper,Corpse Body Bag,Мешок для трупа
5096,ulmCorpseVariantHelper,Corpse,Труп
5097,ulmCorpseHangingLogVariantHelper,Hanging Corpse Log,Подвешенный труп на бревне
5098,ulmCorpseHangingVariantHelper,Hanging Corpse,Подвешенный труп
5099,ulmCropGrassHedgeShrubBushVariantHelper,Foliage and Crops (POI),Растительность и посевы (POI)
5100,ulmCurtainDrapesDirtyVariantHelper,Curtains and Drapes Stained,Запятнанные шторы и портьеры
5101,ulmDecoAutomotiveCarPartsVariantHelper,Car Parts (POI),Автомобильные детали (POI)
5102,ulmDecoAutomotiveCarTireWheelVariantHelper,Car Tires/Wheels (POI),Автомобильные шины/колёса (POI)
5103,ulmDecoChristmasTree,Christmas Tree,Рождественская елка
5104,ulmDecoConcreteBollardVariantHelper,Concrete Bollard,Бетонный боллард
5105,ulmDecoFlagsVariantHelper,Flags,Флаги
5106,ulmDecoGasRangeVariantHelper,Gas Stove Top,Газовая варочная панель
5107,ulmDecoHoistChainVariantHelper,Hoist Chain,Подъёмная цепь
5108,ulmDecoIronTable,Iron Table,Железный стол
5109,ulmDecoIronTableDesc,"A sturdy Iron table made out of iron plates, pipes and other iron pieces.","Прочный железный стол, сделанный из железных пластин, труб и других железных деталей."
5110,ulmDecoLawnMower01,Lawn Mower,Газонокосилка
5111,ulmDecoLawnMower01Desc,A compact basic lawn mower. Salvaging or Recycling this might yield useful components.,Компактная обычная газонокосилка. При разборке или переработке из неё можно получить полезные компоненты.
5112,ulmDecoLawnMower02,Lawn Mower (Folded Handle),Газонокосилка (сложенная рукоять)
5113,ulmDecoLawnMower03,Lawn Mower (Extended Handle),Газонокосилка (выдвинутая рукоять)
5114,ulmDecoLawnMowerRandomHelper,Lawn Mower | Random Helper,Газонокосилка | Случайный вариант
5115,ulmDecoLawnMowerVariantHelper,Lawn Mower,Газонокосилка
5116,ulmDecoLogTable,Log Table,Стол из дерева
5117,ulmDecoLogTableDesc,A primitive table made out of logs and basic planks as the surface.,"Примитивный стол, сделанный из бревен и досок в качестве поверхности."
5118,ulmDecoMannequinVariantHelper,Mannequin,Манекен
5119,ulmDecoMech01a,M.A.C.E.,M.A.C.E
5120,ulmDecoMech01aDesc,Mobile Armored Combat Exoskeletons or in short M.A.C.E were special units produced for Enforcers to uphold peace in the most problematic regions of the world.,"Мобильные бронированные боевые экзоскелеты, или сокращенно M.A.C.E, были специальными юнитами, созданы для силовиков чтоб поддерживать мир в самых проблемных регионах мира."
5121,ulmDecoMetalBollardVariantHelper,Metal Bollard,Металлический боллард
5122,ulmDecoPallet,Wooden Pallet,Деревянный поддон
5123,ulmDecoPortableToiletClosed,"Portable Toilet, Closed","Переносной туалет, закрытый"
5124,ulmDecoPortableToiletOpen,"Portable Toilet, Open","Переносной туалет, открытый"
5125,ulmDecoPortableToiletRandomHelper,Portable Toilet | Random Helper,Переносной туалет | Случайный вариант
5126,ulmDecoPottedAloePlant,Potted Aloe Plant,Алоэ в горшке
5127,ulmDecoPottedCherryBlossomPlant,Potted Cherry Blossom,Цветущая вишня в горшке
5128,ulmDecoPottedFernPlant,Potted Fern Plant,Папоротник в горшке
5129,ulmDecoPottedHousePlant,Potted House Plant,Комнатное растение в горшке
5130,ulmDecoPottedTallHousePlant,Potted Tall Dracaena Fragrans Plant,Высокая драцена душистая в горшке
5131,ulmDecoPresentBox01a,Present Box,Подарочная коробка
5132,ulmDecoPresentBox01b,Present Box,Подарочная коробка
5133,ulmDecoPresentBox01c,Present Box,Подарочная коробка
5134,ulmDecoPresentBox01d,Present Box,Подарочная коробка
5135,ulmDecoPresentBox02a,Present Box,Подарочная коробка
5136,ulmDecoPresentBox02b,Present Box,Подарочная коробка
5137,ulmDecoPresentBox02c,Present Box,Подарочная коробка
5138,ulmDecoPresentBox02d,Present Box,Подарочная коробка
5139,ulmDecoPresentBox03a,Present Box,Подарочная коробка
5140,ulmDecoPresentBox03b,Present Box,Подарочная коробка
5141,ulmDecoPresentBox03c,Present Box,Подарочная коробка
5142,ulmDecoPresentBox03d,Present Box,Подарочная коробка
5143,ulmDecoPresentBox04a,Present Box,Подарочная коробка
5144,ulmDecoPresentBox04b,Present Box,Подарочная коробка
5145,ulmDecoPresentBox04c,Present Box,Подарочная коробка
5146,ulmDecoPresentBox04d,Present Box,Подарочная коробка
5147,ulmDecoPresentBox05a,Present Box,Подарочная коробка
5148,ulmDecoPresentBox05b,Present Box,Подарочная коробка
5149,ulmDecoPresentBox05c,Present Box,Подарочная коробка
5150,ulmDecoPresentBox06a,Present Box,Подарочная коробка
5151,ulmDecoPresentBox06b,Present Box,Подарочная коробка
5152,ulmDecoPresentBoxVariantHelper,Present Box,Подарочная коробка
5153,ulmDecoServerRackVariantHelper,Server Rack,Серверная стойка
5154,ulmDecoSnowman01,Snowman,Снеговик
5155,ulmDecoSnowman02,Snowman,Снеговик
5156,ulmDecoSnowmanVariantHelper,Snowman,Снеговик
5157,ulmDecoTire1,Tire 1,Шина 1
5158,ulmDecoTire1_S,"Tire 1, Small","Шина 1, малая"
5159,ulmDecoTire2,Tire 2,Шина 2
5160,ulmDecoTire2_S,"Tire 2, Small","Шина 2, малая"
5161,ulmDecoTire3,Tire 3,Шина 3
5162,ulmDecoTire3_S,"Tire 3, Small","Шина 3, малая"
5163,ulmDecoTire4,Tire 4,Шина 4
5164,ulmDecoTire4_White,"Tire 4, White","Шина 4, белая"
5165,ulmDecoTire4_Red,"Tire 4, Red","Шина 4, красная"
5166,ulmDecoTire4_S,"Tire 4, Small","Шина 4, малая"
5167,ulmDecoTire5,Tire 5,Шина 5
5168,ulmDecoTire5_S,"Tire 5, Small","Шина 5, малая"
5169,ulmDecoTire6,Tire 6,Шина 6
5170,ulmDecoTires2_1,Tire Stack 2-1,Штабель шин 2-1
5171,ulmDecoTires2_1_White,"Tire Stack 2-1, White","Штабель шин 2-1, белый"
5172,ulmDecoTires2_1_Red,"Tire Stack 2-1, Red","Штабель шин 2-1, красный"
5173,ulmDecoTires4_1,Tire Stack 4-1,Штабель шин 4-1
5174,ulmDecoTires4_2,Tire Stack 4-2,Штабель шин 4-2
5175,ulmDecoTires4_3,Tire Stack 4-3,Штабель шин 4-3
5176,ulmDecoTires4_4,Tire Stack 4-4,Штабель шин 4-4
5177,ulmDecoToyBear,Toy Bear,Игрушечный медведь
5178,ulmDecoToyElephant,Toy Elephant,Игрушечный слон
5179,ulmDecoToyRobot1,Toy Robot,Игрушечный робот
5180,ulmDecoToyRobot2,Toy Robot,Игрушечный робот
5181,ulmDecoToyRobot3,Toy Robot,Игрушечный робот
5182,ulmDecoToyRocket,Toy Rocket,Игрушечная ракета
5183,ulmDecoToySquirrel,Plush Squirrel,Плюшевая белка
5184,ulmDecoToySquirrelDesc,I remember one time playing around with a toys just like this. Can be placed as a decoration.,"Я помню, как однажды играл с подобной игрушкой. Вы можете украсить ею свою базу, сжечь ее или разобрать для получения ресурсов."
5185,ulmDecoToyVariantHelper,Toy,Игрушка
5186,ulmDecoTrafficCone,Traffic Cone,Дорожный конус
5187,ulmDecoTrafficConstructionConeVariantHelper,Traffic/Construction Cone,Дорожный/строительный конус
5188,ulmDecoWildWestWagonWheelVariantHelper,Wild West Wagon Wheel,Колесо повозки Дикого Запада
5189,ulmDecoWineBottleVariantHelper,Wine Bottle,Бутылка вина
5190,ulmDestroyedWoodConcreteBlockVariantHelper,Destroyed Block,Разрушенный блок
5191,ulmDoor,Door,Дверь
5192,ulmDoorCabinet,Cabinet Door,Дверца шкафа
5193,ulmDoorClassic01aSingle,House Door 1-A,Дверь 1-A
5194,ulmDoorClassic01aDouble,Double House Door 1-A,Двойная дверь 1-A
5195,ulmDoorClassic01aSinglePicked,Door\n[808080](Picked)[-],Дверь\n[808080](Взломана)[-]
5196,ulmDoorClassic01aDoublePicked,Door\n[808080](Picked)[-],Дверь\n[808080](Взломана)[-]
5197,ulmDoorClassic01bSingle,House Door 1-B,Дверь 1-B
5198,ulmDoorClassic01bDouble,Double House Door 1-B,Двойная дверь 1-B
5199,ulmDoorClassic01bSinglePicked,Door\n[808080](Picked)[-],Дверь\n[808080](Взломана)[-]
5200,ulmDoorClassic01bDoublePicked,Door\n[808080](Picked)[-],Дверь\n[808080](Взломана)[-]
5201,ulmDoorClassic01cSingle,House Door 1-C,Дверь 1-C
5202,ulmDoorClassic01cDouble,Double House Door 1-C,Двойная дверь 1-C
5203,ulmDoorClassic01cSinglePicked,Door\n[808080](Picked)[-],Дверь\n[808080](Взломана)[-]
5204,ulmDoorClassic01cDoublePicked,Door\n[808080](Picked)[-],Дверь\n[808080](Взломана)[-]
5205,ulmDoorClassic01dSingle,House Door 1-D,Дверь 1-D
5206,ulmDoorClassic01dDouble,Double House Door 1-D,Двойная дверь 1-D
5207,ulmDoorClassic01dSinglePicked,Door\n[808080](Picked)[-],Дверь\n[808080](Взломана)[-]
5208,ulmDoorClassic01dDoublePicked,Door\n[808080](Picked)[-],Дверь\n[808080](Взломана)[-]
5209,ulmDoorClassic01eSingle,House Door 1-E,Дверь 1-E
5210,ulmDoorClassic01eDouble,Double House Door 1-E,Двойная дверь 1-E
5211,ulmDoorClassic01eSinglePicked,Door\n[808080](Picked)[-],Дверь\n[808080](Взломана)[-]
5212,ulmDoorClassic01eDoublePicked,Door\n[808080](Picked)[-],Дверь\n[808080](Взломана)[-]
5213,ulmDoorClassic01fSingle,House Door 1-F,Дверь 1-F
5214,ulmDoorClassic01fDouble,Double House Door 1-F,Двойная дверь 1-F
5215,ulmDoorClassic01fSinglePicked,Door\n[808080](Picked)[-],Дверь\n[808080](Взломана)[-]
5216,ulmDoorClassic01fDoublePicked,Door\n[808080](Picked)[-],Дверь\n[808080](Взломана)[-]
5217,ulmDoorClassic01gSingle,House Door 1-G,Дверь 1-G
5218,ulmDoorClassic01gDouble,Double House Door 1-G,Двойная дверь 1-G
5219,ulmDoorClassic01gSinglePicked,Door\n[808080](Picked)[-],Дверь\n[808080](Взломана)[-]
5220,ulmDoorClassic01gDoublePicked,Door\n[808080](Picked)[-],Дверь\n[808080](Взломана)[-]
5221,ulmDoorCloset,Closet Door,Дверь шкафа
5222,ulmDoorClosetSingleVariantHelper,Closet Door,Дверь шкафа
5223,ulmDoorClosetDoubleVariantHelper,Closet Double Door,Двойная дверь шкафа
5224,ulmDoorCommercial,Commercial Door,Коммерческая дверь
5225,ulmDoorCommercial1VariantHelper,Commercial Door 1,Коммерческая дверь 1
5226,ulmDoorCommercial2VariantHelper,Commercial Door 2,Коммерческая дверь 2
5227,ulmDoorCommercial3VariantHelper,Commercial Door 3,Коммерческая дверь 3
5228,ulmDoorCommercial4VariantHelper,Commercial Door 4,Коммерческая дверь 4
5229,ulmDoorCommercialDouble,Commercial Double Door,Двойная коммерческая дверь
5230,ulmDoorCommercialDouble1VariantHelper,Commercial Double Door 1,Двойная коммерческая дверь 1
5231,ulmDoorCommercialDouble2VariantHelper,Commercial Double Door 2,Двойная коммерческая дверь 2
5232,ulmDoorCommercialDouble3VariantHelper,Commercial Double Door 3,Двойная коммерческая дверь 3
5233,ulmDoorCommercialDouble4VariantHelper,Commercial Double Door 4,Двойная коммерческая дверь 4
5234,ulmDoorElevatorVariantHelper,Elevator Door (POI),Дверь лифта (POI)
5235,ulmDoorExteriorSingleVariantHelper,House Door,Дверь дома
5236,ulmDoorExteriorDoubleVariantHelper,House Double Door,Двойная дверь дома
5237,ulmDoorExteriorOldSingleVariantHelper,Old House Door,Старая дверь дома
5238,ulmDoorExteriorOldDoubleVariantHelper,Old House Double Door,Старая двойная дверь дома
5239,ulmDoorExteriorSideLightSingleVariantHelper,Side Window Door,Дверь с боковым окном
5240,ulmDoorExteriorSideLightDoubleVariantHelper,Side Window Double Door,Двойная дверь с боковым окном
5241,ulmDoorFence,Fence Door,Дверь в ограде
5242,ulmDoorFrench,Glass Panel Door,Дверь со стеклянной панелью
5243,ulmDoorFrenchSingleVariantHelper,Glass Panel Door,Дверь со стеклянной панелью
5244,ulmDoorFrenchDoubleVariantHelper,Glass Panel Double Door,Двойная дверь со стеклянной панелью
5245,ulmDoorGarage,Garage Door,Гаражные ворота
5246,ulmDoorGarageIron,Iron Garage Door,Железные гаражные ворота
5247,ulmDoorGarageSteel,Steel Garage Door,Стальные гаражные ворота
5248,ulmDoorGarageSteel3x3VariantHelper,Steel Garage Door 3x3,Стальные гаражные ворота 3x3
5249,ulmDoorGarageSteel4x3VariantHelper,Steel Garage Door 4x3,Стальные гаражные ворота 4x3
5250,ulmDoorGarageSteel5x3VariantHelper,Steel Garage Door 5x3,Стальные гаражные ворота 5x3
5251,ulmDoorGarageWooden3x3VariantHelper,Wooden Garage Door 3x3,Деревянные гаражные ворота 3x3
5252,ulmDoorGarageWooden4x3VariantHelper,Wooden Garage Door 4x3,Деревянные гаражные ворота 4x3
5253,ulmDoorGarageWooden5x3VariantHelper,Wooden Garage Door 5x3,Деревянные гаражные ворота 5x3
5254,ulmDoorGateSecurity,Security Gate,Защитные ворота
5255,ulmDoorHatch,Hatch,Люк
5256,ulmDoorHatchIron,Iron Hatch,Железный люк
5257,ulmDoorHatchSteel,Steel Hatch,Стальной люк
5258,ulmDoorHatchWood,Wood Hatch,Деревянный люк
5259,ulmDoorIndustrial01aSingle,Industrial Door 1-A,Промышленная дверь 1-A
5260,ulmDoorIndustrial01aDouble,Industrial Double Door 1-A,Промышленная двойная дверь 1-A
5261,ulmDoorIndustrial01aSinglePicked,Door\n[808080](Picked)[-],Дверь\n[808080](Взломана)[-]
5262,ulmDoorIndustrial01aDoublePicked,Door\n[808080](Picked)[-],Дверь\n[808080](Взломана)[-]
5263,ulmDoorIndustrial01bSingle,Industrial Door 1-B,Промышленная дверь 1-B
5264,ulmDoorIndustrial01bDouble,Industrial Double Door 1-B,Промышленная двойная дверь 1-B
5265,ulmDoorIndustrial01bSinglePicked,Door\n[808080](Picked)[-],Дверь\n[808080](Взломана)[-]
5266,ulmDoorIndustrial01bDoublePicked,Door\n[808080](Picked)[-],Дверь\n[808080](Взломана)[-]
5267,ulmDoorIndustrial02aSingle,Industrial Door 2-A,Промышленная дверь 2-A
5268,ulmDoorIndustrial02aSingleNoGlass,Industrial Door 2-A,Промышленная дверь 2-A
5269,ulmDoorIndustrial02aSinglePicked,Door\n[808080](Picked)[-],Дверь\n[808080](Взломана)[-]
5270,ulmDoorIndustrial02aSingleNoGlassPicked,Door\n[808080](Picked)[-],Дверь\n[808080](Взломана)[-]
5271,ulmDoorIndustrial02aDouble,Industrial Double Door 2-A,Промышленная двойная дверь 2-A
5272,ulmDoorIndustrial02aDoubleNoGlass,Industrial Double Door 2-A,Промышленная двойная дверь 2-A
5273,ulmDoorIndustrial02aDoublePicked,Door\n[808080](Picked)[-],Дверь\n[808080](Взломана)[-]
5274,ulmDoorIndustrial02aDoubleNoGlassPicked,Door\n[808080](Picked)[-],Дверь\n[808080](Взломана)[-]
5275,ulmDoorIndustrial02bSingle,Industrial Door 2-B,Промышленная дверь 2-B
5276,ulmDoorIndustrial02bSingleNoGlass,Industrial Door 2-B,Промышленная дверь 2-B
5277,ulmDoorIndustrial02bSinglePicked,Door\n[808080](Picked)[-],Дверь\n[808080](Взломана)[-]
5278,ulmDoorIndustrial02bSingleNoGlassPicked,Door\n[808080](Picked)[-],Дверь\n[808080](Взломана)[-]
5279,ulmDoorIndustrial02bDouble,Industrial Double Door 2-B,Промышленная двойная дверь 2-B
5280,ulmDoorIndustrial02bDoubleNoGlass,Industrial Double Door 2-B,Промышленная двойная дверь 2-B
5281,ulmDoorIndustrial02bDoublePicked,Door\n[808080](Picked)[-],Дверь\n[808080](Взломана)[-]
5282,ulmDoorIndustrial02bDoubleNoGlassPicked,Door\n[808080](Picked)[-],Дверь\n[808080](Взломана)[-]
5283,ulmDoorIndustrial02cSingle,Industrial Door 2-C,Промышленная дверь 2-C
5284,ulmDoorIndustrial02cSingleNoGlass,Industrial Door 2-C,Промышленная дверь 2-C
5285,ulmDoorIndustrial02cSinglePicked,Door\n[808080](Picked)[-],Дверь\n[808080](Взломана)[-]
5286,ulmDoorIndustrial02cSingleNoGlassPicked,Door\n[808080](Picked)[-],Дверь\n[808080](Взломана)[-]
5287,ulmDoorIndustrial02cDouble,Industrial Double Door 2-C,Промышленная двойная дверь 2-C
5288,ulmDoorIndustrial02cDoubleNoGlass,Industrial Double Door 2-C,Промышленная двойная дверь 2-C
5289,ulmDoorIndustrial02cDoublePicked,Door\n[808080](Picked)[-],Дверь\n[808080](Взломана)[-]
5290,ulmDoorIndustrial02cDoubleNoGlassPicked,Door\n[808080](Picked)[-],Дверь\n[808080](Взломана)[-]
5291,ulmDoorIndustrial03aSingle,Industrial Door 3-A,Промышленная дверь 3-A
5292,ulmDoorIndustrial03aDouble,Industrial Double Door 3-A,Промышленная двойная дверь 3-A
5293,ulmDoorIndustrial03aDoubleNoGlass,Industrial Double Door 3-A,Промышленная двойная дверь 3-A
5294,ulmDoorIndustrial03aDoublePicked,Door\n[808080](Picked)[-],Дверь\n[808080](Взломана)[-]
5295,ulmDoorIndustrial03aDoubleNoGlassPicked,Door\n[808080](Picked)[-],Дверь\n[808080](Взломана)[-]
5296,ulmDoorIndustrial03bSingle,Industrial Door 3-B,промышленный дверь 3-B
5297,ulmDoorIndustrial03bSingleNoGlass,Industrial Door 3-B,промышленный дверь 3-B
5298,ulmDoorIndustrial03bSinglePicked,Door\n[808080](Picked)[-],Дверь\n[808080](Взломана)[-]
5299,ulmDoorIndustrial03bSingleNoGlassPicked,Door\n[808080](Picked)[-],Дверь\n[808080](Взломана)[-]
5300,ulmDoorIndustrial03bDouble,Industrial Double Door 3-B,Промышленная двойная дверь 3-B
5301,ulmDoorIndustrial03bDoubleNoGlass,Industrial Double Door 3-B,Промышленная двойная дверь 3-B
5302,ulmDoorIndustrial03bDoublePicked,Door\n[808080](Picked)[-],Дверь\n[808080](Взломана)[-]
5303,ulmDoorIndustrial03bDoubleNoGlassPicked,Door\n[808080](Picked)[-],Дверь\n[808080](Взломана)[-]
5304,ulmDoorIndustrial03cSingle,Industrial Door 3-C,Промышленная дверь 3-C
5305,ulmDoorIndustrial03cSingleNoGlass,Industrial Door 3-C,Промышленная дверь 3-C
5306,ulmDoorIndustrial03cSinglePicked,Door\n[808080](Picked)[-],Дверь\n[808080](Взломана)[-]
5307,ulmDoorIndustrial03cSingleNoGlassPicked,Door\n[808080](Picked)[-],Дверь\n[808080](Взломана)[-]
5308,ulmDoorIndustrial03cDouble,Industrial Double Door 3-C,Промышленная двойная дверь 3-C
5309,ulmDoorIndustrial03cDoubleNoGlass,Industrial Double Door 3-C,Промышленная двойная дверь 3-C
5310,ulmDoorIndustrial03cDoublePicked,Door\n[808080](Picked)[-],Дверь\n[808080](Взломана)[-]
5311,ulmDoorIndustrial03cDoubleNoGlassPicked,Door\n[808080](Picked)[-],Дверь\n[808080](Взломана)[-]
5312,ulmDoorIndustrial12aSingle,Industrial Door 12-A,Промышленная дверь 12-A
5313,ulmDoorIndustrial12aDouble,Industrial Double Door 12-A,Промышленная двойная дверь 12-A
5314,ulmDoorIndustrial12aDoubleNoGlass,Industrial Double Door 12-A,Промышленная двойная дверь 12-A
5315,ulmDoorIndustrial12aDoublePicked,Door\n[808080](Picked)[-],Дверь\n[808080](Взломана)[-]
5316,ulmDoorIndustrial12aDoubleNoGlassPicked,Door\n[808080](Picked)[-],Дверь\n[808080](Взломана)[-]
5317,ulmDoorIndustrial12bSingle,Industrial Door 12-B,промышленный дверь 12-B
5318,ulmDoorIndustrial12bSingleNoGlass,Industrial Door 12-B,промышленный дверь 12-B
5319,ulmDoorIndustrial12bSinglePicked,Door\n[808080](Picked)[-],Дверь\n[808080](Взломана)[-]
5320,ulmDoorIndustrial12bSingleNoGlassPicked,Door\n[808080](Picked)[-],Дверь\n[808080](Взломана)[-]
5321,ulmDoorIndustrial12bDouble,Industrial Double Door 12-B,Промышленная двойная дверь 12-B
5322,ulmDoorIndustrial12bDoubleNoGlass,Industrial Double Door 12-B,Промышленная двойная дверь 12-B
5323,ulmDoorIndustrial12bDoublePicked,Door\n[808080](Picked)[-],Дверь\n[808080](Взломана)[-]
5324,ulmDoorIndustrial12bDoubleNoGlassPicked,Door\n[808080](Picked)[-],Дверь\n[808080](Взломана)[-]
5325,ulmDoorIndustrial12cSingle,Industrial Door 12-C,промышленный дверь 12-C
5326,ulmDoorIndustrial12cSingleNoGlass,Industrial Door 12-C,промышленный дверь 12-C
5327,ulmDoorIndustrial12cSinglePicked,Door\n[808080](Picked)[-],Дверь\n[808080](Взломана)[-]
5328,ulmDoorIndustrial12cSingleNoGlassPicked,Door\n[808080](Picked)[-],Дверь\n[808080](Взломана)[-]
5329,ulmDoorIndustrial12cDouble,Industrial Double Door 12-C,Промышленная двойная дверь 12-C
5330,ulmDoorIndustrial12cDoubleNoGlass,Industrial Double Door 12-C,Промышленная двойная дверь 12-C
5331,ulmDoorIndustrial12cDoublePicked,Door\n[808080](Picked)[-],Дверь\n[808080](Взломана)[-]
5332,ulmDoorIndustrial12cDoubleNoGlassPicked,Door\n[808080](Picked)[-],Дверь\n[808080](Взломана)[-]
5333,ulmDoorIndustrialSingleVariantHelper,Industrial Doors,Промышленные двери
5334,ulmDoorIndustrialDoubleVariantHelper,Industrial Double Doors,Двойные промышленные двери
5335,ulmDoorInteriorSingleVariantHelper,Interior Door,Межкомнатная дверь
5336,ulmDoorInteriorDoubleVariantHelper,Interior Double Door,Двойная межкомнатная дверь
5337,ulmDoorInteriorOldSingleVariantHelper,Old Interior Door,Старая межкомнатная дверь
5338,ulmDoorInteriorOldDoubleVariantHelper,Old Interior Double Door,Старая двойная межкомнатная дверь
5339,ulmDoorIron,Iron Door,Железная дверь
5340,ulmDoorIronDouble,Iron Double Door,Двойная железная дверь
5341,ulmDoorJail,Jail Door,Тюремная дверь
5342,ulmDoorJailDouble,Double Jail Door,Двойная тюремная дверь
5343,ulmDoorJailSingleVariantHelper,Jail Door,Тюремная дверь
5344,ulmDoorJailDoubleVariantHelper,Double Jail Door,Двойная тюремная дверь
5345,ulmDoorModern01aSingle,Modern House Door 1-A,Современная дверь 1-A
5346,ulmDoorModern01aDouble,Modern Double House Door 1-A,Современная двойная дверь 1-A
5347,ulmDoorModern01aSinglePicked,Door\n[808080](Picked)[-],Дверь\n[808080](Взломана)[-]
5348,ulmDoorModern01aDoublePicked,Door\n[808080](Picked)[-],Дверь\n[808080](Взломана)[-]
5349,ulmDoorModern01bSingle,Modern Door 1-B,Современная дверь 1-B
5350,ulmDoorModern01bDouble,Modern Double Door 1-B,Современная двойная дверь 1-B
5351,ulmDoorModern01bSinglePicked,Door\n[808080](Picked)[-],Дверь\n[808080](Взломана)[-]
5352,ulmDoorModern01bDoublePicked,Door\n[808080](Picked)[-],Дверь\n[808080](Взломана)[-]
5353,ulmDoorOldHouse,Old House Door,Старая дверь дома
5354,ulmDoorPantry,Pantry Door,Дверь кладовой
5355,ulmDoorPantryVariantHelper,Pantry Door,Дверь кладовой
5356,ulmDoorRollUp,Roll Up Door,Рулонные ворота
5357,ulmDoorRollUpVariantHelper,Roll Up Door,Рулонные ворота
5358,ulmDoorSciFi01,Sliding Iron Door,Раздвижная железная дверь
5359,ulmDoorSciFi01Desc,Durable sliding iron door made out iron. Dimensions (WxDxH): [decea3]3x1x3[-],Прочная раздвижная железная дверь из железа. Размеры (ДхШхВ): [decea3]3x1x3[-].
5360,ulmDoorSciFi01Insecure,Insecure Sliding Metal Door,Незапертая раздвижная металлическая дверь
5361,ulmDoorSciFi01InsecureDesc,Durable sliding iron door made out iron. Dimensions (WxDxH): [decea3]3x1x3[-],Прочная раздвижная железная дверь из железа. Размеры (ДхШхВ): [decea3]3x1x3[-].
5362,ulmDoorSciFi01Locked,Locked Sliding Metal Door,Запертая раздвижная металлическая дверь
5363,ulmDoorSciFi01LockedDesc,POI Editing Only. Dimensions (WxDxH): [decea3]3x1x3[-],Только редактирование POI. Размеры (ДхШхВ): [decea3]3x1x3[-].
5364,ulmDoorSciFi01Powered,Powered Sliding Metal Door,Раздвижная металлическая дверь с приводом
5365,ulmDoorSciFi01PoweredDesc,Durable sliding metal door made out iron. Requires Power. Dimensions (WxDxH): [decea3]3x1x3[-],Прочная раздвижная железная дверь из железа с приводом. Должна быть запитана. Размеры (ДхШхВ): [decea3]3x1x3[-].
5366,ulmDoorSciFi02,Sliding Glass Door,Раздвижная стеклянная дверь
5367,ulmDoorSciFi02Desc,Durable sliding glass door made out iron. Dimensions (WxDxH): [decea3]3x1x3[-],Прочная раздвижная стеклянная дверь из железа. Размеры (ДхШхВ): [decea3]3x1x3[-].
5368,ulmDoorSciFi02Insecure,Insecure Sliding Glass Door,Ненадежные раздвижная стеклянная дверь
5369,ulmDoorSciFi02InsecureDesc,Durable sliding glass door made out iron. Dimensions (WxDxH): [decea3]3x1x3[-],Прочная раздвижная стеклянная дверь из железа. Размеры (ДхШхВ): [decea3]3x1x3[-].
5370,ulmDoorSciFi02Locked,Locked Sliding Glass Door,Закрытая раздвижная стеклянная дверь
5371,ulmDoorSciFi02LockedDesc,POI Editing Only. Dimensions (WxDxH): [decea3]3x1x3[-],Только редактирование POI. Размеры (ДхШхВ): [decea3]3x1x3[-].
5372,ulmDoorSciFi02Powered,Powered Sliding Glass Door,Раздвижная стеклянная дверь с приводом
5373,ulmDoorSciFi02PoweredDesc,Durable sliding glass door made out iron. Requires Power. Dimensions (WxDxH): [decea3]3x1x3[-],"Прочная раздвижная железная дверь из железа и стекла, с приводом. Требует электричество. Размеры (ДхШхВ): [decea3]3x1x3[-]."
5374,ulmDoorSciFi02Screen,Metal Info Screen,Металлический инфоэкран
5375,ulmDoorSciFi02ScreenDesc,"Sign screen, that can display your written text on it.","Экран, на котором может отображаться написанный вами текст."
5376,ulmDoorSciFi02Switch,Switch,Переключатель
5377,ulmDoorSciFi03,Sliding Gate,Раздвижные ворота
5378,ulmDoorSciFi03Desc,Very durable large sliding gate made out iron. Dimensions (WxDxH): [decea3]7x3x5[-],Очень прочные большие раздвижные ворота из железа. Размеры (ДхШхВ): [decea3]7x3x5[-]
5379,ulmDoorSciFi03Insecure,Insecure Sliding Gate,Ненадежные раздвижные ворота
5380,ulmDoorSciFi03InsecureDesc,Durable large sliding gate made out iron. Dimensions (WxDxH): [decea3]7x3x5[-],Очень прочные большие раздвижные ворота из железа Размеры (ДхШхВ): [decea3]7x3x5[-]
5381,ulmDoorSciFi03Locked,Locked Sliding Gate,Запертые раздвижные ворота
5382,ulmDoorSciFi03LockedDesc,POI Editing Only. Dimensions (WxDxH): [decea3]7x3x5[-],Только редактирование POI. Размеры (ДхШхВ): [decea3]7x3x5[-]
5383,ulmDoorSciFi03Powered,Powered Sliding Gate,Раздвижные ворота с приводом
5384,ulmDoorSciFi03PoweredDesc,Durable large sliding gate made out iron. Requires Power. Dimensions (WxDxH): [decea3]7x3x5[-],Очень прочные большие раздвижные ворота из железа. Требует электричество. Размеры (ДхШхВ): [decea3]7x3x5[-]
5385,ulmDoorSciFi04,Sliding Blast Door,Раздвижная взрывостойкая дверь
5386,ulmDoorSciFi04Desc,Very durable sliding blast door made out iron. Dimensions (WxDxH): [decea3]3x3x3[-],Очень прочная взрывостойкая дверь. Размеры (ДхШхВ): [decea3]3x3x3[-]
5387,ulmDoorSciFi04Insecure,Insecure Sliding Blast Door,Ненадежная взрывостойкая дверь
5388,ulmDoorSciFi04InsecureDesc,Durable sliding blast door made out iron. Dimensions (WxDxH): [decea3]3x3x3[-],Очень прочная взрывостойкая дверь. Размеры (ДхШхВ): [decea3]3x3x3[-]
5389,ulmDoorSciFi04Locked,Locked Sliding Blast Door,Запертые взрывостойкая дверь
5390,ulmDoorSciFi04LockedDesc,POI Editing Only. Dimensions (WxDxH): [decea3]3x3x3[-],Только редактирование POI. Размеры (ДхШхВ): [decea3]3x3x3[-]
5391,ulmDoorSciFi04Powered,Powered Sliding Blast Door,Раздвижная взрывостойкая дверь с приводом
5392,ulmDoorSciFi04PoweredDesc,Very durable sliding blast door made out iron. Requires Power. Dimensions (WxDxH): [decea3]3x3x3[-],Очень прочная взрывостойкая дверь. Требует электричество. Размеры (ДхШхВ): [decea3]3x3x3[-]
5393,ulmDoorSteel,Steel Door,Стальная дверь
5394,ulmDoorSteelDouble,Double Steel Doors,Двойные стальные двери
5395,ulmDoorTallCabinetVariantHelper,Tall Cabinet Door,Дверца высокого шкафа
5396,ulmDoorTrailer,Trailer Door,Дверь трейлера
5397,ulmDoorTrailerVariantHelper,Trailer Door,Дверь трейлера
5398,ulmDoorWood,Wooden Door,Деревянная дверь
5399,ulmDoorWoodDecoVariantHelper,Decorative Wood Door,Декоративная деревянная дверь
5400,ulmDoorWoodDecoDoubleVariantHelper,Decorative Double Wood Door,Двойная декоративная деревянная дверь
5401,ulmDoorVaultSector43,Vault Door,Дверь хранилища
5402,ulmDoorWoodenFenceVariantHelper,Wooden Fence Door,Деревянная дверь в ограде
5403,ulmElectricFencePost2,Improved Electric Fence Post,Улучшенная стойка электрического ограждения
5404,ulmElectricFencePost2Desc,Durable Electric Fence Post. Wire up 2 or more of these and shock your enemies.,Прочная стойка электрического ограждения. Соедините проводом 2 или больше таких стоек и бейте врагов током.
5405,ulmElectricFencePost3,Advanced Electric Fence Post,Продвинутая стойка электрического ограждения
5406,ulmElectricFencePost3Desc,Very durable Electric Fence Post. Wire up 2 or more of these and shock your enemies.,Очень прочная стойка электрического ограждения. Соедините проводом 2 или больше таких стоек и бейте врагов током.
5407,ulmElectricGasMeterVariantHelper,Electric/Gas Meter,Счётчик электричества/газа
5408,ulmElectricMotor,Electric Motor,Электродвигатель
5409,ulmElectricMotorDesc,An electrical machine to convert electrical energy into mechanical energy with the help of magnetic fields generated by current flow through copper coils.,"Электрическая машина, преобразующая электрическую энергию в механическую с помощью магнитных полей, создаваемых током в медных обмотках."
5410,ulmElectricMotorOffset,Electric Motor (Offset),Электродвигатель (смещение)
5411,ulmElectricMotorOffsetSide,"Electric Motor (Offset, Side)","Электродвигатель (смещение, сбоку)"
5412,ulmElectricMotorCorner,Electric Motor (Corner),Электродвигатель (угловой)
5413,ulmElectricMotorVariantHelper,Electric Motor (POI),Электродвигатель (POI)
5414,ulmMotorBatteryChargerRandomHelper,Motor/Battery/Charger | Random Helper,Мотор/аккумулятор/зарядное устройство | Случайный вариант
5415,ulmMotorBatteryChargerEngineRandomHelper,Motor/Battery/Charger/Engine | Random Helper,Мотор/аккумулятор/зарядное устройство/двигатель | Случайный вариант
5416,ulmElectricWireRelay,Electric Wire Relay (No Base),Реле электропроводки (без основания)
5417,ulmElectricWireRelayH1,Wire Relay (1m),Реле проводки (1m)
5418,ulmElectricWireRelayH2,Wire Relay (2m),Реле проводки (2m)
5419,ulmElectricWireRelayH3,Wire Relay (3m),Реле проводки (3m)
5420,ulmElectricWireRelayH4,Wire Relay (4m),Реле проводки (4m)
5421,ulmElectricWireRelayH5,Wire Relay (5m),Реле проводки (5m)
5422,ulmElectricWireRelayH6,Wire Relay (6m),Реле проводки (6m)
5423,ulmElectricWireRelayTallVariantHelper,Tall Wire Relay,Высокое реле проводки
5424,ulmElectricWireRelayVariantHelper,Wire Relay,Реле проводки
5425,ulmElevatorPlatform2,Elevator Platform (2 Floors),Платформа-лифт (2 этажа)
5426,ulmElevatorPlatform2Desc,Has built in power source. Dimensions (WxDxH): [decea3]9x9x6[-],Имеет встроенный источник питания. Размеры (ШxДxВ): [decea3]9x9x6[-]
5427,ulmElevatorPlatform3,Elevator Platform (3 Floors),Платформа-лифт (3 этажа)
5428,ulmElevatorPlatform3Desc,Has built in power source. Dimensions (WxDxH): [decea3]9x9x11[-],Имеет встроенный источник питания. Размеры (ШxДxВ): [decea3]9x9x11[-]
5429,ulmElevatorPlatform4,Elevator Platform (4 Floors),Платформа-лифт (4 этажа)
5430,ulmElevatorPlatform4Desc,Has built in power source. Dimensions (WxDxH): [decea3]9x9x16[-],Имеет встроенный источник питания. Размеры (ШxДxВ): [decea3]9x9x16[-]
5431,ulmElevatorPlatform5,Elevator Platform (5 Floors),Платформа-лифт (5 этажа)
5432,ulmElevatorPlatform5Desc,Has built in power source. Dimensions (WxDxH): [decea3]9x9x21[-],Имеет встроенный источник питания. Размеры (ШxДxВ): [decea3]9x9x21[-]
5433,ulmElevatorPlatform6,Elevator Platform (6 Floors),Платформа-лифт (6 этажа)
5434,ulmElevatorPlatform6Desc,Has built in power source. Dimensions (WxDxH): [decea3]9x9x26[-],Имеет встроенный источник питания. Размеры (ШxДxВ): [decea3]9x9x26[-]
5435,ulmEmberPilePOIVariantHelper,Ember Pile (POI),Куча углей (POI)
5436,ulmEngineRandomHelper,Engine | Random Helper,Двигатель | Случайный вариант
5437,ulmTruckEngineRandomHelper,Truck Engine | Random Helper,Двигатель грузовика | Случайный вариант
5438,ulmSmallEngine,Small Engine,Маленький двигатель
5439,ulmSmallEngineDesc,Small engine for small vehicles or tools,Небольшой двигатель для малых транспортных средств или инструментов
5440,ulmMotorcycleEngine,Motorcycle Engine,Двигатель мотоцикла
5441,ulmMotorcycleEngineDesc,Medium size internal combustion engine. Used for crafting or repairing Motorcycles.,Двигатель внутреннего сгорания среднего размера. Используется для изготовления и ремонта мотоциклов.
5442,ulmBuggyEngine,Buggy Engine,Двигатель багги
5443,ulmBuggyEngineDesc,Internal combustion engine from a buggy.,Двигатель внутреннего сгорания от багги.
5444,ulmCarEngine,Car Engine,Двигатель автомобиля
5445,ulmCarEngineDesc,Medium size internal combustion engine. Used for crafting or repairing Cars.,Двигатель внутреннего сгорания среднего размера. Используется для изготовления и ремонта автомобилей.
5446,ulmTruckEngine,Truck Engine,Двигатель грузовика
5447,ulmTruckEngineDesc,Large internal combustion engine. Used for repairing Large Trucks.,Большой двигатель внутреннего сгорания. Используется для ремонта крупных грузовиков.
5448,ulmGyrocopterEngine,Small Aviation Engine,Малый авиационный двигатель
5449,ulmGyrocopterEngineDesc,Internal combustion engine from a small aircraft.,Двигатель внутреннего сгорания от небольшого летательного аппарата.
5450,ulmEscalatorVariantHelper,Escalator,Эскалатор
5451,ulmFactoryConveyorBeltVariantHelper,Factory Conveyor Belt,Заводской конвейер
5452,ulmFakeCabinetDoorVariantHelper,Fake Cabinet Door,Фальшивая дверца шкафа
5453,ulmFastFoodBoothBenchVariantHelper,Fast Food Booth Bench,Скамья кабинки фастфуда
5454,ulmFastFoodBoothVariantHelper,Fast Food Booth,Кабинка фастфуда
5455,ulmPlumbingFixturesBrassVariantHelper,Brass Plumbing Fixtures,Латунная сантехническая арматура
5456,ulmPlumbingFixturesIronVariantHelper,Iron Plumbing Fixtures,Железная сантехническая арматура
5457,ulmFireExtinguisherBox,Fire Extinguisher Box,Ящик для огнетушителя
5458,ulmFireExtinguisherBoxDesc,Box designed to hold a single Fire Extinguisher,"Ящик, рассчитанный на хранение одного огнетушителя."
5459,ulmFireExtinguisherBoxEmpty,Fire Extinguisher Box (Empty),Ящик для огнетушителя (пустой)
5460,ulmFireExtinguisherBoxRandomHelper,Fire Extinguisher Box | Random Helper,Ящик для огнетушителя | Случайный вариант
5461,ulmFireHydrantVariantHelper,Fire Hydrant,Пожарный гидрант
5462,ulmFireWoodStackVariantHelper,Firewood Stack,Штабель дров
5463,ulmFlagPoleVariantHelper,Flag Pole,Флагшток
5464,ulmGatlingTurret,Gatling Auto Turret,Автоматическая турель Гатлинга
5465,ulmGatlingTurretDesc,Motion sensing Gatling automatic defense turret. Requires power and ammunition to function.,Автоматическая оборонительная турель Гатлинга с датчиком движения. Для работы требуются электричество и боеприпасы.
5466,ulmGenerator,Generator,Генератор
5467,ulmGeneratorBatteryCar,Wired Car Battery,Подключённый автомобильный аккумулятор
5468,ulmGeneratorBatterySingle,High Capacity Battery,Аккумулятор высокой ёмкости
5469,ulmGeneratorBatteryCluster,High Capacity Battery Cluster,Блок аккумуляторов высокой ёмкости
5470,ulmGeneratorGasoline_1,Gasoline Generator,Бензиновый генератор
5471,ulmGeneratorGasoline_2,Gasoline Generator (Tier 2),Бензиновый генератор (уровень 2)
5472,ulmGeneratorGasoline_2b,Gasoline Generator (Tier 2),Бензиновый генератор (уровень 2)
5473,ulmGeneratorGasoline_3,Gasoline Generator (Tier 3),Бензиновый генератор (уровень 3)
5474,ulmGeneratorGasoline_4,Gasoline Generator (Tier 4),Бензиновый генератор (уровень 4)
5475,ulmGeneratorGasoline_5,Gasoline Generator (Tier 5),Бензиновый генератор (уровень 5)
5476,ulmGeneratorGasoline_6,Gasoline Generator (Tier 6),Бензиновый генератор (уровень 6)
5477,ulmGeneratorGasoline_7,Gasoline Generator (Tier 7),Бензиновый генератор (уровень 7)
5478,ulmGeneratorSolarScrap,Solar Array (Scrap),Солнечная батарея (металлолом)
5479,ulmGeneratorSolarSmall,Solar Array (S),Солнечная батарея (S)
5480,ulmGeneratorSolarMedium,Solar Array (M),Солнечная батарея (M)
5481,ulmGeneratorSolarLarge,Solar Array (L),Солнечная батарея (L)
5482,ulmGeneratorSolarXL,Solar Array (XL),Солнечная батарея (XL)
5483,ulmGeneratorWindSmall,Wind Turbine (S),Ветряная турбина (S)
5484,ulmGeneratorWindMedium,Wind Turbine (M),Ветряная турбина (M)
5485,ulmGeneratorWindLarge,Wind Turbine (L),Ветряная турбина (L)
5486,ulmGeneratorWindXL,Wind Turbine (XL),Ветряная турбина (XL)
5487,ulmGraveStoneVariantHelper,Grave Stone,Надгробный камень
5488,ulmHoodRangePOIVariantHelper,Kitchen Vent Hood (POI),Кухонная вытяжка (POI)
5489,ulmHubCapsVariantHelper,Hub Caps,Колпаки
5490,ulmHorseshoeVariantHelper,Horseshoe,Подкова
5491,ulmIronBarsVariantHelper,Iron Bars,Железные поручни
5492,ulmIronWroughtFenceVariantHelper,Iron Wrought Fence,Кованая железная ограда
5493,ulmJailBarsVariantHelper,Jail Bars,Тюремные решётки
5494,ulmLadderTitanium,Titanium Ladder,Титановая лестница
5495,ulmLadderTitaniumDesc,A sturdy ladder mate out of Titanium,Прочная лестница из титана
5496,ulmLaundryClothesPileVariantHelper,Laundry/Clothes Pile,Куча белья/одежды
5497,ulmLiftHydraulicVariantHelper,Hydraulic Lift,Гидравлический подъёмник
5498,ulmLightBarLong,Fluorescent Thin Light Bar,Тонкий люминесцентный светильник
5499,ulmLightBarLongPlayer,Fluorescent Thin Light Bar (Centered),Тонкий люминесцентный светильник (по центру)
5500,ulmLightBarLongCornerPlayer,Fluorescent Thin Light Bar (Corner),Тонкий люминесцентный светильник (угловой)
5501,ulmLightBarLongOffsetPlayer,Fluorescent Thin Light Bar (Offset),Тонкий люминесцентный светильник (со смещением)
5502,ulmLightBarLongVariantHelper,Fluorescent Thin Light Bar,Тонкий люминесцентный светильник
5503,ulmLightCandelabraPlayer,Candelabra,Канделябры
5504,ulmLightCandelabraSmallPlayer,Small Candelabra,Малый канделябр
5505,ulmLightCandelabraPOIVariantHelper,Candelabra (POI),Канделябр (POI)
5506,ulmLightCeiling01BlackPlayer,Light Bulb Flush Mount (Black),Накладной светильник (чёрный)
5507,ulmLightCeiling01_2x2Player,"Light Bulb Flush Mount (White, 2x2)","Накладной светильник (белый, 2x2)"
5508,ulmLightCeiling01_2x2BlackPlayer,"Light Bulb Flush Mount (Black, 2x2)","Накладной светильник (чёрный, 2x2)"
5509,ulmLightCeilingSocketWhitePlayer,Light Bulb Socket (White),Патрон лампы (белый)
5510,ulmLightCeilingSocketBlackPlayer,Light Bulb Socket (Black),Патрон лампы (чёрный)
5511,ulmLightCeilingSocket_2x2Player,"Light Bulb Socket (White, 2x2)","Патрон лампы (белый, 2x2)"
5512,ulmLightCeilingSocket_2x2BlackPlayer,"Light Bulb Socket (Black, 2x2)","Патрон лампы (чёрный, 2x2)"
5513,ulmLightCeiling01VariantHelper,Light Bulb Socket Mount,Крепление патрона лампы
5514,ulmLightCeiling01POIVariantHelper,Light Bulb (POI),Лампочка (POI)
5515,ulmLightCeiling02Player,Silver Dome Light,Серебряный купольный светильник
5516,ulmLightCeiling02_2x2Player,Silver Dome Light 2x2,Серебряный купольный светильник 2x2
5517,ulmLightCeiling02VariantHelper,Silver Dome Light,Серебряный купольный светильник
5518,ulmLightCeiling02BrassPlayer,Brass Dome Light,Латунный купольный светильник
5519,ulmLightCeiling02Brass_2x2Player,"Brass Dome Light, 2x2","Латунный купольный светильник, 2x2"
5520,ulmLightCeiling02BrassVariantHelper,Brass Dome Light,Латунный купольный светильник
5521,ulmLightCeiling02POIVariantHelper,Dome Light (POI),Купольный светильник (POI)
5522,ulmLightCeiling04Player,Warehouse Ceiling Light 1,Потолочный складской светильник 1
5523,ulmLightCeiling04bPlayer,Warehouse Ceiling Light 2,Складской потолочный светильник 2
5524,ulmLightCeiling04VariantHelper,Warehouse Ceiling Light,Потолочный светильник
5525,ulmLightCeiling04POIVariantHelper,Warehouse Ceiling Light (POI),Складской потолочный светильник (POI)
5526,ulmLightCeiling05Player,Glass Light (Silver),Стеклянный светильник (серебро)
5527,ulmLightCeiling05BrassPlayer,Glass Light (Brass),Стеклянный светильник (латунь)
5528,ulmLightCeiling05VariantHelper,Glass Light,Стеклянный светильник
5529,ulmLightCeiling05POIVariantHelper,Glass Light (POI),Стеклянный светильник (POI)
5530,ulmLightCeiling07OffsetPlayer,Fluorescent Light (Offset),Люминесцентный светильник (со смещением)
5531,ulmLightCeiling07VariantHelper,Fluorescent Light,Люминесцентная лампа
5532,ulmLightCeiling07POIVariantHelper,Fluorescent Light (POI),Люминесцентный светильник (POI)
5533,ulmLightCeilingFanPlayer,Ceiling Fan Light,Потолочный вентилятор
5534,ulmLightChandelierPlayer,Chandelier,Люстра
5535,ulmLightChandelier2x2Player,Chandelier 2x2,Люстра 2x2
5536,ulmLightChandelierVariantHelper,Chandelier,Люстра
5537,ulmLightChandelierPOIVariantHelper,Chandelier (POI),Люстра (POI)
5538,ulmLightDeskLampPlayer,Desk Lamp,Настольная лампа
5539,ulmLightDeskLamp01Player,Desk Lamp,Настольная лампа
5540,ulmLightDeskLamp02WhitePlayer,Desk Lamp 02 (White),Настольная лампа 02 (белый)
5541,ulmLightDeskLamp02BrownPlayer,Desk Lamp 02 (Brown),Настольная лампа 02 (коричневый)
5542,ulmLightDeskLamp02RedPlayer,Desk Lamp 02 (Red),Настольная лампа 02 (красный)
5543,ulmLightDeskLamp02OrangePlayer,Desk Lamp 02 (Orange),Настольная лампа 02 (оранжевый)
5544,ulmLightDeskLamp02YellowPlayer,Desk Lamp 02 (Yellow),Настольная лампа 02 (жёлтый)
5545,ulmLightDeskLamp02GreenPlayer,Desk Lamp 02 (Green),Настольная лампа 02 (зелёный)
5546,ulmLightDeskLamp02BluePlayer,Desk Lamp 02 (Blue),Настольная лампа 02 (синий)
5547,ulmLightDeskLamp02PurplePlayer,Desk Lamp 02 (Purple),Настольная лампа 02 (фиолетовый)
5548,ulmLightDeskLamp02GreyPlayer,Desk Lamp 02 (Grey),Настольная лампа 02 (серый)
5549,ulmLightDeskLamp02BlackPlayer,Desk Lamp 02 (Black),Настольная лампа 02 (чёрный)
5550,ulmLightDeskLamp02PinkPlayer,Desk Lamp 02 (Pink),Настольная лампа 02 (розовый)
5551,ulmLightDeskLamp02VariantHelper,Desk Lamp 02,Настольная лампа 02
5552,ulmLightDeskLamp02POIVariantHelper,Desk Lamp 02 (POI),Настольная лампа 02 (POI)
5553,ulmLightDisplayXRayFullPlayer,X-Ray Display Full,Рентгеновский экран (полный)
5554,ulmLightDisplayXRayEmptyPlayer,X-Ray Display Empty,Рентгеновский экран (пустой)
5555,ulmLightDisplayXRayVariantHelper,X-Ray Display,Рентгеновский экран
5556,ulmLightEndTablePlayer,End Table Light,Настольный светильник
5557,ulmLightFluorescentPlayer,Fluorescent Light,Люминесцентная лампа
5558,ulmLightFluorescentBayPlayer,Fluorescent Light Bay,Люминесцентный потолочный светильник
5559,ulmLightFluorescentPOIVariantHelper,Fluorescent Light (POI),Люминесцентный светильник (POI)
5560,ulmLightGooseneckWhitePlayer,Gooseneck Light (White),Светильник «гусиная шея» (белый)
5561,ulmLightGooseneckBrownPlayer,Gooseneck Light (Brown),Светильник «гусиная шея» (коричневый)
5562,ulmLightGooseneckRedPlayer,Gooseneck Light (Red),Светильник «гусиная шея» (красный)
5563,ulmLightGooseneckOrangePlayer,Gooseneck Light (Orange),Светильник «гусиная шея» (оранжевый)
5564,ulmLightGooseneckYellowPlayer,Gooseneck Light (Yellow),Светильник «гусиная шея» (жёлтый)
5565,ulmLightGooseneckGreenPlayer,Gooseneck Light (Green),Светильник «гусиная шея» (зелёный)
5566,ulmLightGooseneckBluePlayer,Gooseneck Light (Blue),Светильник «гусиная шея» (синий)
5567,ulmLightGooseneckPurplePlayer,Gooseneck Light (Purple),Светильник «гусиная шея» (фиолетовый)
5568,ulmLightGooseneckGreyPlayer,Gooseneck Light (Grey),Светильник «гусиная шея» (серый)
5569,ulmLightGooseneckBlackPlayer,Gooseneck Light (Black),Светильник «гусиная шея» (чёрный)
5570,ulmLightGooseneckPinkPlayer,Gooseneck Light (Pink),Светильник «гусиная шея» (розовый)
5571,ulmLightGooseneckArmyGreenPlayer,Gooseneck Light (Army Green),Светильник «гусиная шея» (армейский зелёный)
5572,ulmLightGooseneckPOIVariantHelper,Gooseneck Light (POI),Светильник «гусиная шея» (POI)
5573,ulmLightGooseneckVariantHelper,Gooseneck Light,Светильник «гусиная шея»
5574,ulmLightHoodRangeWhitePlayer,Kitchen Vent Hood White,Кухонная вытяжка (белая)
5575,ulmLightHoodRangeYellowPlayer,Kitchen Vent Hood Yellow,Кухонная вытяжка (жёлтая)
5576,ulmLightHoodRangeGreenPlayer,Kitchen Vent Hood Green,Кухонная вытяжка (зелёная)
5577,ulmLightHoodRangeGreyPlayer,Kitchen Vent Hood Grey,Кухонная вытяжка (серая)
5578,ulmLightHoodRangeBlackPlayer,Kitchen Vent Hood Black,Кухонная вытяжка (чёрная)
5579,ulmLightHoodRangeVariantHelper,Kitchen Vent Hood,Кухонная вытяжка
5580,ulmLightIndustrialWhitePlayer,Industrial Hanging Light (White),Подвесной промышленный светильник (белый)
5581,ulmLightIndustrialBrownPlayer,Industrial Hanging Light (Brown),Подвесной промышленный светильник (коричневый)
5582,ulmLightIndustrialGreyPlayer,Industrial Hanging Light (Grey),Подвесной промышленный светильник (серый)
5583,ulmLightIndustrialBlackPlayer,Industrial Hanging Light (Black),Подвесной промышленный светильник (чёрный)
5584,ulmLightIndustrialVariantHelper,Industrial Hanging Light,Подвесной промышленный светильник
5585,ulmLightIndustrialPOIVariantHelper,Industrial Lights (POI),Промышленные светильники (POI)
5586,ulmLightIndustrialWallPlayer,Wall Industrial Light,Настенный промышленный светильник
5587,ulmLightLanternPOIVariantHelper,Lantern (POI),Фонарь (POI)
5588,ulmLightLanternOldPOIVariantHelper,Old Lantern (POI),Старый фонарь (POI)
5589,ulmLightPanelLEDWhitePlayer,LED Panel Light (White),Светодиодная панель (белый)
5590,ulmLightPanelLEDSilverPlayer,LED Panel Light (Silver),Светодиодная панель (серебристый)
5591,ulmLightPanelLEDGreyPlayer,LED Panel Light (Grey),Светодиодная панель (серый)
5592,ulmLightPanelLEDBlackPlayer,LED Panel Light (Black),Светодиодная панель (чёрный)
5593,ulmLightPanelLEDOffsetWhitePlayer,"LED Panel Light (White, Offset)","Светодиодная панель (белый, со смещением)"
5594,ulmLightPanelLEDOffsetSilverPlayer,"LED Panel Light (Silver, Offset)","Светодиодная панель (серебристый, со смещением)"
5595,ulmLightPanelLEDOffsetGreyPlayer,"LED Panel Light (Grey, Offset)","Светодиодная панель (серый, со смещением)"
5596,ulmLightPanelLEDOffsetBlackPlayer,"LED Panel Light (Black, Offset)","Светодиодная панель (чёрный, со смещением)"
5597,ulmLightPanelLEDOffset02WhitePlayer,"LED Panel Light (White, Offset 2)","Светодиодная панель (белый, смещение 2)"
5598,ulmLightPanelLEDOffset02SilverPlayer,"LED Panel Light (Silver, Offset 2)","Светодиодная панель (серебристый, смещение 2)"
5599,ulmLightPanelLEDOffset02GreyPlayer,"LED Panel Light (Grey, Offset 2)","Светодиодная панель (серый, смещение 2)"
5600,ulmLightPanelLEDOffset02BlackPlayer,"LED Panel Light (Black, Offset 2)","Светодиодная панель (чёрный, смещение 2)"
5601,ulmLightPanelLEDVariantHelper,LED Panel Light,Светодиодная панель
5602,ulmLightPanelLEDPOIVariantHelper,LED Panel Light (POI),Светодиодная панель (POI)
5603,ulmLightPorchWhitePlayer,Porch Light (White),Светильник для крыльца (белый)
5604,ulmLightPorchBrownPlayer,Porch Light (Brown),Светильник для крыльца (коричневый)
5605,ulmLightPorchYellowPlayer,Porch Light (Yellow),Светильник для крыльца (жёлтый)
5606,ulmLightPorchGreenPlayer,Porch Light (Green),Светильник для крыльца (зелёный)
5607,ulmLightPorchGreyPlayer,Porch Light (Grey),Светильник для крыльца (серый)
5608,ulmLightPorchBlackPlayer,Porch Light (Black),Светильник для крыльца (чёрный)
5609,ulmLightPorchVariantHelper,Porch Light,Светильник для крыльца
5610,ulmLightPorchPOIVariantHelper,Porch Light (POI),Светильник для крыльца (POI)
5611,ulmLightRecessedPlayer,Recessed Light,Встраиваемый светильник
5612,ulmLightRecessed2x2Player,Recessed Light (2x2),Встраиваемый светильник (2x2)
5613,ulmLightRecessedOffsetPlayer,Recessed Light (Offset),Встраиваемый светильник (со смещением)
5614,ulmLightRecessed2x2OffsetPlayer,"Recessed Light (2x2, Offset)","Встраиваемый светильник (2x2, со смещением)"
5615,ulmLightRecessedVariantHelper,Recessed Light,Встраиваемый светильник
5616,ulmLightRecessedPOIVariantHelper,Recessed Lights (POI),Встраиваемые светильники (POI)
5617,ulmLightRoadBarricadePlayer,Lit Road Barricade,Световое дорожное заграждение
5618,ulmLightRoadBarricadePlayerDesc,Has built in battery for generating enough power to keep the lights on.,"Имеет встроенный аккумулятор, достаточной для поддержания освещения."
5619,ulmLightSconcePlayer,Sconce Light,Светильник бра
5620,ulmLightSconce_2x1Player,Sconce Light (2x1),Бра (2x1)
5621,ulmLightSconceVariantHelper,Sconce Light,Светильник бра
5622,ulmLightSconcePOIVariantHelper,Sconce Light (POI),Бра (POI)
5623,ulmLightSearchLightsPole,Searchlights Pole,Прожекторный столб
5624,ulmLightSignExitPlayer,Exit Sign,Табличка «Выход»
5625,ulmLightSignExitOffsetPlayer,Exit Sign Offset,Табличка «Выход» со смещением
5626,ulmLightSignExitFrameMountPlayer,Exit Sign Frame Mount,"Табличка «Выход», крепление на раму"
5627,ulmLightSignExitFrameMountHighPlayer,Exit Sign Frame Mount High,"Табличка «Выход», высокое крепление на раму"
5628,ulmLightSignExitFrameMount2mCenteredPlayer,Exit Sign Frame Mount 2m Centered,"Табличка «Выход», крепление на раму 2 м по центру"
5629,ulmLightSignExitFrameMountHigh2mCenteredPlayer,Exit Sign Frame Mount 2m Centered High,"Табличка «Выход», высокое крепление на раму 2 м по центру"
5630,ulmLightSignExitWallMountPlayer,Exit Sign Wall Mount,"Табличка «Выход», настенное крепление"
5631,ulmLightSignExitWallMountHighPlayer,Exit Sign Wall Mount High,"Табличка «Выход», высокое настенное крепление"
5632,ulmLightSignExitVariantHelper,Exit Sign,Табличка «Выход»
5633,ulmLightSignOpenPlayer,Open Sign,Табличка «Открыто»
5634,ulmLightSignOpenWallMountChainPlayer,Open Sign (Wall Mount Chain),"Вывеска «Открыто» (настенное крепление, цепь)"
5635,ulmLightSignOpenSideMountPlayer,Open Sign (Wall Mount Frame),"Вывеска «Открыто» (настенное крепление, рама)"
5636,ulmLightSignOpenCeilingMountPlayer,Open Sign (Side Mount),Вывеска «Открыто» (боковое крепление)
5637,ulmLightSignOpenVariantHelper,Open Sign,Табличка «Открыто»
5638,ulmLightSignNeonColdBeerPlayer,Cold Beer Sign,Вывеска «Холодное пиво»
5639,ulmLightSignPillsLogoPlayer,Large Pills Logo Light,Большая вывеска пилюля
5640,ulmLightSignPillsLogoSmallPlayer,Pills Logo Light,Вывеска пилюля
5641,ulmLightStreetLampClassicPlayer,Classic Street Light,Классический уличный фонарь
5642,ulmLightStreetLightsPOIVariantHelper,Street Lights (POI),Уличные фонари (POI)
5643,ulmLightTableLamp01WhitePlayer,Table Lamp (White),Настольная лампа (белый)
5644,ulmLightTableLamp01BrownPlayer,Table Lamp (Brown),Настольная лампа (коричневый)
5645,ulmLightTableLamp01RedPlayer,Table Lamp (Red),Настольная лампа (красный)
5646,ulmLightTableLamp01OrangePlayer,Table Lamp (Orange),Настольная лампа (оранжевый)
5647,ulmLightTableLamp01YellowPlayer,Table Lamp (Yellow),Настольная лампа (жёлтый)
5648,ulmLightTableLamp01GreenPlayer,Table Lamp (Green),Настольная лампа (зелёный)
5649,ulmLightTableLamp01BluePlayer,Table Lamp (Blue),Настольная лампа (синий)
5650,ulmLightTableLamp01PurplePlayer,Table Lamp (Purple),Настольная лампа (фиолетовый)
5651,ulmLightTableLamp01GreyPlayer,Table Lamp (Grey),Настольная лампа (серый)
5652,ulmLightTableLamp01BlackPlayer,Table Lamp (Black),Настольная лампа (чёрный)
5653,ulmLightTableLamp01PinkPlayer,Table Lamp (Pink),Настольная лампа (розовый)
5654,ulmLightTableLamp01CenteredWhitePlayer,"Table Lamp (Centered, White)","Настольная лампа (по центру, белый)"
5655,ulmLightTableLamp01CenteredBrownPlayer,"Table Lamp (Centered, Brown)","Настольная лампа (по центру, коричневый)"
5656,ulmLightTableLamp01CenteredRedPlayer,"Table Lamp (Centered, Red)","Настольная лампа (по центру, красный)"
5657,ulmLightTableLamp01CenteredOrangePlayer,"Table Lamp (Centered, Orange)","Настольная лампа (по центру, оранжевый)"
5658,ulmLightTableLamp01CenteredYellowPlayer,"Table Lamp (Centered, Yellow)","Настольная лампа (по центру, жёлтый)"
5659,ulmLightTableLamp01CenteredGreenPlayer,"Table Lamp (Centered, Green)","Настольная лампа (по центру, зелёный)"
5660,ulmLightTableLamp01CenteredBluePlayer,"Table Lamp (Centered, Blue)","Настольная лампа (по центру, синий)"
5661,ulmLightTableLamp01CenteredPurplePlayer,"Table Lamp (Centered, Purple)","Настольная лампа (по центру, фиолетовый)"
5662,ulmLightTableLamp01CenteredGreyPlayer,"Table Lamp (Centered, Grey)","Настольная лампа (по центру, серый)"
5663,ulmLightTableLamp01CenteredBlackPlayer,"Table Lamp (Centered, Black)","Настольная лампа (по центру, чёрный)"
5664,ulmLightTableLamp01CenteredPinkPlayer,"Table Lamp (Centered, Pink)","Настольная лампа (по центру, розовый)"
5665,ulmLightTableLamp01TippedOverWhitePlayer,"Table Lamp (Tipped Over, White)","Настольная лампа (опрокинутая, белый)"
5666,ulmLightTableLamp01TippedOverBrownPlayer,"Table Lamp (Tipped Over, Brown)","Настольная лампа (опрокинутая, коричневый)"
5667,ulmLightTableLamp01TippedOverRedPlayer,"Table Lamp (Tipped Over, Red)","Настольная лампа (опрокинутая, красный)"
5668,ulmLightTableLamp01TippedOverOrangePlayer,"Table Lamp (Tipped Over, Orange)","Настольная лампа (опрокинутая, оранжевый)"
5669,ulmLightTableLamp01TippedOverYellowPlayer,"Table Lamp (Tipped Over, Yellow)","Настольная лампа (опрокинутая, жёлтый)"
5670,ulmLightTableLamp01TippedOverGreenPlayer,"Table Lamp (Tipped Over, Green)","Настольная лампа (опрокинутая, зелёный)"
5671,ulmLightTableLamp01TippedOverBluePlayer,"Table Lamp (Tipped Over, Blue)","Настольная лампа (опрокинутая, синий)"
5672,ulmLightTableLamp01TippedOverPurplePlayer,"Table Lamp (Tipped Over, Purple)","Настольная лампа (опрокинутая, фиолетовый)"
5673,ulmLightTableLamp01TippedOverGreyPlayer,"Table Lamp (Tipped Over, Grey)","Настольная лампа (опрокинутая, серый)"
5674,ulmLightTableLamp01TippedOverBlackPlayer,"Table Lamp (Tipped Over, Black)","Настольная лампа (опрокинутая, чёрный)"
5675,ulmLightTableLamp01TippedOverPinkPlayer,"Table Lamp (Tipped Over, Pink)","Настольная лампа (опрокинутая, розовый)"
5676,ulmLightTableLamp01VariantHelper,Table Lamp,Настольная лампа
5677,ulmLightTableLamp01POIVariantHelper,Table Lamp (POI),Настольная лампа (POI)
5678,ulmLightTrackPlayer,Track Light,Точечный светильник
5679,ulmLightWorkLampWhitePlayer,Work Light (White),Рабочий светильник (белый)
5680,ulmLightWorkLampBrownPlayer,Work Light (Brown),Рабочий светильник (коричневый)
5681,ulmLightWorkLampRedPlayer,Work Light (Red),Рабочий светильник (красный)
5682,ulmLightWorkLampOrangePlayer,Work Light (Orange),Рабочий светильник (оранжевый)
5683,ulmLightWorkLampYellowPlayer,Work Light (Yellow),Рабочий светильник (жёлтый)
5684,ulmLightWorkLampGreenPlayer,Work Light (Green),Рабочий светильник (зелёный)
5685,ulmLightWorkLampGreyPlayer,Work Light (Grey),Рабочий светильник (серый)
5686,ulmLightWorkLampBlackPlayer,Work Light (Black),Рабочий светильник (чёрный)
5687,ulmLightWorkLampArmyGreenPlayer,Work Light (Army Green),Рабочий светильник (армейский зелёный)
5688,ulmLightWorkLampVariantHelper,Work Light,Рабочая лампа
5689,ulmLightWorkLampPOIVariantHelper,Work Light (POI),Рабочий светильник (POI)
5690,ulmLooseTrapBlockVariantHelper,Lose Trap Blocks,Незакреплённые блоки-ловушки
5691,ulmLogWallVariantHelper,Log Wall,Стена из брёвен
5692,ulmMetalCatwalkVariantHelper,Metal Catwalk,Металлический мостик
5693,ulmMinesPOIVariantHelper,Mines,Мины
5694,ulmMotionSensorPOIVariantHelper,Security Camera (POI),Камера наблюдения (POI)
5695,ulmNewspaperRubbishGarbageTrashBloodVariantHelper,"Newspaper, Rubbish, Blood Debris (POI)","Газеты, мусор и окровавленные обломки (POI)"
5696,ulmPaintinsPicturesPostersPOIVariantHelper,"Paintings, Pictures and Posters (POI)","Картины, изображения и плакаты (POI)"
5697,ulmPalletBagBlankVariantHelper,Bulk Goods Pallet,Паллета с товарами навалом
5698,ulmPalletBagConcreteVariantHelper,Bulk Concrete Pallet,Паллета с бетоном
5699,ulmPalletBagCowFeedVariantHelper,Bulk CowFeed Pallet,Паллета с кормом для коров
5700,ulmPalletBagFertilizerVariantHelper,Bulk Fertilizer Pallet,Паллета с удобрениями
5701,ulmPalletBagFlourVariantHelper,Bulk Flour Pallet,Паллета с мукой
5702,ulmPalletBagSandVariantHelper,Bulk Sand Pallet,Паллета с песком
5703,ulmPalletBrickVariantHelper,Brick Pallet,Паллета с кирпичами
5704,ulmPalletBrownBoxesVariantHelper,Stacked Boxes,Сложенные коробки
5705,ulmPalletCansVariantHelper,Recycled Cans Pallet,Паллета с переработанными банками
5706,ulmPalletCartonMilitaryVariantHelper,Military Pallet,Военная паллета
5707,ulmPalletElectronicsTvVariantHelper,Electronics Pallet (TV),Паллета с электроникой (ТВ)
5708,ulmPalletEmptyVariantHelper,Empty Pallets,Пустые паллеты
5709,ulmPalletTarpBaseVariantHelper,Tarp Pallet,Паллета с брезентом
5710,ulmParkingBlockVariantHelper,Parking Block,Парковочный ограничитель
5711,ulmPipeFireHazardPOIVariantHelper,Pipe Fire Hazard (POI),Пожароопасная труба (POI)
5712,ulmPipeSmallValveSwitchPOIVariantHelper,Pipe with Valve Switch (POI),Труба с вентилем (POI)
5713,ulmPlantGrowLightPowered,Grow Light,Лампа для выращивания растений
5714,ulmPlantGrowLightPoweredDesc,"Provides constant lights for crops, allowing them to continue growing in the night or in enclosed spaces without any direct sunlight.","Обеспечивает растения постоянным освещением, позволяя им расти ночью или в закрытых помещениях без прямого солнечного света."
5715,ulmPortaPottyVariantHelper,Portable Toilet,Переносной туалет
5716,ulmPowerSwitchPOIVariantHelper,Power Switch/Button (POI),Выключатель/кнопка питания (POI)
5717,ulmPropaneTank,Propane Tank,Баллон с пропаном
5718,ulmPropaneTankDesc,"A sturdy metal canister, that can hold highly flammable gas inside.","Прочный металлический баллон, способный хранить легковоспламеняющийся газ."
5719,ulmPropaneTankSmallWhite,"Small Propane Tank (White, Centered)","Малый баллон с пропаном (белый, по центру)"
5720,ulmPropaneTankSmallWhiteOffset,"Small Propane Tank (White, Offset)","Малый баллон с пропаном (белый, смещение)"
5721,ulmPropaneTankSmallWhiteCorner,"Small Propane Tank (White, Corner)","Малый баллон с пропаном (белый, угловой)"
5722,ulmPropaneTankSmallWhiteSideways,"Small Propane Tank (White, Sideways)","Малый баллон с пропаном (белый, на боку)"
5723,ulmPropaneTankSmallVariantHelper,Small Propane Tank,Малый баллон с пропаном
5724,ulmPropaneTankMediumGrey,"Medium Propane Tank (Grey, Centered)","Средний баллон с пропаном (серый, по центру)"
5725,ulmPropaneTankMediumGreyOffset,"Medium Propane Tank (Grey, Offset)","Средний баллон с пропаном (серый, смещение)"
5726,ulmPropaneTankMediumGreyCorner,"Medium Propane Tank (Grey, Corner)","Средний баллон с пропаном (серый, угловой)"
5727,ulmPropaneTankMediumRed,"Medium Propane Tank (Red, Centered)","Средний баллон с пропаном (красный, по центру)"
5728,ulmPropaneTankMediumRedOffset,"Medium Propane Tank (Red, Offset)","Средний баллон с пропаном (красный, смещение)"
5729,ulmPropaneTankMediumRedCorner,"Medium Propane Tank (Red, Corner)","Средний баллон с пропаном (красный, угловой)"
5730,ulmPropaneTankMediumVariantHelper,Medium Propane Tank,Средний баллон с пропаном
5731,ulmRailingIron,Iron Railing,Железные перила
5732,ulmRailingIronDouble,Wide Iron Railing,Широкие железные перила
5733,ulmRailingIronVariantHelper,Iron Railings,Железные перила
5734,ulmRailingIronVariantHelperDesc,[decea3]Has multiple shapes[-]\nA selection of railings made out of Iron.,"[decea3]Содержит несколько моделей[-]\nПодборка перил, изготовленных из железа."
5735,ulmRailingSteelMiddleA,Steel Railing A,Стальные перила A
5736,ulmRailingSteelMiddleB,Steel Railing B,Стальные перила B
5737,ulmRailingSteelMiddleC,Steel Railing C,Стальные перила C
5738,ulmRailingSteelAL,Steel Railing D,Стальные перила D
5739,ulmRailingSteelAR,Steel Railing E,Стальные перила E
5740,ulmRailingSteelBL,Steel Railing Left Cap,Стальные перила левая заглушка
5741,ulmRailingSteelBR,Steel Railing Right Cap,Стальные перила правая заглушка
5742,ulmRailingSteelOuter,Steel Railing Outer Corner,Стальные перила внешний угол
5743,ulmRailingSteelInner,Steel Railing Inner Corner,Стальные перила внутренний угол
5744,ulmRailingSteelVariantHelper,Steel Railings,Стальные перила
5745,ulmRailingSteelVariantHelperDesc,[decea3]Has multiple shapes[-]\nA selection of decorative railings made out of Steel.,"[decea3]Содержит несколько моделей[-]\nПодборка перил, изготовленных из стали."
5746,ulmRailingTitaniumMiddleA,Titanium Railing A,Титановые перила A
5747,ulmRailingTitaniumMiddleB,Titanium Railing B,Титановые перила B
5748,ulmRailingTitaniumMiddleC,Titanium Railing C,Титановые перила C
5749,ulmRailingTitaniumAL,Titanium Railing D,Титановые перила D
5750,ulmRailingTitaniumAR,Titanium Railing E,Титановые перила E
5751,ulmRailingTitaniumBL,Titanium Railing Left Cap,Титановые перила левая заглушка
5752,ulmRailingTitaniumBR,Titanium Railing Right Cap,Титановые перила правая заглушка
5753,ulmRailingTitaniumOuter,Titanium Railing Outer Corner,Титановые перила внешний угол
5754,ulmRailingTitaniumInner,Titanium Railing Inner Corner,Титановые перила внутренний угол
5755,ulmRailingTitaniumVariantHelper,Titanium Railings,Титановые перила
5756,ulmRailingTitaniumVariantHelperDesc,[decea3]Has multiple shapes[-]\nA selection of decorative railings made out of Titanium.,"[decea3]Содержит несколько моделей[-]\nПодборка перил, изготовленных из титана."
5757,ulmRestaurantBoothVariantHelper,Restaurant Booth Chair,Диванчик ресторана
5758,ulmRoadsideGuardrailVariantHelper,Roadside Guardrail,Дорожное ограждение
5759,ulmRocksOreBouldersVariantHelper,Rocks and Ore Boulders (POI),Камни и валуны руды (POI)
5760,ulmRopeVariantHelper,Rope (Climbable),Канат (Подъемный)
5761,ulmRubbleWoodBrickCementConcretePile,Rubble Pile,Куча обломков
5762,ulmSatelliteDishUnitVariantHelper,Satellite Dish,Спутниковая антенна
5763,ulmSchoolDeskVariantHelper,School Desk,Школьная парта
5764,ulmSchoolSeatVariantHelper,School Seat,Школьный стул
5765,ulmSchoolStackedSeatsVariantHelper,Stacked School Seats,Сложенные школьные стулья
5766,ulmScreenCurtainDividerVariantHelper,Screen Curtain Divider,Ширма
5767,ulmSecurityGatePlateVariantHelper,Security Gate,Защитные ворота
5768,ulmSignConsoleScreen,Console Screen,Экран консоли
5769,ulmSignConsoleScreenDesc,You can customize text displayed on this console.,"Вы можете настроить текст, отображаемый на этом экране."
5770,ulmSignConsoleScreenCentered,"Console Screen, Centered","Экран консоли, центрованный"
5771,ulmSignConsoleScreenCenteredDesc,You can customize text displayed on this console.,"Вы можете настроить текст, отображаемый на этом экране."
5772,ulmSignConsoleScreenVariantHelper,Console Screens,Экран консоли
5773,ulmSignConsoleScreenVariantHelperDesc,[decea3]Has multiple shapes[-]\nInformation consoles on which you can write your custom messages on.,"[decea3]Содержит несколько моделей[-]\nВы можете настроить текст, отображаемый на этом экране."
5774,ulmSignMonitorScreenStand,Info Screen,Инфоэкран
5775,ulmSignMonitorScreenStandDesc,You can customize text displayed on this screen.,"Вы можете настроить текст, отображаемый на этом экране."
5776,ulmSignMonitorScreenStandCentered,Info Screen,Инфоэкран
5777,ulmSignMonitorScreenStandCenteredDesc,You can customize text displayed on this screen.,"Вы можете настроить текст, отображаемый на этом экране."
5778,ulmSignMonitorScreenStandBottom,Info Screen,Инфоэкран
5779,ulmSignMonitorScreenStandBottomDesc,You can customize text displayed on this screen.,"Вы можете настроить текст, отображаемый на этом экране."
5780,ulmSignMonitorScreenSmallBottom,Info Screen,Инфоэкран
5781,ulmSignMonitorScreenSmallBottomDesc,You can customize text displayed on this screen.,"Вы можете настроить текст, отображаемый на этом экране."
5782,ulmSignMonitorScreenSmallCenter,Info Screen,Инфоэкран
5783,ulmSignMonitorScreenSmallCenterDesc,You can customize text displayed on this screen.,"Вы можете настроить текст, отображаемый на этом экране."
5784,ulmSignMonitorScreenSmallTop,Info Screen,Инфоэкран
5785,ulmSignMonitorScreenSmallTopDesc,You can customize text displayed on this screen.,"Вы можете настроить текст, отображаемый на этом экране."
5786,ulmSignMonitorScreenLargeBottom,Large Info Screen,Большой инфоэкран
5787,ulmSignMonitorScreenLargeBottomDesc,You can customize text displayed on this screen.,"Вы можете настроить текст, отображаемый на этом экране."
5788,ulmSignMonitorScreenLargeCenter,Large Info Screen,Большой инфоэкран
5789,ulmSignMonitorScreenLargeCenterDesc,You can customize text displayed on this screen.,"Вы можете настроить текст, отображаемый на этом экране."
5790,ulmSignMonitorScreenLargeTop,Large Info Screen,Большой инфоэкран
5791,ulmSignMonitorScreenLargeTopDesc,You can customize text displayed on this screen.,"Вы можете настроить текст, отображаемый на этом экране."
5792,ulmSignMonitorScreensVariantHelper,Info Screens,Инфоэкраны
5793,ulmSignMonitorScreensVariantHelperDesc,[decea3]Has multiple shapes[-]\nVarious information screens on which you can write your custom messages on.,"[decea3]Содержит несколько моделей[-]\nВы можете настроить текст, отображаемый на этом экране."
5794,ulmSignVariantHelper,Signs (POI),Таблички (POI)
5795,ulmSleeperFirefighter,Firefighter [Sleeper],Пожарный [Спящий]
5796,ulmSleeperScorpionBlood,Blood Scorpion [Sleeper],Кровавый скорпион [Спящий]
5797,ulmSleeperScorpionRadiatedBoss,Radiated Scorpion Boss [Sleeper],Босс радиоактивных скорпионов [Спящий]
5798,ulmSleeperVariantHelper,Sleeper Spawner (POI),Спавнер спящих (POI)
5799,ulmShippingContainerDoorWhite,Shipping Container Door White,Белая дверь грузового контейнера
5800,ulmShippingContainerDoorWhitePicked,Shipping Container Door White\n[808080](Picked)[-],Белая дверь грузового контейнера\n[808080](Взломано)[-]
5801,ulmShippingContainerDoorGreen,Shipping Container Door Green,Дверь контейнера 
5802,ulmShippingContainerDoorGreenPicked,Shipping Container Door Green\n[808080](Picked)[-],Дверь контейнера\n[808080](Взломана)[-]
5803,ulmShippingContainerDoorBlue,Shipping Container Door Blue,Дверь контейнера 
5804,ulmShippingContainerDoorBluePicked,Shipping Container Door Blue\n[808080](Picked)[-],Дверь контейнера\n[808080](Взломана)[-]
5805,ulmShippingContainerDoorOrange,Shipping Container Door Orange,Дверь контейнера
5806,ulmShippingContainerDoorOrangePicked,Shipping Container Door Orange\n[808080](Picked)[-],Дверь контейнера\n[808080](Взломана)[-]
5807,ulmShippingContainerVariantHelper,Shipping Container,Грузовой контейнер
5808,ulmSpotlightPOIVariantHelper,Spotlight (POI),Прожектор (POI)
5809,ulmSpotlightScrapPlayer,Scrap Spotlight,Прожектор из металлолома
5810,ulmStationArtisan_1,Artisan's Table,Стол ремесленника
5811,ulmStationArtisan_1Desc,Workplace for crafting various kinds of building and decorative blocks.,Рабочее место для изготовления различных видов строительных и декоративных блоков.
5812,ulmStationArtisan_2,Artisan's Table (Tier 2),Стол ремесленника (Ур. 2)
5813,ulmStationArtisan_2Desc,Improved workplace for crafting various kinds of building and decorative blocks.,Улучшенное рабочее место для создания различных видов строительных и декоративных блоков.
5814,ulmStationBallistics_1,Ballistics Table,Стол оружейника
5815,ulmStationBallistics_1Desc,"Workplace for handling, assembling and crafting ammo.","Рабочее место для обработки, сборки и изготовления патронов."
5816,ulmStationBallistics_2,Ballistics Table (Tier 2),Стол оружейника (Ур. 2)
5817,ulmStationBallistics_2Desc,"Workplace for handling, assembling and crafting ammo.",Рабочее место для сборки оружия и изготовления патронов.
5818,ulmStationCarpenter_1,Carpenter's Table,Стол плотника
5819,ulmStationCarpenter_1Desc,Workplace for crafting wood based items and furniture.,Рабочее место для изготовления предметов и мебели из дерева.
5820,ulmStationCarpenter_2,Carpenter's Table (Tier 2),Стол плотника (Ур. 2)
5821,ulmStationCarpenter_2Desc,[decea3]10%[-] Less Resources Used\n[decea3]15%[-] Faster Crafting. Less wasteful crafting: yield more resources.,[decea3]10%[-] меньше ресурсы используется\n[decea3]15%[-] быстрее Изготовление. меньше затратное Изготовление: дать больше ресурсы.
5822,ulmStationCarpenter_3,Carpenter's Table (Tier 3),Стол плотника (Ур. 3)
5823,ulmStationCarpenter_3Desc,[decea3]20%[-] Less Resources Used\n[decea3]30%[-] Faster Crafting. Less wasteful crafting: yield even more resources.,[decea3]20%[-] меньше ресурсы используется\n[decea3]30%[-] быстрее Изготовление. меньше затратное Изготовление: дать даже больше ресурсы.
5824,ulmStationCementMixerPowered,Cement Mixer,Бетономешалка
5825,ulmStationCementMixerPoweredDesc,"Helps you craft materials like concrete, gravel, stone or asphalt.","Помогает изготавливать такие материалы, как бетон, гравий, камень и асфальт."
5826,ulmStationChemistry_1,Chemistry Station,Химическая станция
5827,ulmStationChemistry_1Desc,Mix and brew all sorts of basic mixtures and chemicals.,Смешивать и варить всевозможные смеси и химикаты.
5828,ulmStationChemistry_2,Chemistry Station (Tier 2),Химическая станция (Ур. 2)
5829,ulmStationChemistry_2Desc,Mix and brew all sorts of advanced mixtures and chemicals.,Смешивайте и варите всевозможные продвинутые смеси и химикаты.
5830,ulmStationChemistry_3,Chemistry Station (Tier 3),Химическая станция (Ур. 3)
5831,ulmStationChemistry_3Desc,Mix and brew all sorts of most complex mixtures and chemicals.,Смешивайте и варите всевозможные продвинутые смеси и химикаты.
5832,ulmStationChemistryCollapsed,Collapsed Chemistry Station,Разрушенная химическая станция
5833,ulmStationChemistryCollapsedDesc,Mix and brew all sorts of mixtures and chemicals.,Смешивать и варить всевозможные смеси и химикаты.
5834,ulmStationChemistryRandomHelper,[Chemistry Station RH],[Химическая станция RH]
5835,ulmStationDataResequencerPowered,Data Resequencer,Ресеквенсор данных
5836,ulmStationDataResequencerPoweredDesc,Allows ability to resequence one form of Research Data into another form of Research Data.,Позволяет преобразовывать один вид исследовательских данных в другой.
5837,ulmStationEvent_1,Festivity Deco Station,Стол для декора
5838,ulmStationEvent_1Desc,Workplace for crafting various festivity event related decorations.,Рабочее место для изготовления различных праздничных украшений.
5839,ulmStationForge_1,Blacksmith's Forge,Кузница
5840,ulmStationForge_1Desc,Workplace for processing various metal bits and ingots.,Рабочее место для ковки мягких металлов.
5841,ulmStationForge_2,Blacksmith's Forge (Tier 2),Кузница (Ур. 2)
5842,ulmStationForge_2Desc,"Workplace for processing various metal bits and ingots, including steel.",Рабочее место для ковки металлов. Позволяет ковать сталь.
5843,ulmStationForge_3,Blacksmith's Forge (Tier 3),Кузница (Ур. 3)
5844,ulmStationForge_3Desc,"Workplace for processing various metal bits and ingots, including titanium.",Рабочее место для ковки металлов. Позволяет обрабатывать титан.
5845,ulmStationFurnace_1,Furnace,Горн
5846,ulmStationFurnace_1Desc,"Workplace for crafting metal ingots, bricks and cement.","Место для изготовления металлических слитков, кирпичей и цемента."
5847,ulmStationFurnace_2Powered,Electric Furnace,Электрическая плавильная печь
5848,ulmStationFurnace_2PoweredDesc,Allows smelting of Silver and Steel into ingots. Requires Power to function.,Позволяет выплавлять серебро и сталь в слитки. Для работы требуется электричество.
5849,ulmStationFurnace_3Powered,Blast Furnace,Доменная печь
5850,ulmStationFurnace_3PoweredDesc,"Allows smelting of Gold, Titanium and advanced alloys into ingots. Requires Power to function.","Позволяет выплавлять золото, титан и современные сплавы в слитки. Для работы требуется электричество."
5851,ulmStationItemChargerPowered,Charging Station,Зарядная станция
5852,ulmStationItemChargerPoweredDesc,"Allows you to charge handheld items or mods, that requires power charges to function.","Позволяет заряжать ручные предметы и модификации, которым для работы необходим запас энергии."
5853,ulmStationKiln_1,Kiln,Обжиговая печь
5854,ulmStationKiln_1Desc,Workplace for crafting Charcoal or Bricks.,Рабочее место для изготовления древесного угля и кирпичей.
5855,ulmStationMaintenance_1,Maintenance Station,Стол техобслуживания
5856,ulmStationMaintenance_1Desc,Allows repair and upgrade of items,Позволяет ремонтировать и модернизировать предметы
5857,ulmStationMaintenance_2,Maintenance Station (Tier 2),Стол техобслуживания (Ур. 2)
5858,ulmStationMaintenance_2Desc,Allows repair and upgrade of items,Позволяет ремонтировать и модернизировать предметы
5859,ulmStationMaintenance_3,Maintenance Station (Tier 3),Стол техобслуживания (Ур. 3)
5860,ulmStationMaintenance_3Desc,Allows repair and upgrade of items,Позволяет ремонтировать и модернизировать предметы
5861,ulmStationMaintenance_4,Maintenance Station (Tier 4),Стол техобслуживания (Ур. 4)
5862,ulmStationMaintenance_4Desc,Allows repair and upgrade of items,Позволяет ремонтировать и модернизировать предметы
5863,ulmStationMechanic_1,Mechanic's Table,Стол механика
5864,ulmStationMechanic_1Desc,"Workplace for making basic vehicles such as bicycles, minibikes, motorcycles, their parts and mods.","Рабочее место для изготовления основных транспортных средств, таких как велосипеды, минибайки, мотоциклы, их части и модификации."
5865,ulmStationMechanic_2,Mechanic's Table (Tier 2),Стол механика (Ур. 2)
5866,ulmStationMechanic_2Desc,"Workplace for making advanced vehicles such as cars, trucks, their parts and mods.","Рабочее место для изготовления продвинутых транспортных средств, таких как автомобили, грузовики, их детали и модификации."
5867,ulmStationMortarAndPestle_1,Mortar and Pestle,Ступка и пестик
5868,ulmStationMortarAndPestle_1Desc,Workplace for grinding down various items into powder.,Для измельчения различных предметов в порошок.
5869,ulmStationRecycler_1,Recycling Station,Переработчик
5870,ulmStationRecycler_1Desc,Workplace for breaking down items into their base components.,Место для разборки предметов на их базовые компоненты.
5871,ulmStationRepair_T,Trader's Repair Station,Ремонтная станция торговца
5872,ulmStationRepair_TDesc,Allows item repair for coin.,Ремонтирует предметы за монеты.
5873,ulmStationResearch_1,Research Station,Стол исследователя
5874,ulmStationResearch_1Desc,Workplace for researching tier 1 technologies and blueprints.,Рабочее место для исследования технологий и чертежей 1-го уровня.
5875,ulmStationResearch_2,Research Station (Tier 2),Стол исследователя (Ур. 2)
5876,ulmStationResearch_2Desc,Workplace for researching tier 2 technologies and blueprints.,Рабочее место для исследования технологий и чертежей 2-го уровня.
5877,ulmStationResearch_3,Research Station (Tier 3),Стол исследователя (Ур. 3)
5878,ulmStationResearch_3Desc,Workplace for researching tier 3 technologies and blueprints.,Рабочее место для исследования технологий и чертежей 3-го уровня.
5879,ulmStationSawbench_1,Circular Saw,Циркулярная пила
5880,ulmStationSawbench_1Powered,Sawbench,Пильный станок
5881,ulmStationSawbench_1PoweredDesc,"Allows processing of raw wood like logs into more useful materials, such as planks etc.","Позволяет перерабатывать необработанную древесину, например брёвна, в более полезные материалы, такие как доски."
5882,ulmStationSawbench_2Powered,Sawbench (Tier 2),Пильный станок (уровень 2)
5883,ulmStationSawbench_2PoweredDesc,"Allows processing of raw wood like logs into more useful materials, such as planks etc.","Позволяет перерабатывать необработанную древесину, например брёвна, в более полезные материалы, такие как доски."
5884,ulmStationSawbench_3Powered,Sawbench (Tier 3),Пильный станок (уровень 3)
5885,ulmStationSawbench_3PoweredDesc,"Allows processing of raw wood like logs into more useful materials, such as planks etc.","Позволяет перерабатывать необработанную древесину, например брёвна, в более полезные материалы, такие как доски."
5886,ulmStationStoveModernPowered,Powered Modern Stove,Современная электроплита
5887,ulmStationStoveModernPoweredDesc,"Cook fancy meals using this exceptionally modern style mediocre stove with a serviceable digital interface. Digital inputs make it slightly easier to use than the Retro Stove, but otherwise everything else is the same.","Готовьте сложные блюда на этой весьма современной, хотя и посредственной плите с вполне рабочим цифровым интерфейсом. Цифровое управление делает её немного удобнее ретро-плиты, но в остальном они одинаковы."
5888,ulmStationStoveRetroPowered,Powered Retro Stove,Электрическая ретро-плита
5889,ulmStationStoveRetroPoweredDesc,"Cook fancy meals using this exceptionally retro style mediocre stove. It's the cook, that matters, not the tools, right?","Готовьте сложные блюда на этой посредственной плите в выразительном ретро-стиле. В конце концов, главное — повар, а не инструменты, верно?"
5890,ulmStationStovePoweredVariantHelper,Powered Stove,Электроплита
5891,ulmStationStovePoweredVariantHelperDesc,"For more fancy meals a Campfire will not be enough, this is where a Powered Stove can come in very handy!",Для более сложных блюд одного костра уже недостаточно — здесь электроплита окажется очень кстати!
5892,ulmStationTableSawPowered,Table Saw,Настольная пила
5893,ulmStationTailor_1,Tailor's Station,Стол портного
5894,ulmStationTailor_1Desc,"Workplace for crafting fabric, clothing and armor.","Рабочее место для изготовления ткани, одежды и доспехов."
5895,ulmStationTailor_2,Tailor's Station (Tier 2),Портняжная станция (уровень 2)
5896,ulmStationTailor_2Desc,"Workplace for crafting fabric, clothing and armor.","Рабочее место для изготовления ткани, одежды и доспехов."
5897,ulmStationWorkbench_1,Workbench,Верстак
5898,ulmStationWorkbench_1Desc,Allows you to craft basic items or blocks.,Позволяет создавать основные предметы и блоки
5899,ulmStationWorkbench_2,Workbench (Tier 2),Верстак (Ур. 2)
5900,ulmStationWorkbench_2Desc,Allows you to craft improved and basic items or blocks.,Позволяет создавать улучшенные и базовые предметы или блоки.
5901,ulmStationWorkbench_3,Workbench (Tier 3),Верстак (Ур. 3)
5902,ulmStationWorkbench_3Desc,"Allows you to craft the most advanced, improved and basic items and blocks.","Позволяет создавать самые совершенные, улучшенные и базовые предметы и блоки."
5903,ulmStationWorkbenchCollapsed,Collapsed Workbench,Разрушенный верстак
5904,ulmStationWorkbenchCollapsedDesc,Allows you to craft more advanced items and blocks than with your bare hands.,"Позволяет создавать более совершенные предметы и блоки, нежели голыми руками."
5905,ulmStorageCardboard,Cardboard Box,Картонная коробка
5906,ulmStorageCardboardDesc,"It's not very durable, but at least it offers a basic place to store your junk.","Не очень прочная, но, по крайней мере, ваш хлам будет в одном месте."
5907,ulmStorageCardboardSigned,Signed Cardboard Box,Подписанная картонная коробка
5908,ulmStorageCardboardSignedDesc,"[decea3]Can be named, is lockable.[-]\nA basic box made out of Cardboard.",[decea3]Можно подписать и закрыть.[-]\nОбычная картонная коробка.
5909,ulmStorageCardboardVariantHelper,Cardboard Box,Картонная коробка
5910,ulmStorageCardboardVariantHelperDesc,"[decea3]Has multiple shapes[-]\nIt's not very durable, but at least it offers a basic place to store your junk.","[decea3]Содержит несколько моделей[-]\nНе очень прочная, но, по крайней мере, ваш хлам будет в одном месте."
5911,ulmStorageCloth,Cloth Sack,Тканевый мешок
5912,ulmStorageClothDesc,It's just some cloth wrapped around with some rope to form a basic storage sack.,"Это просто кусок ткани, обвязанный веревкой, чтобы получился мешок."
5913,ulmStorageClothSigned,Signed Cloth Sack,Подписанный тканевый мешок
5914,ulmStorageClothSignedDesc,"[decea3]Can be named, is lockable.[-]\nA Cloth Sack that you can name.","[decea3]Можно подписать и закрыть.[-]\nТканевый мешок, которому вы можете подписать."
5915,ulmStorageClothVariantHelper,Cloth Sack,Тканевый мешок
5916,ulmStorageClothVariantHelperDesc,[decea3]Has multiple shapes[-]\nIt's just some cloth wrapped around with some rope to form a basic storage sack.,"[decea3]Содержит несколько моделей[-]\nЭто просто кусок ткани, обвязанный веревкой, чтобы получился мешок."
5917,ulmStorageIronChest1,Iron Chest,Железный сундук
5918,ulmStorageIronChest1Desc,Very durable chest made out of Iron.,"Очень прочный сундук, сделанный из железа."
5919,ulmStorageIronChest1Secure,Secure Iron Chest,Железный сундук с замком
5920,ulmStorageIronChest1SecureDesc,[decea3]Can be locked.[-]\nVery durable chest made out of Iron.,"[decea3]Может быть закрыт.[-]\nОчень прочный сундук, сделанный из железа."
5921,ulmStorageIronChest1Signed,Signed Iron Chest,Подписанный железный сундук
5922,ulmStorageIronChest1SignedDesc,"[decea3]Can be named, is lockable.[-]\nVery durable chest made out of Iron.","[decea3]Можно подписать и закрыть.[-]\nОчень прочный сундук, сделанный из железа."
5923,ulmStorageIronCrate1,Iron Crate,Железный ящик
5924,ulmStorageIronCrate1Desc,Very durable container made out of Iron.,"Очень прочный контейнер, сделанный из железа."
5925,ulmStorageIronCrate1Signed,Signed Iron Crate,Подписанный железный ящик
5926,ulmStorageIronCrate1SignedDesc,"[decea3]Can be named, is lockable.[-]\nVery durable container made out of Iron.","[decea3]Можно подписать и закрыть.[-]\nОчень прочный контейнер, сделанный из железа."
5927,ulmStorageIronCrate2,Iron Crate,Железный ящик
5928,ulmStorageIronCrate2Desc,Very durable container made out of Iron Plating.,"Очень прочный контейнер, сделанный из железа."
5929,ulmStorageIronCrate2Secure,Secure Iron Crate,Железный ящик с замком
5930,ulmStorageIronCrate2SecureDesc,[decea3]Can be locked.[-]\nVery durable container made out of Iron.,"[decea3]Может быть закрыт.[-]\nОчень прочный контейнер, сделанный из железа."
5931,ulmStorageIronCrate2Signed,Signed Iron Crate,Подписанный железный ящик
5932,ulmStorageIronCrate2SignedDesc,"[decea3]Can be named, is lockable.[-]\nVery durable container made out of Iron.","[decea3]Можно подписать и закрыть.[-]\nОчень прочный контейнер, сделанный из железа."
5933,ulmStorageIronBarrel1,Iron Barrel,Железная бочка
5934,ulmStorageIronBarrel1Desc,Very durable and spacious round container made out of Iron.,"Очень прочный и вместительный круглый контейнер, сделанный из железа."
5935,ulmStorageIronBarrel1Secure,Secure Iron Barrel,Железная бочка с замком
5936,ulmStorageIronBarrel1SecureDesc,[decea3]Can be locked.[-]\nVery durable and spacious round container made out of Iron.,"[decea3]Может быть закрыт.[-]\nОчень прочный и вместительный круглый контейнер, сделанный из железа."
5937,ulmStorageIronBarrel1Signed,Signed Iron Barrel,Подписанная железная бочка
5938,ulmStorageIronBarrel1SignedDesc,"[decea3]Can be named, is lockable.[-]\nVery durable and spacious round container made out of Iron.","[decea3]Можно подписать и закрыть.[-]\nОчень прочный и вместительный круглый контейнер, сделанный из железа."
5939,ulmStorageIronBarrel2,Iron Barrels,Железная бочка
5940,ulmStorageIronBarrel2Desc,Very durable and spacious stack of round containers made out of Iron.,"Очень прочный и вместительный круглый контейнер, сделанный из железа."
5941,ulmStorageIronBarrel2Secure,Secure Iron Barrels,Железная бочка с замком
5942,ulmStorageIronBarrel2SecureDesc,[decea3]Can be locked.[-]\nVery durable and spacious stack of round containers made out of Iron.,"[decea3]Может быть закрыт.[-]\nОчень прочный и вместительный круглый контейнер, сделанный из железа."
5943,ulmStorageIronVariantHelper,Iron Storage,Железное хранилище
5944,ulmStorageIronVariantHelperDesc,[decea3]Has multiple shapes[-]\nVarious storage solutions made out of Iron.,"[decea3]Содержит несколько моделей[-]\nРазличные решения для хранения, изготовленных из железа."
5945,ulmStorageIronDoubleCrate1,Large Iron Crate,Большой железный ящик
5946,ulmStorageIronDoubleCrate1Desc,Very durable and spacious container made out of Iron Plating.,"Очень прочный и вместительный контейнер, изготовленный из железа."
5947,ulmStorageIronDoubleCrate1Signed,Large Signed Iron Crate,Подписанный большой железный ящик
5948,ulmStorageIronDoubleCrate1SignedDesc,"[decea3]Can be named, is lockable.[-]\nVery durable and spacious container made out of Iron.","[decea3]Можно подписать и закрыть.[-]\nОчень прочный и вместительный контейнер, изготовленный из железа."
5949,ulmStorageIronDoubleCrate2,Large Iron Crate,Большой железный ящик
5950,ulmStorageIronDoubleCrate2Desc,Very durable and spacious container made out of Iron Plating.,"Очень прочный и вместительный контейнер, изготовленный из железа."
5951,ulmStorageIronDoubleCrate2Secure,Large Secure Iron Crate,Большой железный ящик с замком
5952,ulmStorageIronDoubleCrate2SecureDesc,[decea3]Can be locked.[-]\nVery durable and spacious container made out of Iron.,"[decea3]Может быть закрыт.[-]\nОчень прочный и вместительный контейнер, изготовленный из железа."
5953,ulmStorageIronDoubleCrate2Signed,Large Signed Iron Crate,Подписанный большой железный ящик
5954,ulmStorageIronDoubleCrate2SignedDesc,"[decea3]Can be named, is lockable.[-]\nVery durable and spacious container made out of Iron.","[decea3]Можно подписать и закрыть.[-]\nОчень прочный и вместительный контейнер, изготовленный из железа."
5955,ulmStorageIronDoubleVariantHelper,Large Iron Storage,Большой железный ящик
5956,ulmStorageIronDoubleVariantHelperDesc,[decea3]Has multiple shapes[-]\nVarious spacious storage solutions made out of Iron.,"[decea3]Содержит несколько моделей[-]\nОчень прочный и вместительный контейнер, изготовленный из железа."
5957,ulmStorageLootPileVariantHelper,Loot Pile,Куча добычи
5958,ulmStorageSteelCrate1,Steel Crate,Стальной ящик
5959,ulmStorageSteelCrate1Desc,A tough and spacious container made out of Steel.,"Прочный и вместительный контейнер, изготовленный из стали."
5960,ulmStorageSteelCrate1Secure,Secure Steel Crate,Стальной ящик с замком
5961,ulmStorageSteelCrate1SecureDesc,[decea3]Can be locked.[-]\nA tough and spacious container made out of Steel.,"[decea3]Может быть закрыт.[-]\nПрочный и вместительный контейнер, изготовленный из стали."
5962,ulmStorageSteelCrate1Signed,Signed Steel Crate,Подписанный стальной ящик
5963,ulmStorageSteelCrate1SignedDesc,"[decea3]Can be named, is lockable.[-]\nA tough and spacious container made out of Steel.","[decea3]Можно подписать и закрыть.[-]\nПрочный и вместительный контейнер, изготовленный из стали."
5964,ulmStorageSteelBarrel1,Steel Barrel,Стальная бочка
5965,ulmStorageSteelBarrel1Desc,A tough and spacious container made out of Steel.,"Прочный и вместительный контейнер, изготовленный из стали."
5966,ulmStorageSteelBarrel1Secure,Secure Steel Barrel,Стальная бочка с замком
5967,ulmStorageSteelBarrel1SecureDesc,[decea3]Can be locked.[-]\nA tough and spacious container made out of Steel.,"[decea3]Может быть закрыт.[-]\nПрочный и вместительный контейнер, изготовленный из стали."
5968,ulmStorageSteelVariantHelper,Steel Storage,Стальное хранилище
5969,ulmStorageSteelVariantHelperDesc,[decea3]Has multiple shapes[-]\nVarious storage solutions made out of Steel.,"[decea3]Содержит несколько моделей[-]\nПрочный и вместительный контейнер, изготовленный из стали."
5970,ulmStorageSteelDoubleCrate1,Large Steel Storage,Большое стальное хранилище
5971,ulmStorageSteelDoubleCrate1Desc,A tough and very spacious container made out of Steel.,"Прочный и вместительный контейнер, изготовленный из стали."
5972,ulmStorageSteelDoubleCrate1Secure,Large Secure Steel Storage,Большое стальное хранилище с замком
5973,ulmStorageSteelDoubleCrate1SecureDesc,[decea3]Can be locked.[-]\nA tough and spacious container made out of Steel.,"[decea3]Может быть закрыт.[-]\nПрочный и вместительный контейнер, изготовленный из стали."
5974,ulmStorageSteelDoubleCrate1Signed,Large Signed Steel Storage,Подписанное большое стальное хранилище
5975,ulmStorageSteelDoubleCrate1SignedDesc,"[decea3]Can be named, is lockable.[-]\nA tough and spacious container made out of Steel.","[decea3]Можно подписать и закрыть.[-]\nПрочный и вместительный контейнер, изготовленный из стали."
5976,ulmStorageSteelDoubleCrate2,Large Steel Storage,Большое стальное хранилище
5977,ulmStorageSteelDoubleCrate2Desc,A tough and very spacious container made out of Steel.,"Прочный и вместительный контейнер, изготовленный из стали."
5978,ulmStorageSteelDoubleCrate2Secure,Large Secure Steel Storage,Большое стальное хранилище с замком
5979,ulmStorageSteelDoubleCrate2SecureDesc,[decea3]Can be locked.[-]\nA tough and spacious container made out of Steel.,"[decea3]Может быть закрыт.[-]\nПрочный и вместительный контейнер, изготовленный из стали."
5980,ulmStorageSteelDoubleCrate2Signed,Large Signed Steel Storage,Подписанное большое стальное хранилище
5981,ulmStorageSteelDoubleCrate2SignedDesc,"[decea3]Can be named, is lockable.[-]\nA tough and spacious container made out of Steel.","[decea3]Можно подписать и закрыть.[-]\nПрочный и вместительный контейнер, изготовленный из стали."
5982,ulmStorageSteelDoubleVariantHelper,Large Steel Storage,Большое стальное хранилище
5983,ulmStorageSteelDoubleVariantHelperDesc,[decea3]Has multiple shapes[-]\nVarious spacious storage solutions made out of Steel.,"[decea3]Содержит несколько моделей[-]\nРазличные вместительные системы хранения, изготовленных из стали."
5984,ulmStorageTank,Storage Tank,Емкость для хранения
5985,ulmStorageTitaniumCrate1,Titanium Crate,Титановый ящик
5986,ulmStorageTitaniumCrate1Desc,A very tough and spacious container made out of Titanium.,"Очень прочный и вместительный контейнер, изготовленный из титана."
5987,ulmStorageTitaniumCrate1Secure,Secure Titanium Crate,Титановый ящик с замком
5988,ulmStorageTitaniumCrate1SecureDesc,[decea3]Can be locked.[-]\nA very tough and spacious container made out of Titanium.,"[decea3]Может быть закрыт.[-]\nОчень прочный и вместительный контейнер, изготовленный из титана."
5989,ulmStorageTitaniumCrate1Signed,Signed Titanium Crate,Подписанный титановый ящик
5990,ulmStorageTitaniumCrate1SignedDesc,"[decea3]Can be named, is lockable.[-]\nA very tough and spacious container made out of Titanium.","[decea3]Можно подписать и закрыть.[-]\nОчень прочный и вместительный контейнер, изготовленный из титана."
5991,ulmStorageTitaniumBarrel1,Titanium Barrel,Титановая бочка
5992,ulmStorageTitaniumBarrel1Desc,A very tough and spacious container made out of Titanium.,"Очень прочный и вместительный контейнер, изготовленный из титана."
5993,ulmStorageTitaniumBarrel1Secure,Secure Titanium Barrel,Титановая бочка
5994,ulmStorageTitaniumBarrel1SecureDesc,[decea3]Can be locked.[-]\nA very tough and spacious container made out of Titanium.,"[decea3]Может быть закрыт.[-]\nОчень прочный и вместительный контейнер, изготовленный из титана."
5995,ulmStorageTitaniumBarrel1Signed,Signed Titanium Barrel,Подписанная титановая бочка
5996,ulmStorageTitaniumBarrel1SignedDesc,"[decea3]Can be named, is lockable.[-]\nA very tough and spacious container made out of Titanium.","[decea3]Можно подписать и закрыть.[-]\nОчень прочный и вместительный контейнер, изготовленный из титана."
5997,ulmStorageTitaniumVariantHelper,Titanium Storage,Титановое хранилище
5998,ulmStorageTitaniumVariantHelperDesc,[decea3]Has multiple shapes[-]\nVarious storage solutions made out of Titanium.,"[decea3]Содержит несколько моделей[-]\nРазличные решения для хранения, изготовленных из титана."
5999,ulmStorageTitaniumDoubleCrate1,Large Titanium Storage,Большое титановое хранилище
6000,ulmStorageTitaniumDoubleCrate1Desc,A very tough and very spacious container made out of Titanium.,"Очень прочный и очень вместительный контейнер, изготовленный из титана."
6001,ulmStorageTitaniumDoubleCrate1Secure,Large Secure Titanium Storage,Большое титановое хранилище
6002,ulmStorageTitaniumDoubleCrate1SecureDesc,[decea3]Can be locked.[-]\nA tough and spacious container made out of Titanium.,"[decea3]Может быть закрыт.[-]\nОчень прочный и очень вместительный контейнер, изготовленный из титана."
6003,ulmStorageTitaniumDoubleCrate1Signed,Large Signed Titanium Storage,Большое подписанные титановое хранилище
6004,ulmStorageTitaniumDoubleCrate1SignedDesc,"[decea3]Can be named, is lockable.[-]\nA tough and spacious container made out of Titanium.","[decea3]Можно подписать и закрыть.[-]\nПрочный и вместительный контейнер, изготовленный из титана."
6005,ulmStorageTitaniumDoubleCrate2,Large Titanium Storage,Большое титановое хранилище
6006,ulmStorageTitaniumDoubleCrate2Desc,A tough and very spacious container made out of Titanium.,"Очень прочный и очень вместительный контейнер, изготовленный из титана."
6007,ulmStorageTitaniumDoubleCrate2Secure,Large Secure Titanium Storage,Большое титановое хранилище
6008,ulmStorageTitaniumDoubleCrate2SecureDesc,[decea3]Can be locked.[-]\nA tough and spacious container made out of Titanium.,"[decea3]Может быть закрыт.[-]\nОчень прочный и очень вместительный контейнер, изготовленный из титана."
6009,ulmStorageTitaniumDoubleCrate2Signed,Large Signed Titanium Storage,Подписанное большое титановое хранилище
6010,ulmStorageTitaniumDoubleCrate2SignedDesc,"[decea3]Can be named, is lockable.[-]\nA tough and spacious container made out of Titanium.","[decea3]Можно подписать и закрыть.[-]\nОчень прочный и очень вместительный контейнер, изготовленный из титана."
6011,ulmStorageTitaniumDoubleVariantHelper,Large Titanium Storage,Большое титановое хранилище
6012,ulmStorageTitaniumDoubleVariantHelperDesc,[decea3]Has multiple shapes[-]\nVarious spacious storage solutions made out of Titanium.,[decea3]Содержит несколько моделей[-]\nРазличные вместительные системы хранения из титана.
6013,ulmStorageWoodChest1,Wood Chest,Деревянный сундук
6014,ulmStorageWoodChest1Desc,A sturdy chest made out of Wood.,Прочный сундук из дерева.
6015,ulmStorageWoodChest1Secure,Secure Wood Chest,Деревянный сундук
6016,ulmStorageWoodChest1SecureDesc,[decea3]Can be locked.[-]\nDurable chest made out of Wood.,[decea3]Может быть закрыт.[-]\nПрочный сундук из дерева.
6017,ulmStorageWoodChest1Signed,Signed Wood Chest,Подписанный деревянный сундук
6018,ulmStorageWoodChest1SignedDesc,"[decea3]Can be named, is lockable.[-]\nA sturdy chest made out of Wood.",[decea3]Можно подписать и закрыть.[-]\nПрочный сундук из дерева.
6019,ulmStorageWoodChest2,Wood Chest,Деревянный сундук
6020,ulmStorageWoodChest2Desc,A sturdy chest made out of primarily Wood and some decorative Metal elements.,"Прочный сундук, сделанный в из дерева и декором из металла."
6021,ulmStorageWoodChest2Secure,Secure Wood Chest,Деревянный сундук
6022,ulmStorageWoodChest2SecureDesc,[decea3]Can be locked.[-]\nDurable chest made out of Wood.,[decea3]Может быть закрыт.[-]\nПрочный сундук из дерева.
6023,ulmStorageWoodChest2Signed,Signed Wood Chest,Подписанный деревянный сундук
6024,ulmStorageWoodChest2SignedDesc,"[decea3]Can be named, is lockable.[-]\nA sturdy chest made out of primarily Wood and some decorative Metal elements.","[decea3]Можно подписать и закрыть.[-]\nПрочный сундук, сделанный в из дерева и декором из металла."
6025,ulmStorageWoodChest3,Wood Chest,Деревянный сундук
6026,ulmStorageWoodChest3Desc,A sturdy chest made out of primarily Wood and some decorative Metal elements.,"Прочный сундук, сделанный в основном из дерева и некоторых декоративных металлических элементов."
6027,ulmStorageWoodChest3Secure,Secure Wood Chest,Деревянный сундук с замком
6028,ulmStorageWoodChest3SecureDesc,[decea3]Can be locked.[-]\nDurable chest made out of Wood.,[decea3]можно locked.[-]\nпрочный сундук изготовлен из дерево.
6029,ulmStorageWoodChest3Signed,Signed Wood Chest,Подписанный деревянный сундук
6030,ulmStorageWoodChest3SignedDesc,"[decea3]Can be named, is lockable.[-]\nA sturdy chest made out of primarily Wood and some decorative Metal elements.","[decea3]Можно подписать и закрыть.[-]\nПрочный сундук, изготовленный в основном из дерева и некоторых декоративных металлических элементов."
6031,ulmStorageWoodCrate1,Wood Crate,Деревянный ящик
6032,ulmStorageWoodCrate1Desc,A sturdy crate made out of Wood.,Прочный ящик из дерева.
6033,ulmStorageWoodCrate1Secure,Secure Wood Crate,Деревянный сундук
6034,ulmStorageWoodCrate1SecureDesc,[decea3]Can be locked.[-]\nDurable crate made out of Wood.,[decea3]Может быть закрыт.[-]\nПрочный сундук из дерева.
6035,ulmStorageWoodCrate1Signed,Signed Wood Crate,Подписанный деревянный ящик
6036,ulmStorageWoodCrate1SignedDesc,"[decea3]Can be named, is lockable.[-]\nA basic box made out of Wood.",[decea3]Можно подписать и закрыть.[-]\nПрочный ящик из дерева.
6037,ulmStorageWoodVariantHelper,Wood Storage,Деревянное хранилище
6038,ulmStorageWoodVariantHelperDesc,[decea3]Has multiple shapes[-]\nVarious storage solutions made out of Wood.,[decea3]Содержит несколько моделей[-]\nРазличные решения для хранения из дерева.
6039,ulmStreetLight01Player,Street Light,Фонарь
6040,ulmStreetLight02Player,Street Light Double,Фонарь двойной
6041,ulmStreetLight03Player,Street Light Triple,Фонарь тройной
6042,ulmStreetLight04Player,Street Light Quad,Фонарь четверной
6043,ulmStreetLightVariantHelper,Street Light,Фонарь
6044,ulmTableUmbrellaVariantHelper,Umbrella Table,Стол с зонтом
6045,ulmTankPropaneVariantHelper,Large Propane Tank,Большой баллон с пропаном
6046,ulmTarpFenceVariantHelper,Tarp Fence,Ограда из брезента
6047,ulmTarpVariantHelper,Hanging Tarp,Висящий брезент
6048,ulmTentBiohazardVariantHelper,Modular Tent,Модульная палатка
6049,ulmTerrDestroyedPaperDebris,Destroyed Paper Debris,Разрушенные бумажные обломки
6050,ulmTheaterSeatVariantHelper,Theater Seat,Театральное кресло
6051,ulmTraderSpawnerVariantHelper,Trader Spawner (POI),Спавнер торговца (POI)
6052,ulmTrapBarbedWireVariantHelper,Barbed Wire,Колючая проволока
6053,ulmTrapBarbedWireVariantHelperDesc,More formidable defensive installation of barbed wire. Comes in multiple shapes and sizes.,Более серьёзное оборонительное заграждение из колючей проволоки. Доступно в нескольких формах и размерах.
6054,ulmTrapFlamethrowerPowered,Flamethrower Trap,Огнемётная ловушка
6055,ulmTrapFlamethrowerPoweredDesc,"Unleash the pyromaniac in yourself by using this trap, setting a blaze anyone who would cross paths with it. Requires power and fuel to function.","Разбудите в себе пиромана: эта ловушка подожжёт любого, кто окажется на её пути. Для работы требуются электричество и топливо."
6056,ulmTrapGlassBusinessVariantHelper,Business Glass (Trap),Витринное стекло(ловушка)
6057,ulmTrapGlassBusinessVariantHelperDesc,A false floor trap that will disintegrate when stepped on.,"Фальшивый пол-ловушка, который распадается, если на него наступить."
6058,ulmTrapSpikesPowered,Powered Spikes Trap,Ловушка с шипами
6059,ulmTrapSpikesPoweredDesc,"Have built in sensors, that when powered trigger internal servos and pistons to quickly push out deadly metal spikes.","Имеет встроенные датчики, которые при подаче питания запускают внутренние поршни, чтобы быстро выталкивать смертоносные металлические шипы."
6060,ulmTrapSpikesSteelDmg0,Steel Spikes,Стальные шипы
6061,ulmTrapSpikesSteelDmg0Desc,"Better than Iron Spikes with sharper edges, higher durability and explosion resistance.","Лучше железных шипов: острее, прочнее и устойчивее к взрывам."
6062,ulmTrapSpikesSteelDmg1,Steel Spikes (DMG 1),Стальные шипы (DMG 1)
6063,ulmTrapSpikesSteelDmg2,Steel Spikes (DMG 2),Стальные шипы (DMG 2)
6064,ulmTrapSpikesTitaniumDmg0,Titanium Spikes,Титановые шипы
6065,ulmTrapSpikesTitaniumDmg0Desc,"One of the most durable, explosion resistance and high damage output spikes you can craft.","Одни из самых прочных, устойчивых к взрывам и наносящих большой урон шипов, которые можно изготовить."
6066,ulmTrapSpikesTitaniumDmg1,Titanium Spikes (DMG 1),Титановые шипы (DMG 1)
6067,ulmTrapSpikesTitaniumDmg2,Titanium Spikes (DMG 2),Титановые шипы (DMG 2)
6068,ulmTrapSpikesPOIVariantHelper,Spikes (POI),Шипы (POI)
6069,ulmTreeStumpDriftwoodVariantHelper,"Trees, Stumps, Driftwood (POI)","Деревья, пни и плавник (POI)"
6070,ulmTrophyVariantHelper,Trophy,Трофей
6071,ulmTvCRTPlayer,CRT TV,Кинескопный телевизор
6072,ulmWallClockVariantHelper,Wall Clock,Настенные часы
6073,ulmWaterHeaterVariantHelper,Water Heater,Водонагреватель
6074,ulmWaterTankLargeWhite,Large Liquid Tank (White),Большой бак для жидкости (белый)
6075,ulmWaterTankLargeWhiteDesc,"Spacious liquid tank, that can store large quantities of liquids.","Вместительный бак, способный хранить большие объёмы жидкости."
6076,ulmWaterTankLargeBlue,Large Liquid Tank (Blue),Большой бак для жидкости (синий)
6077,ulmWaterTankLargeBlueDesc,"Spacious liquid tank, that can store large quantities of liquids.","Вместительный бак, способный хранить большие объёмы жидкости."
6078,ulmWaterTankLargeGreen,Large Liquid Tank (Green),Большой бак для жидкости (зелёный)
6079,ulmWaterTankLargeGreenDesc,"Spacious liquid tank, that can store large quantities of liquids.","Вместительный бак, способный хранить большие объёмы жидкости."
6080,ulmWheelchairVariantHelper,Wheelchair,Инвалидное кресло
6081,ulmWindowPlugWoodVariantHelper,Wooden Window Plug,Деревянная заглушка окна
6082,ulmWineBarrelVariantHelper,Wine Barrel,Винная бочка
6083,ulmWireRelay,Wire Relay,Реле проводки
6084,cars3WideRandomHelper,Cars 3 Wide | Random Helper,"Автомобили, 3 в ряд | Случайный вариант"
6085,carsRandomHelper,Cars | Random Helper,Автомобили | Случайный вариант
6086,carWrecksRandomHelper,Car Wrecks | Random Helper,Обломки автомобилей | Случайный вариант
6087,cntCar03SedanDamage0RandomHelper,Full Car/Air | Random Helper,Целый автомобиль / воздушный | Случайный вариант
6088,cntCar03SedanDamage0v01,Sedan,седан
6089,cntCar03SedanDamage0v02,Sedan,седан
6090,cntCar03SedanDamage0v03,Sedan,седан
6091,cntCar03SedanDamage0v04,Sedan,седан
6092,cntCar03SedanDamage0v05,Sedan,седан
6093,cntCar03SedanDamage0v06,Sedan,седан
6094,cntCar03SedanDamage0v07,Sedan,седан
6095,cntCar03SedanDamage0v08,Sedan,седан
6096,cntCar03SedanDamage1RandomHelper,2nd Stage Car/Air | Random Helper,"Автомобиль, стадия 2 / воздушный | Случайный вариант"
6097,cntCar03SedanDamage2RandomHelper,Wrecked Car/Air | Random Helper,Разбитый автомобиль / воздушный | Случайный вариант
6098,cntSUV01RandomHelper,SUV | Random Helper,внедорожник | Случайный вариант
6099,cntSUV01AirRandomHelper,SUV / Air | Random Helper,внедорожник / воздушный | Случайный вариант
6100,cntSUV3Wide01RandomHelper,3 Wide SUV | Random Helper,3 внедорожника в ряд | Случайный вариант
6101,abandonedSUV01RandomHelper,Abandoned SUV | Random Helper,заброшенный внедорожник | Случайный вариант
6102,abandonedSUV01DoorsRandomHelper,Abandoned SUV Doors | Random Helper,заброшенный внедорожник Двери | Случайный вариант
6103,abandonedSUV3Wide01RandomHelper,Abandoned 3 Wide | Random Helper,заброшенный 3 широкий | Случайный вариант
6104,abandonedSUV3Wide01DoorsRandomHelper,Abandoned 3 Wide SUV Doors | Random Helper,Двери заброшенных 3 внедорожников в ряд | Случайный вариант
6105,ulmVehicleAmbulance02,Ambulance,Скорая
6106,ulmVehicleAmbulance02Lootable,Ambulance,Скорая
6107,ulmVehicleAmbulance02RandomHelper,Ambulance | Random Helper,Скорая помощь | Случайный вариант
6108,ulmVehicleHelicopterDH,DH-800,DH-800
6109,ulmVehicleHelicopterDH1,DH-800,DH-800
6110,ulmVehicleHelicopterDH2,DH-800,DH-800
6111,ulmVehicleHelicopterDH3,DH-800,DH-800
6112,ulmVehicleHelicopterDH4,DH-800,DH-800
6113,ulmVehicleHelicopterDH5,DH-800,DH-800
6114,ulmVehicleHelicopterDH6,DH-800,DH-800
6115,ulmVehicleHelicopterDH7,DH-800,DH-800
6116,ulmVehicleGyrocopterBasic,Sparrow,Воробей
6117,ulmVehicleGyrocopterBasicDesc,Drivable vehicle. Use secondary action to place it in the world.,"Управляемое транспортное средство. Используйте вторичное действие, чтобы разместить."
6118,ulmResourceGyrocopterChassis,Sparrow Chassis,Шасси «Воробья»
6119,ulmResourceGyrocopterChassisDesc,Chassis for Sparrow gyrocopter flying vehicle.,Шасси для летающего гирокоптера «Воробей».
6120,ulmResourceGyrocopterAccessories,Sparrow Accessories,Комплектующие «Воробья»
6121,ulmResourceGyrocopterAccessoriesDesc,Accessories for Sparrow gyrocopter flying vehicle.,Комплектующие для летающего гирокоптера «Воробей».
6122,ulmResourceGyrocopterControlSurfaces,Sparrow Control Surfaces,Рулевые поверхности «Воробья»
6123,ulmResourceGyrocopterControlSurfacesDesc,Control Surfaces for Sparrow gyrocopter flying vehicle.,Рулевые поверхности для летающего гирокоптера «Воробей».
6124,vehicleGyrocopterPlaceable,Scout,Гирокоптер «Скаут»
6125,vehicleGyrocopterPlaceableDesc,Drivable vehicle. Use secondary action to place it in the world.,"Управляемое транспортное средство. Используйте вторичное действие, чтобы разместить."
6126,vehicleGyroCopterChassis,Scout Chassis,Шасси «Скаута»
6127,vehicleGyroCopterChassisDesc,Chassis for Scout gyrocopter flying vehicle.,Шасси для летающего гирокоптера «Скаут».
6128,vehicleGyroCopterAccessories,Scout Accessories,Комплектующие «Скаута»
6129,vehicleGyroCopterAccessoriesDesc,Accessories for Scout gyrocopter flying vehicle.,Комплектующие для летающего гирокоптера «Скаут».
6130,ulmVehicleHelicopterRaven,Raven,Ворон
6131,ulmVehicleMineCart,Mining Cart,Шахтёрская тележка
6132,ulmVehicleMineCartBlueprint,Mining Cart,Шахтёрская тележка
6133,ulmVehicleMiningDumpTruck,Mining Dump Truck,Карьерный самосвал
6134,ulmVehicleMuscleCar01,Phantom,Фантом
6135,ulmVehicleMuscleCar01White,Phantom,Фантом
6136,ulmVehicleMuscleCar01WhiteStripe,Phantom,Фантом
6137,ulmVehicleMuscleCar01Black,Phantom,Фантом
6138,ulmVehicleMuscleCar01BlackStripe,Phantom,Фантом
6139,ulmVehicleMuscleCar01Blue,Phantom,Фантом
6140,ulmVehicleMuscleCar01BlueStripe,Phantom,Фантом
6141,ulmVehicleMuscleCar01Gray,Phantom,Фантом
6142,ulmVehicleMuscleCar01GrayStripe,Phantom,Фантом
6143,ulmVehicleMuscleCar01Red,Phantom,Фантом
6144,ulmVehicleMuscleCar01RedStripe,Phantom,Фантом
6145,ulmVehicleMuscleCar01Yellow,Phantom,Фантом
6146,ulmVehicleMuscleCar01YellowStripe,Phantom,Фантом
6147,ulmVehicleMuscleCar01Lootable,Phantom | Random Spawner,Фантом | Случайный спавнер
6148,ulmVehicleMuscleCar01Secure,Secure Phantom | Random Spawner,Защищённый Фантом | Случайный спавнер
6149,ulmVehicleMuscleCar01Wrecked,Wrecked Phantom | Random Spawner,Разбитый Фантом | Случайный спавнер
6150,ulmVehiclePoliceCruiser,Police Cruiser,Полицейский крузер
6151,ulmVehiclePoliceCruiserLootable,Police Cruiser | Random Spawner,Полицейский автомобиль | Случайный спавнер
6152,ulmVehiclePoliceCruiserWrecked,Wrecked Police Cruiser | Random Spawner,Разбитый полицейский автомобиль | Случайный спавнер
6153,ulmVehiclePoliceCruiserSecure,Secure Police Cruiser | Random Spawner,Защищённый полицейский автомобиль | Случайный спавнер
6154,ulmVehiclePoliceCruiserRandomHelper,Police Cruiser | Random Helper,полицейский крейсер | Случайный вариант
6155,ulmVehicleDuneRunner,Dune Runner,Багги
6156,ulmVehicleDuneRunnerDesc,"Fast, light and agile all-terrain 4x4 scout vehicle with limited cargo space, but speed of a motorcycle.","Быстрая, лёгкая и маневренная вездеходная машина 4x4 с малой грузоподъёмностью, но скоростью мотоцикла."
6157,ulmVehicleSedan,Sedan,Седан
6158,ulmVehicleSedan01Lootable,Sedan 01 (Random Spawner),Седан 01 (Случайный спавнер)
6159,ulmVehicleSedan01CrumpledFront,"Sedan 01 (Crumpled Front, Random Spawner)","Седан 01 (Смятый передок, Случайный спавнер)"
6160,ulmVehicleSedan03,Sedan 03,седан 03
6161,ulmVehicleSedan03White,Sedan 03,седан 03
6162,ulmVehicleSedan03Black,Sedan 03,седан 03
6163,ulmVehicleSedan03Police,Sedan 03,Седан 03
6164,ulmVehicleSedan03Yellow,Sedan 03,седан 03
6165,ulmVehicleSedan03Green,Sedan 03,седан 03
6166,ulmVehicleSedan03Mixed,Sedan 03,седан 03
6167,ulmVehicleSedan03Red,Sedan 03,седан 03
6168,ulmVehicleSedan03Blue,Sedan 03,седан 03
6169,ulmVehicleSedan03Lootable,Sedan 03 | Random Spawner,Седан 03 | Случайный спавнер
6170,ulmVehicleSedan03Wide,3 Wide Sedan 03 | Random Spawner,"Седан 03, ширина 3 | Случайный спавнер"
6171,ulmVehicleSedan03Secure,Secure Sedan 03 | Random Spawner,Защищённый Седан 03 | Случайный спавнер
6172,ulmVehicleSedan03SecureWide,3 Wide Sedan 03 | Random Spawner,"Седан 03, ширина 3 | Случайный спавнер"
6173,ulmVehicleSedan03Damaged,Damaged Sedan 03 | Random Spawner,Повреждённый Седан 03 | Случайный спавнер
6174,ulmVehicleSedan03Wrecked,Wrecked Sedan 03 | Random Spawner,Разбитый Седан 03 | Случайный спавнер
6175,ulmVehicleSedan04,Sedan,Седан
6176,ulmVehicleSedan04White,Sedan,Седан
6177,ulmVehicleSedan04Black,Sedan,Седан
6178,ulmVehicleSedan04Beige,Sedan,Седан
6179,ulmVehicleSedan04Blue,Sedan,Седан
6180,ulmVehicleSedan04Green,Sedan,Седан
6181,ulmVehicleSedan04GreenBlack,Sedan,Седан
6182,ulmVehicleSedan04Orange,Sedan,Седан
6183,ulmVehicleSedan04Red,Sedan,Седан
6184,ulmVehicleSedan04Police,Police Sedan,Полицейский седан
6185,ulmVehicleSedan04Taxi,Taxi Sedan,Такси
6186,ulmVehicleSedan04Lootable,Sedan 04 | Random Spawner,Седан 04 | Случайный спавнер
6187,ulmVehicleSedan04Secure,Secure Sedan 04 | Random Spawner,Защищённый Седан 04 | Случайный спавнер
6188,ulmVehicleSedan04Wrecked,Wrecked Sedan 04 | Random Spawner,Разбитый Седан 04 | Случайный спавнер
6189,ulmVehicleSedan05,Sedan,Седан
6190,ulmVehicleSedan05White,Sedan,Седан
6191,ulmVehicleSedan05Black,Sedan,Седан
6192,ulmVehicleSedan05Blue,Sedan,Седан
6193,ulmVehicleSedan05Beige,Sedan,Седан
6194,ulmVehicleSedan05Brown,Sedan,Седан
6195,ulmVehicleSedan05Gray,Sedan,Седан
6196,ulmVehicleSedan05Green,Sedan,Седан
6197,ulmVehicleSedan05Orange,Sedan,Седан
6198,ulmVehicleSedan05Red,Sedan,Седан
6199,ulmVehicleSedan05Yellow,Sedan,Седан
6200,ulmVehicleSedan05Mixed1,Sedan,Седан
6201,ulmVehicleSedan05Mixed2,Sedan,Седан
6202,ulmVehicleSedan05Mixed3,Sedan,Седан
6203,ulmVehicleSedan05Mixed4,Sedan,Седан
6204,ulmVehicleSedan05Mixed5,Sedan,Седан
6205,ulmVehicleSedan05Lootable,Sedan 05 | Random Spawner,Седан 05 | Случайный спавнер
6206,ulmVehicleSedan05Secure,Secure Sedan 05 | Random Spawner,Защищённый Седан 05 | Случайный спавнер
6207,ulmVehicleSedan05Wrecked,Wrecked Sedan 05 | Random Spawner,Разбитый Седан 05 | Случайный спавнер
6208,ulmVehicleCrushedCars,Crushed Cars,Смятые машины
6209,ulmVehicleCrushedCars01,Crushed Cars 01 | Random Spawner,Смятые машины 01 | Случайный спавнер
6210,ulmVehicleCrushedCars02,Crushed Cars 02 | Random Spawner,Смятые машины 02 | Случайный спавнер
6211,ulmVehicleCoupe01,Old Coupe,Старое купе
6212,ulmVehicleCoupe01White,Old Coupe,Старое купе
6213,ulmVehicleCoupe01WhiteStripe,Old Coupe,Старое купе
6214,ulmVehicleCoupe01Black,Old Coupe,Старое купе
6215,ulmVehicleCoupe01BlackStripe,Old Coupe,Старое купе
6216,ulmVehicleCoupe01Red,Old Coupe,Старое купе
6217,ulmVehicleCoupe01RedStripe,Old Coupe,Старое купе
6218,ulmVehicleCoupe01Beige,Old Coupe,Старое купе
6219,ulmVehicleCoupe01Blue,Old Coupe,Старое купе
6220,ulmVehicleCoupe01BlueStripe,Old Coupe,Старое купе
6221,ulmVehicleCoupe01Gray,Old Coupe,Старое купе
6222,ulmVehicleCoupe01Green,Old Coupe,Старое купе
6223,ulmVehicleCoupe01Orange,Old Coupe,Старое купе
6224,ulmVehicleCoupe01OrangeStripe,Old Coupe,Старое купе
6225,ulmVehicleCoupe01Purple,Old Coupe,Старое купе
6226,ulmVehicleCoupe01Cherry,Old Coupe,Старое купе
6227,ulmVehicleCoupe01Yellow,Old Coupe,Старое купе
6228,ulmVehicleCoupe01YellowStripe,Old Coupe,Старое купе
6229,ulmVehicleCoupe01Mixed1,Old Coupe,Старое купе
6230,ulmVehicleCoupe01Mixed2,Old Coupe,Старое купе
6231,ulmVehicleCoupe01Mixed3,Old Coupe,Старое купе
6232,ulmVehicleCoupe01Lootable,Old Coupe,Старое купе
6233,ulmVehicleCoupe01Secure,Old Coupe,Старое купе
6234,ulmVehicleCoupe01Wrecked,Wrecked Old Coupe,Разбитое старое купе
6235,ulmVehicleTruck4x4Classic,4x4 Ranger,Внедорожник 4x4
6236,ulmVehicleTruck4x4ClassicDesc,Drivable vehicle. Use secondary action to place it in the world.,"Управляемое транспортное средство. Используйте вторичное действие, чтобы разместить."
6237,ulmResource4x4TruckChassis,4x4 Ranger Chassis,Шасси 4x4 «Рейнджер»
6238,ulmResource4x4TruckInterior,4x4 Ranger Interior,Салон 4x4 «Рейнджер»
6239,ulmResource4x4TruckAccessories,4x4 Ranger Accessories,Комплектующие 4x4 «Рейнджер»
6240,ulmModVehicle4x4TruckPlow,4x4 Ranger Plow,Отвал 4x4 «Рейнджер»
6241,ulmVehicle4x4TruckLootable,4x4 Truck,Грузовик 4x4
6242,ulmVehicle4x4TruckSecure,4x4 Truck,Грузовик 4x4
6243,ulmVehicle4x4TruckWrecked,Wrecked 4x4 Truck,Грузовик 4x4
6244,vehicleTruck4x4Placeable,4x4 Bulldog,4x4 «Бульдог»
6245,vehicleTruck4x4PlaceableDesc,Drivable vehicle. Use secondary action to place it in the world.,"Управляемое транспортное средство. Используйте вторичное действие, чтобы разместить."
6246,vehicleTruck4x4Chassis,4x4 Bulldog Chassis,Шасси 4x4 «Бульдог»
6247,vehicleTruck4x4Accessories,4x4 Bulldog Accessories,Комплектующие 4x4 «Бульдог»
6248,modVehiclePlow,4x4 Bulldog Plow,Отвал 4x4 «Бульдог»
6249,ulmVehicleHumvee,Military 4x4,Военный 4x4
6250,ulmVehicleHumveeSnow,Military 4x4,Военный 4x4
6251,ulmVehicleHumveeSnowCargo,Military 4x4,Военный 4x4
6252,ulmVehicleHumveeDesert,Military 4x4,Военный 4x4
6253,ulmVehicleHumveeDesertCargo,Military 4x4,Военный 4x4
6254,ulmVehicleHumveeJungle,Military 4x4,Военный 4x4
6255,ulmVehicleHumveeJungleCargo,Military 4x4,Военный 4x4
6256,ulmVehicleHumveeBurnt,Military 4x4,Военный 4x4
6257,ulmVehicleHumveeBurntCargo,Military 4x4,Военный 4x4
6258,ulmVehicleHumveeLootable,Military 4x4 | Random Spawner,Военный 4x4 | Случайный спавнер
6259,ulmVehicleHumveeSecure,Military 4x4 | Random Spawner,Военный 4x4 | Случайный спавнер
6260,ulmVehicleHumveeRandomHelper,Military 4x4 | Random Helper,Военный 4x4 | Случайный вариант
6261,ulmVehicleSUV,SUV,Джип
6262,ulmVehicleSUVPolice,Police SUV,Полицейский джип
6263,ulmVehicleSUVSecurity,Security SUV,Джип охраны
6264,ulmModVehicleSUVBrushGuard,SUV Brush Guard,Кенгурятник внедорожника
6265,ulmVehicleSUV01Lootable,SUV 01 | Random Spawner,Внедорожник 01 | Случайный спавнер
6266,ulmVehicleSUV01Abandoned,Abandoned SUV 01 | Random Spawner,Брошенный Внедорожник 01 | Случайный спавнер
6267,ulmVehicleSUV01AbandonedWide,Abandoned 3 Wide SUV 01 | Random Spawner,"Заброшенный внедорожник 01, ширина 3 | Случайный спавнер"
6268,ulmVehicleSUV01AbandonedDoors,Abandoned SUV 01 Doors | Random Spawner,Брошенный Внедорожник 01 Двери | Случайный спавнер
6269,ulmVehicleSUV01AbandonedDoorsWide,Abandoned 3 Wide SUV 01 Doors | Random Spawner,"Заброшенный внедорожник 01 с дверями, ширина 3 | Случайный спавнер"
6270,ulmVehicleSUV02,SUV,Джип
6271,ulmVehicleSUV02White,SUV,Джип
6272,ulmVehicleSUV02Gray,SUV,Джип
6273,ulmVehicleSUV02Black,SUV,Джип
6274,ulmVehicleSUV02Blue,SUV,Джип
6275,ulmVehicleSUV02Cyan,SUV,Джип
6276,ulmVehicleSUV02Green,SUV,Джип
6277,ulmVehicleSUV02Purple,SUV,Джип
6278,ulmVehicleSUV02Red,SUV,Джип
6279,ulmVehicleSUV02Cherry,SUV,Джип
6280,ulmVehicleSUV02Pink,SUV,Джип
6281,ulmVehicleSUV02Yellow,SUV,Джип
6282,ulmVehicleSUV02Orange,SUV,Джип
6283,ulmVehicleSUV02Brown,SUV,Джип
6284,ulmVehicleSUV02Beige,SUV,Джип
6285,ulmVehicleSUV02Police,Police SUV,Полицейский джип
6286,ulmVehicleSUV02Security,Security SUV,Джип охраны
6287,ulmVehicleSUV02Lootable,SUV | Random Spawner,Внедорожник | Случайный спавнер
6288,ulmVehicleSUV02Secure,Secure SUV | Random Spawner,Защищённый Внедорожник | Случайный спавнер
6289,ulmVehicleSUV02Wrecked,Wrecked SUV | Random Spawner,Разбитый Внедорожник | Случайный спавнер
6290,ulmVehicleSUV02PoliceLootable,Police SUV | Random Spawner,Полицейский внедорожник | Случайный спавнер
6291,ulmVehicleSUV02PoliceSecure,Police SUV | Random Spawner,Полицейский внедорожник | Случайный спавнер
6292,ulmVehicleSUV02PoliceWrecked,Wrecked Police SUV | Random Spawner,Разбитый полицейский внедорожник | Случайный спавнер
6293,ulmVehicleSUV02SecurityLootable,Security SUV | Random Spawner,Внедорожник охраны | Случайный спавнер
6294,ulmVehicleSUV02SecuritySecure,Secure Security SUV | Random Spawner,Защищённый внедорожник охраны | Случайный спавнер
6295,ulmVehicleSUV02SecurityWrecked,Wrecked Security SUV | Random Spawner,Разбитый внедорожник охраны | Случайный спавнер
6296,ulmVehiclePoliceRandomHelper,Police Car | Random Helper,Полицейская машина | Случайный вариант
6297,ulmVehiclePoliceSUVRandomHelper,Police SUV | Random Helper,Полицейский внедорожник | Случайный вариант
6298,ulmVehiclePickup,Pickup,Пикап
6299,ulmVehiclePickup01,Pickup 01 | Random Spawner,Пикап 01 | Случайный спавнер
6300,ulmVehiclePickup01Wide,3 Wide Pickup 01 | Random Spawner,"Пикап 01, ширина 3 | Случайный спавнер"
6301,ulmVehiclePickup01Abandoned,Abandoned Pickup 01 | Random Spawner,Брошенный Пикап 01 | Случайный спавнер
6302,ulmVehiclePickup01AbandonedWide,3 Wide Abandoned Pickup 01 | Random Spawner,"Заброшенный пикап 01, ширина 3 | Случайный спавнер"
6303,ulmVehiclePickup01AbandonedDoors,Abandoned Pickup 01 Doors | Random Spawner,Брошенный Пикап 01 Двери | Случайный спавнер
6304,ulmVehiclePickup01AbandonedDoorsWide,3 Wide Abandoned Pickup 01 Doors | Random Spawner,"Заброшенный пикап 01 с дверями, ширина 3 | Случайный спавнер"
6305,ulmVehicleMinivan,Minivan,Минивэн
6306,ulmVehicleMinivan01Lootable,Minivan 01 | Random Spawner,Минивэн 01 | Случайный спавнер
6307,ulmVehicleMinivan01Wide,3 Wide Minivan 01 | Random Spawner,"Минивэн 01, ширина 3 | Случайный спавнер"
6308,ulmVehicleMinivan02,Old Van,Фургон
6309,ulmVehicleMinivan02White,Old Van,Фургон
6310,ulmVehicleMinivan02Gray,Old Van,Фургон
6311,ulmVehicleMinivan02Black,Old Van,Фургон
6312,ulmVehicleMinivan02Blue,Old Van,Фургон
6313,ulmVehicleMinivan02Cyan,Old Van,Фургон
6314,ulmVehicleMinivan02Green,Old Van,Фургон
6315,ulmVehicleMinivan02Purple,Old Van,Фургон
6316,ulmVehicleMinivan02Pink,Old Van,Фургон
6317,ulmVehicleMinivan02Yellow,Old Van,Фургон
6318,ulmVehicleMinivan02Orange,Old Van,Фургон
6319,ulmVehicleMinivan02Brown,Old Van,Фургон
6320,ulmVehicleMinivan02Red,Old Van,Фургон
6321,ulmVehicleMinivan02Lootable,Old Van | Random Spawner,Старый фургон | Случайный спавнер
6322,ulmVehicleMinivan02Secure,Secure Old Van | Random Spawner,Защищённый Старый фургон | Случайный спавнер
6323,ulmVehicleMinivan02Wrecked,Old Van Wrecked | Random Spawner,Старый фургон Разбитый | Случайный спавнер
6324,ulmVehicleSemiTruck,Semi Truck,Тягач
6325,ulmVehicleSemiTruck01Lootable,Semi Truck 01 | Random Spawner,Тягач 01 | Случайный спавнер
6326,ulmVehicleSemiTruck01ModularFront,Semi Truck 01 Modular Front | Random Spawner,Тягач 01 Модульная передняя часть | Случайный спавнер
6327,ulmVehicleFireTruck,Fire Truck,Пожарная машина
6328,ulmVehicleFireTruck01Lootable,Fire Truck 01 | Random Spawner,Пожарная машина 01 | Случайный спавнер
6329,ulmVehicleMilitaryTruck,Military Truck,Военный грузовик
6330,ulmVehicleMilitaryTruckDesertTarp1,Military Truck,Военный грузовик
6331,ulmVehicleMilitaryTruckDesertTarp2,Military Truck,Военный грузовик
6332,ulmVehicleMilitaryTruckDesertTarp3,Military Truck,Военный грузовик
6333,ulmVehicleMilitaryTruckDesertRails,Military Truck,Военный грузовик
6334,ulmVehicleMilitaryTruckCamoTarp1,Military Truck,Военный грузовик
6335,ulmVehicleMilitaryTruckCamoTarp2,Military Truck,Военный грузовик
6336,ulmVehicleMilitaryTruckCamoTarp3,Military Truck,Военный грузовик
6337,ulmVehicleMilitaryTruckCamoRails,Military Truck,Военный грузовик
6338,ulmVehicleMilitaryTruckLootable,Military Truck | Random Spawner,Военный грузовик | Случайный спавнер
6339,ulmVehicleMilitaryTruckSecure,Secure Military Truck | Random Spawner,Защищённый военный грузовик | Случайный спавнер
6340,ulmVehicleMilitaryTruckRandomHelper,Military Truck | Random Helper,военный грузовик | Случайный вариант
6341,ulmVehicleServiceTruck,Box Truck,Фургон
6342,ulmVehicleBoxTruckLootable,Box Truck | Random Helper,Грузовой фургон | Случайный вариант
6343,ulmVehicleServiceTruck,Service Truck,Сервисный грузовик
6344,ulmVehicleServiceTruckLootable,Service Truck | Random Helper,Сервисный грузовик | Случайный вариант
6345,ulmVehicleBicycle,Bicycle,Велосипед
6346,ulmVehicleBicycle1,Dash Bicycle,Велосипед «Рывок»
6347,ulmVehicleBicycle1Desc,Drivable vehicle. Use secondary action to place it in the world.,"Управляемое транспортное средство. Используйте вторичное действие, чтобы разместить."
6348,ulmResourceBicycleAccessories,Dash Accessories,Комплектующие «Дэш»
6349,ulmResourceBicycleAccessoriesDesc,Accessories for making Dash bicycle.,Комплектующие для сборки велосипеда «Дэш».
6350,ulmResourceBicycleChassis,Dash Chassis,Рама «Дэш»
6351,ulmResourceBicycleChassisDesc,Chassis for making Dash bicycle.,Рама для сборки велосипеда «Дэш».
6352,ulmResourceBicycleHandlebars,Dash Handlebars,Руль «Дэш»
6353,ulmResourceBicycleHandlebarsDesc,Handlebars for making Dash bicycle.,Руль для сборки велосипеда «Дэш».
6354,ulmVehicleBicycle01Fallen,Bicycle 01 Fallen | Random Spawner,Велосипед 01 Лежащий | Случайный спавнер
6355,ulmVehicleBicycle01LeanLeft,Bicycle 01 Lean Left | Random Spawner,Велосипед 01 Наклонён влево | Случайный спавнер
6356,ulmVehicleBicycle01LeanRight,Bicycle 01 Lean Right | Random Spawner,Велосипед 01 Наклонён вправо | Случайный спавнер
6357,vehicleBicyclePlaceable,Mountain Bike,Велосипед
6358,vehicleBicyclePlaceableDesc,Drivable vehicle. Use secondary action to place it in the world.,"Управляемое транспортное средство. Используйте вторичное действие, чтобы разместить."
6359,vehicleBicycleChassis,Mountain Bike Chassis,Рама горного велосипеда
6360,vehicleBicycleChassisDesc,Very rugged and durable chassis ready to withstand the harshest of roads.,"Очень прочная и надёжная рама, готовая выдержать самые суровые дороги."
6361,vehicleBicycleHandlebars,Mountain Bike Handlebars,Руль горного велосипеда
6362,vehicleBicycleHandlebarsDesc,More versatile and comfortable handlebars designed for better bicycle handling for off-road conditions.,"Более универсальный и удобный руль, рассчитанный на лучшее управление велосипедом на бездорожье."
6363,ulmVehicleMinibike,Minibike,Минибайк
6364,ulmVehicleMinibikeOld,Comet Minibike,Мини-байк «Комета»
6365,ulmVehicleMinibikeOldDesc,Drivable vehicle. Use secondary action to place it in the world.,"Управляемое транспортное средство. Используйте вторичное действие, чтобы разместить."
6366,ulmResourceMinibikeHandlebars,Comet Handlebars,Руль «Кометы»
6367,ulmResourceMinibikeHandlebarsDesc,Handlebars for Comet minibike.,Руль для мини-байка «Комета».
6368,ulmResourceMinibikeChassis,Comet Chassis,Рама «Кометы»
6369,ulmResourceMinibikeChassisDesc,Chassis for Comet minibike.,Рама для мини-байка «Комета».
6370,ulmResourceMinibikeAccessories,Comet Accessories,Комплектующие «Кометы»
6371,ulmResourceMinibikeAccessoriesDesc,Accessories for Comet minibike.,Комплектующие для мини-байка «Комета».
6372,ulmVehicleMinibike01Fallen,Minibike 01 Fallen | Random Spawner,Минибайк 01 Лежащий | Случайный спавнер
6373,ulmVehicleMinibike01LeanLeft,Minibike 01 Lean Left | Random Spawner,Минибайк 01 Наклонён влево | Случайный спавнер
6374,ulmVehicleMinibike01LeanRight,Minibike 01 Lean Right | Random Spawner,Минибайк 01 Наклонён вправо | Случайный спавнер
6375,vehicleMinibikePlaceable,Rocket Minibike,Мини-байк «Ракета»
6376,vehicleMinibikePlaceableDesc,Drivable vehicle. Use secondary action to place it in the world.,"Управляемое транспортное средство. Используйте вторичное действие, чтобы разместить."
6377,vehicleMinibikeHandlebars,Rocket Handlebars,Руль «Ракеты»
6378,vehicleMinibikeHandlebarsDesc,Handlebars for Rocket minibike.,Руль для мини-байка «Ракета».
6379,vehicleMinibikeChassis,Rocket Chassis,Рама «Ракеты»
6380,vehicleMinibikeChassisDesc,Chassis for Rocket minibike.,Рама для мини-байка «Ракета».
6381,ulmVehicleMotorcycle,Motorcycle,Мотоцикл
6382,ulmVehicleMotorcycle01,Wanderer,Бродяга
6383,ulmVehicleMotorcycle01Fallen,Motorcycle 01 Fallen | Random Spawner,Мотоцикл 01 Лежащий | Случайный спавнер
6384,ulmVehicleMotorcycle01LeanLeft,Motorcycle 01 Lean Left | Random Spawner,Мотоцикл 01 Наклонён влево | Случайный спавнер
6385,ulmVehicleMotorcycle01LeanRight,Motorcycle 01 Lean Right | Random Spawner,Мотоцикл 01 Наклонён вправо | Случайный спавнер
6386,vehicleMotorcyclePlaceable,Marauder,«Мародёр»
6387,vehicleMotorcyclePlaceableDesc,Drivable vehicle. Use secondary action to place it in the world.,"Управляемое транспортное средство. Используйте вторичное действие, чтобы разместить."
6388,vehicleMotorcycleHandlebars,Marauder Handlebars,Руль «Мародёра»
6389,vehicleMotorcycleHandlebarsDesc,Handlebars for Marauder motorcycle.,Руль для мотоцикла «Мародёр».
6390,vehicleMotorcycleChassis,Marauder Chassis,Шасси «Мародёра»
6391,vehicleMotorcycleChassisDesc,Chassis for Marauder motorcycle.,Шасси для мотоцикла «Мародёр».
6392,modVehicleArmor,Marauder Armor,Броня «Мародёра»
6393,modVehicleArmorDesc,Armor Reinforcement compatible with Marauder Motorcycle. Reduces damage taken when objects hit the front of the vehicle as well as increases damage to objects.,"Усиление брони для мотоцикла «Мародёр». Снижает урон при столкновениях передней частью транспорта и увеличивает урон, наносимый объектам."
6394,ulmVehicleMotorcycle03,Renegade,Отступник
6395,ulmVehicleMotorcycle03White,Renegade,Отступник
6396,ulmVehicleMotorcycle03Gray,Renegade,Отступник
6397,ulmVehicleMotorcycle03Black,Renegade,Отступник
6398,ulmVehicleMotorcycle03LightBlue,Renegade,Отступник
6399,ulmVehicleMotorcycle03DarkBlue,Renegade,Отступник
6400,ulmVehicleMotorcycle03Cyan,Renegade,Отступник
6401,ulmVehicleMotorcycle03RetroGreen,Renegade,Отступник
6402,ulmVehicleMotorcycle03LimeGreen,Renegade,Отступник
6403,ulmVehicleMotorcycle03ForestGreen,Renegade,Отступник
6404,ulmVehicleMotorcycle03Purple,Renegade,Отступник
6405,ulmVehicleMotorcycle03Pink,Renegade,Отступник
6406,ulmVehicleMotorcycle03Yellow,Renegade,Отступник
6407,ulmVehicleMotorcycle03Orange,Renegade,Отступник
6408,ulmVehicleMotorcycle03Brown,Renegade,Отступник
6409,ulmVehicleMotorcycle03Red,Renegade,Отступник
6410,ulmVehicleMotorcycle03Cherry,Renegade,Отступник
6411,ulmVehicleMotorcycle03Fallen,Motorcycle 03 Fallen | Random Spawner,Мотоцикл 03 Лежащий | Случайный спавнер
6412,ulmVehicleMotorcycle03LeanLeft,Motorcycle 03 Lean Left | Random Spawner,Мотоцикл 03 Наклонён влево | Случайный спавнер
6413,ulmVehicleMotorcycle03LeanRight,Motorcycle 03 Lean Right | Random Spawner,Мотоцикл 03 Наклонён вправо | Случайный спавнер
6414,ulmVehicleDirtBike,Dirt Bike,Кроссовый мотоцикл
6415,ulmVehicleDirtBike01,Thunderbird,Громовержец
6416,ulmVehicleDirtBike01White,Thunderbird,Громовержец
6417,ulmVehicleDirtBike01Gray,Thunderbird,Громовержец
6418,ulmVehicleDirtBike01Black,Thunderbird,Громовержец
6419,ulmVehicleDirtBike01LightBlue,Thunderbird,Громовержец
6420,ulmVehicleDirtBike01DarkBlue,Thunderbird,Громовержец
6421,ulmVehicleDirtBike01Cyan,Thunderbird,Громовержец
6422,ulmVehicleDirtBike01RetroGreen,Thunderbird,Громовержец
6423,ulmVehicleDirtBike01LimeGreen,Thunderbird,Громовержец
6424,ulmVehicleDirtBike01ForestGreen,Thunderbird,Громовержец
6425,ulmVehicleDirtBike01Purple,Thunderbird,Громовержец
6426,ulmVehicleDirtBike01Pink,Thunderbird,Громовержец
6427,ulmVehicleDirtBike01Yellow,Thunderbird,Громовержец
6428,ulmVehicleDirtBike01Orange,Thunderbird,Громовержец
6429,ulmVehicleDirtBike01Brown,Thunderbird,Громовержец
6430,ulmVehicleDirtBike01Red,Thunderbird,Громовержец
6431,ulmVehicleDirtBike01Cherry,Thunderbird,Громовержец
6432,ulmVehicleDirtBike01Fallen,Thunderbird 01 Fallen | Random Spawner,Громовержец 01 Лежащий | Случайный спавнер
6433,ulmVehicleDirtBike01LeanLeft,Thunderbird 01 Lean Left | Random Spawner,Громовержец 01 Наклонён влево | Случайный спавнер
6434,ulmVehicleDirtBike01LeanRight,Thunderbird 01 Lean Right | Random Spawner,Громовержец 01 Наклонён вправо | Случайный спавнер
6435,ulmVehicleBikesFallenRandomHelper,Bikes Fallen | Random Helper,Мотоциклы Лежащий | Случайный вариант
6436,ulmVehicleBikesLeanLeftRandomHelper,Bikes Lean Left | Random Helper,Мотоциклы Наклонён влево | Случайный вариант
6437,ulmVehicleBikesLeanRightRandomHelper,Bikes Lean Right | Random Helper,Мотоциклы Наклонён вправо | Случайный вариант
6438,ulmVehicleGokart,Gokart,Карт
6439,ulmVehicleGokart01,Gokart,Карт
6440,ulmVehicleGokart01White,Gokart,Карт
6441,ulmVehicleGokart01Gray,Gokart,Карт
6442,ulmVehicleGokart01Black,Gokart,Карт
6443,ulmVehicleGokart01LightBlue,Gokart,Карт
6444,ulmVehicleGokart01DarkBlue,Gokart,Карт
6445,ulmVehicleGokart01Cyan,Gokart,Карт
6446,ulmVehicleGokart01RetroGreen,Gokart,Карт
6447,ulmVehicleGokart01LimeGreen,Gokart,Карт
6448,ulmVehicleGokart01ForestGreen,Gokart,Карт
6449,ulmVehicleGokart01Purple,Gokart,Карт
6450,ulmVehicleGokart01Pink,Gokart,Карт
6451,ulmVehicleGokart01Yellow,Gokart,Карт
6452,ulmVehicleGokart01Orange,Gokart,Карт
6453,ulmVehicleGokart01Brown,Gokart,Карт
6454,ulmVehicleGokart01Red,Gokart,Карт
6455,ulmVehicleGokart01Cherry,Gokart,Карт
6456,ulmVehicleGokart01RandomHelper,Gokart | Random Helper,Карт | Случайный вариант
6457,ulmVehicleGokart01Spawner,Gokart | Random Spawner,Карт | Случайный спавнер
6458,ulmVehicleQuadBike,Quad Bike,Квадроцикл
6459,ulmVehicleQuadBike01,Quad Bike,Квадроцикл
6460,ulmVehicleQuadBike01Desert,Quad Bike,Квадроцикл
6461,ulmVehicleQuadBike01Raider,Quad Bike,Квадроцикл
6462,ulmVehicleQuadBike01HotRod,Quad Bike,Квадроцикл
6463,ulmVehicleQuadBike01Digital,Quad Bike,Квадроцикл
6464,ulmVehicleQuadBike01Snow,Quad Bike,Квадроцикл
6465,ulmVehicleQuadBike01Woodland,Quad Bike,Квадроцикл
6466,ulmVehicleQuadBike01Spawner,Quad Bike,Квадроцикл
6467,ulmVehicleQuadBikeRandomHelper,Quad Bike | Random Helper,квадроцикл мотоцикл | Случайный вариант
6468,ulmVehiclesAllVariantHelper,Vehicles (POI),Транспорт (POI)
6469,quest,Mission,Задание
6470,questChain,Mission Chain,Цепочка заданий
6471,treasure,Hidden Stash,Тайник
6472,RewardQuest_keyword,Mission,Задание
6473,RewardTypeChainQuest,Chain Reward,Цепочка наград
6474,RewardSkillPoint_keyword,Skill Points,Очки умений
6475,ulmSkillBook,Skill Book,Книга навыков
6476,ulmSkillBookOffer,Upon reading this [decea3]Skill Book[-] you will be rewarded with two skill points.,"Прочитав эту [decea3]книгу навыка[-], вы получите два очка навыков."
6477,ulmQuestIntroduction,Introduction,Введение
6478,ulmQuestIntroductionOffer,"If you're reading this, that means you are still alive!\n\nRemember, wasteland can be a cruel and an unforgiving place, here's a small guide to help You started with [decea3]Undead Legacy[-]!","Если вы читаете это, значит, вы еще живы!\n\nПомните, пустошь может быть жестоким и неумолимым местом, вот небольшое руководство, которое поможет вам начать [decea3]Undead Legacy[-]!"
6479,ulmQuestIntroduction1,Introduction (1 of 6),Введение (1 из 6)
6480,ulmQuestIntroduction1Subtitle,Your Bug-out Bag,Сумка на случай эвакуации
6481,ulmQuestIntroduction1Desc,[decea3]Place[-] down your [decea3]Bug-out Bag[-] and check its contents.,[decea3]Положите[-] свою [decea3]сумку на случай эвакуации[-] и проверьте её содержимое.
6482,ulmQuestIntroduction2,Introduction (2 of 6),Введение (2 из 6)
6483,ulmQuestIntroduction2Subtitle,Your Journal,Ваш журнал
6484,ulmQuestIntroduction2Desc,"Familiarize yourself with features of [decea3]Undead Legacy[-] in the [decea3]Journal[-] window, it may also contain useful information about other aspects of the game.","Ознакомьтесь с особенностями [decea3]Undead Legacy[-] в окне [decea3]журнала[-], там же может содержаться полезная информация о других аспектах игры."
6485,ulmQuestIntroduction3,Introduction (3 of 6),Введение (3 из 6)
6486,ulmQuestIntroduction3Subtitle,Your first tools,Первые инструменты
6487,ulmQuestIntroduction3Desc,Make yourself a [decea3]Stone Axe[-] and a [decea3]Stone Pickaxe[-] to help you gather resources and defend yourself. Find the ingredients and make yourself your first tools!,"Сделайте себе [decea3]каменный топор[-] и [decea3]каменную кирку[-], которые помогут вам собирать ресурсы и защищаться. Найдите ингредиенты и сделайте себе первые инструменты!"
6488,ulmQuestIntroduction4,Introduction (4 of 6),Введение (4 из 6)
6489,ulmQuestIntroduction4Subtitle,Your first melee weapon,Первое оружие ближнего боя
6490,ulmQuestIntroduction4Desc,"Make a [decea3]Wooden Spear[-] to help you defend yourself better. If you need more [decea3]Rope[-], it is made in the [decea3]Carpenter's Table[-], [decea3]Resin[-] can be gathered from non-dry trees.","Сделайте [decea3]деревянное копьё[-], чтобы лучше защищаться. Если вам нужна [decea3]верёвка[-], ее делают в [decea3]столе плотника[-], [decea3]смолу[-] можно собрать с живых деревьев ножом."
6491,ulmQuestIntroduction5,Introduction (5 of 6),Введение (5 из 6)
6492,ulmQuestIntroduction5Subtitle,Your first workstation,Первый верстак
6493,ulmQuestIntroduction5Desc,Build a [decea3]Carpenter's Table[-] to help you process wood into more useful items. Find the ingredients and make yourself your first workstation!,"Постройте [decea3]стол плотника[-], который поможет вам переработать древесину в более полезные предметы. Найдите ингредиенты и сделайте себе первый верстак!"
6494,ulmQuestIntroduction6,Introduction (6 of 6),Введение (6 из 6)
6495,ulmQuestIntroduction6Subtitle,Your first bow,Первый лук
6496,ulmQuestIntroduction6Desc,Make a [decea3]Bow (Primitive)[-] and [decea3]Arrow (Stone)[-] for it to have a basic ranged weapon. All ingredients are made in [decea3]Carpenter's Table[-],"Сделайте [decea3]лук (примитивный)[-] и [decea3]стрелу (каменную)[-], чтобы у вас было базовое оружие дальнего боя. Все предметы изготавливаются в [decea3]столе плотника[-]."
6497,ulmQuestTutorialGroup,Survivor's Journey,Путь выжившего
6498,ulmQuestTutorialGroupDesc,"If you're reading this, that means you are still alive!\n\nRemember, wasteland can be a cruel and an unforgiving place, here's a small guide to help You started with [decea3]Undead Legacy[-]!","Если вы читаете это, значит, вы еще живы!\n\nПомните, пустошь может быть жестоким и неумолимым местом, вот небольшое руководство, которое поможет вам начать [decea3]Undead Legacy[-]!"
6499,ulmQuestTutorial01,Bug-out Bag,Спасательная сумка
6500,ulmQuestTutorial01Desc,[decea3]Place[-] down your [decea3]Bug-out Bag[-] and [decea3]Open[-] it to see its contents.,"[decea3]Разместите[-] на земле [decea3]сумку на случай эвакуации[-] и [decea3]откройте[-] чтобы посмотреть, что в ней есть."
6501,ulmQuestTutorial02,First Tools,Первые инструменты
6502,ulmQuestTutorial02Desc,Find the ingredients and make yourself a [decea3]Stone Axe[-] and a [decea3]Stone Pickaxe[-] to help you gather resources and defend yourself.,"Найдите ингредиенты и сделайте себе [decea3]каменный топор[-] и [decea3]каменную кирку[-], которые помогут вам собирать ресурсы и защищаться."
6503,ulmQuestTutorial03,First Weapon,Первое оружие 
6504,ulmQuestTutorial03Desc,"Make a [decea3]Wooden Spear[-] to help you defend yourself better. If you need more [decea3]Rope[-], it is made in the [decea3]Carpenter's Table[-], [decea3]Resin[-] can be gathered from non-dry trees.","Сделайте [decea3]деревянное копьё[-], чтобы лучше защищаться. Если вам нужно больше [decea3]верёвки[-], ее делают в [decea3]столе плотника[-], [decea3]смолу[-] можно собрать с невысохших деревьев."
6505,ulmQuestTutorial04,First Workstation,Первое рабочее место
6506,ulmQuestTutorial04Desc,"Gather enough materials to build a [decea3]Carpenter's Table[-], it will help you process wood into more useful items.","Соберите достаточно материалов, чтобы собрать [decea3]стол плотника[-], он поможет вам переработать древесину в более полезные предметы."
6507,ulmQuestTutorial05,Carpenters Table,Стол плотника
6508,ulmQuestTutorial05Desc,Build a [decea3]Carpenter's Table[-] to help you process wood into more useful items.,"Установите [decea3]стол плотника[-], который поможет вам переработать древесину в более полезные предметы. Найдите ингредиенты и сделайте себе первый верстак!"
6509,ulmQuestTutorial06,First Bow,Первый лук
6510,ulmQuestTutorial06Desc,Gather enough materials to craft a [decea3]Bow (Primitive)[-] and [decea3]Arrow (Stone)[-]. All ingredients are made in [decea3]Carpenter's Table[-],"Соберите материалы, чтобы сделать [decea3]лук (примитивный)[-] и [decea3]стрелу (каменную)[-]. Все предметы изготавливаются в [decea3]столе плотника[-]."
6511,ulmQuestTutorial07,Crafting a Bow,Изготовление лука
6512,ulmQuestTutorial07Desc,Make a [decea3]Bow (Primitive)[-] and [decea3]Arrow (Stone)[-] for it to have a basic ranged weapon. All ingredients are made in [decea3]Carpenter's Table[-],"Сделайте [decea3]лук (примитивный)[-] и [decea3]стрелу (каменную)[-], чтобы у него было базовое оружие дальнего боя. Все ингредиенты изготавливаются в [decea3]столе плотника[-]."
6513,ulmQuestSurvivalTrader,Locate a Settlement,Найти поселение
6514,ulmQuestSurvivalTraderDesc,"There appears to be a potential Survivor Settlement location marked on the map. Investigate the location and see if there's any survivors at the site. If there are, talk to them and see if they have some additional information.","Похоже, на карте отмечено потенциальное место поселения выживших. Исследуйте это место и узнайте, есть ли в нем выжившие. Если они есть, поговорите с ними и узнайте, нет ли у них дополнительной информации."
6515,ulmQuestSurvivalBasics,Basics of Survival,Основы выживания
6516,ulmQuestSurvivalBasicsDesc,"If you've gotten this far, then congratulations, but this is just the beginning!\n\nIf you want to keep yourself alive long term, then you must understand, that there's a very long way ahead of you.\n\nRemember, wasteland is a very cruel and an unforgiving place, it spares no one. These series of tasks will help get you started with establishing your presence in the harsh world of [decea3]Undead Legacy[-] and hopefully you will live to pass on this knowledge to other survivors!\n\nGood luck survivor!","Если вы добрались до этого момента — поздравляем, но это только начало!\n\nЕсли хотите выживать долго, нужно понимать, что впереди ещё очень длинный путь.\n\nПомните: пустошь — жестокое и беспощадное место, которое никого не щадит. Эта серия заданий поможет вам освоиться в суровом мире [decea3]Undead Legacy[-] и, возможно, вы проживёте достаточно долго, чтобы передать эти знания другим выжившим!\n\nУдачи, выживший!"
6517,ulmQuestSurvivalCampfire,Basics of Cooking,Основы кулинарии
6518,ulmQuestSurvivalCampfireDesc,Craft or find and interact with a [decea3]Campfire[-]. It's useful to cook various foods and warm up.,Создайте или найдите [decea3]костёр[-]. Он полезен для приготовления различной пищи и согревания.
6519,ulmQuestSurvivalMaintenance,Basics of Maintenance,Основы техобслуживания
6520,ulmQuestSurvivalMaintenanceDesc,"Craft or find and interact with a [decea3]Maintenance Station[-]. There you can repair or upgrade your equipment such as armor, weapons, tools and vehicles.","Создайте или найдите [decea3]Стол техобслуживания[-]. Там вы можете отремонтировать или модернизировать свое оборудование, такое как броня, оружие, инструменты и транспортные средства."
6521,ulmQuestSurvivalResearch,Basics of Science,Основы науки
6522,ulmQuestSurvivalResearchDesc,"Craft or find and interact with a [decea3]Research Station[-]. There you can research and learn new technologies and blueprints by crafting new Schematics, Blueprints and Recipes.","Создайте или найдите [decea3]стол исследователя[-]. Там вы можете исследовать и изучать новые технологии и чертежи, создавая новые схемы, чертежи и рецепты."
6523,ulmQuestSurvivalArtisan,Basics of Masonry,Основы кладки
6524,ulmQuestSurvivalArtisanDesc,Craft or find and interact with an [decea3]Artisan's Table[-]. There you can craft various kinds of building and decorative blocks mostly made out of stone.,"Создайте или найдите [decea3]стол ремесленника[-]. Там вы можете изготовить различные виды строительных и декоративных блоков, в основном из камня."
6525,ulmQuestSurvivalFurnace,Basics of Smelting,Основы плавки
6526,ulmQuestSurvivalFurnaceDesc,"Craft or find and interact with a [decea3]Furnace[-]. There you can smelt down ore or scrap metals and turn them into ingots as well as manufacture bricks, cement and glass.","Создайте или найдите [decea3]горн[-]. Там вы можете плавить руду или металлолом и превращать их в слитки, а также производить кирпичи, цемент и стекло."
6527,ulmQuestSurvivalForge,Basics of Smithing,Основы кузнечного дела
6528,ulmQuestSurvivalForgeDesc,Craft or find and interact with a [decea3]Blacksmith's Forge[-]. There you can process various metals and their ingots into useful items.,Создайте или найдите [decea3]кузницу[-]. Там вы сможете переработать различные металлы и их слитки в полезные предметы.
6529,ulmQuestSurvivalCarpenter2,Advanced Carpentry,Продвинутое плотничество
6530,ulmQuestSurvivalCarpenter2Desc,"Upgrade a [decea3]Carpenter's Table[-] or find and interact with a [decea3]Carpenter's Table (Tier 2)[-]. There you can process and refine wood more efficiently as well as craft more complex things out of wood.\n\n[decea3]To upgrade workstations, hold the radial menu interaction key and then select the 'Upgrade' option.[-]","Улучшите [decea3]стол плотника[-] или найдите и [decea3]стол плотника (Ур. 2)[-]. Там вы сможете более эффективно обрабатывать и совершенствовать дерево, а также изготавливать из него более сложные вещи.\n\n[decea3]Чтобы модернизировать рабочие места, удерживайте клавишу взаимодействия с радиальным меню, а затем выберите опцию 'Улучшить'[-]."
6531,ulmQuestTreasureEllianniaOffer,"Dear Survivor,\nIf you're reading this note than the odds are I'm not around anymore and instead of letting my stashes of supplies go to waste I'd like you to have one of them. I've marked the location on this map for you.\n\nGood Luck,\nElliannia","Дорогой выживший,\nЕсли ты читаешь эту записку, скорее всего, меня уже нет рядом. Вместо того чтобы позволить моим запасам пропасть зря, я хочу, чтобы один из тайников достался тебе. Я отметила его местоположение на этой карте.\n\nУдачи,\nЭллианния"
6532,quest_journal,Journal,Журнал
6533,ulmObjectiveInteractWith,Use {0},Исп-ть {0}
6534,ulmObjectiveOpenContainer,Open {0},Открыть {0}
6535,ulmObjectiveBlockPlace,Place {0},Разместить {0}
6536,ulmObjectiveOpenWindow,Open {0},Открыть {0}
6537,ulmObjectiveGather,Gather {0},Собрать {0}
6538,ulmObjectiveObtain,Obtain {0},Получить {0}
6539,abandoned_house_01,Abandoned House 1,Заброшенный дом 1
6540,abandoned_house_02,Abandoned House 2,Заброшенный дом 2
6541,abandoned_house_03,Abandoned House 3,Заброшенный дом 3
6542,abandoned_house_04,Abandoned House 4,Заброшенный дом 4
6543,abandoned_house_05,Abandoned House 5,Заброшенный дом 5
6544,abandoned_house_06,Abandoned House 6,Заброшенный дом 6
6545,abandoned_house_07,Abandoned House 7,Заброшенный дом 7
6546,abandoned_house_08,Abandoned House 8,Заброшенный дом 8
6547,apartment_adobe_red_5_flr,5 Floor Apt. Building,5-этажный жилой дом
6548,apartment_brick_6_flr,Two Bit Tower,два немного башня
6549,apartments_01,Apartment Complex 1,Жилой комплекс 1
6550,army_barracks_01,Army Camp Post 7,Армейский пост 7
6551,army_camp_01,Army Camp 1,Армейский лагерь 1
6552,army_camp_02,Army Camp 2,Армейский лагерь 2
6553,army_camp_03,Army Camp 3,Армейский лагерь 3
6554,auto_mechanic_01,A1 Auto,A1 Авто
6555,bank_01,Stock Bank,Банк «Stock»
6556,bank_02,Seemore Bank,Банк «Seemore»
6557,bar_01,Buzzs-Bar,Buzzs-Бар
6558,bar_sm_01,Buzzs-Bar,Buzzs-Бар
6559,barn_01,Barn 1,Амбар 1
6560,barn_02,Barn 2,Амбар 2
6561,barn_03,Barn 3,Амбар 3
6562,blueberryfield_sm,Blueberry Field,Черничная поляна
6563,bluff01,Bluff,Обрыв
6564,body_shop_01,Collision Center,Кузовной автосервис
6565,bombshelter_01,Barts Salvage,Свалка «Barts»
6566,bombshelter_02,Suspicious House,Странный дом
6567,bombshelter_md_01,Suspicious House,Странный дом
6568,bridge_asphalt_broken,Broken Bridge,Разрушенный мост
6569,bridge_asphalt1,Bridge,Мост
6570,bridge_concrete1,Concrete Bridge,Бетонный мост
6571,bridge_wood1,Wood Bridge,Деревянный мост
6572,bridge_wood2,Damaged Wooden Bridge,Поврежденный деревянный мост
6573,bus_stop_01,Bus Stop,Автобусная остановка
6574,bus_wreck_01,Bus Wreck,Остов автобуса
6575,business_burnt_01,Omalley Oats,Omalley Oats
6576,business_burnt_02,Navezgane Creamery,Navezgane Creamery
6577,cabin_01,Cabin 1,Хижина 1
6578,cabin_02,Cabin 2,Хижина 2
6579,cabin_03,Cabin 3,Хижина 3
6580,cabin_04,Cabin 4,Хижина 4
6581,cabin_05,Cabin 5,Хижина 5
6582,cabin_06,Cabin 6,Хижина 6
6583,cabin_07,Cabin 7,Хижина 7
6584,cabin_08,Cabin 8,Хижина 8
6585,cabin_09,Cabin 9,Хижина 9
6586,cabin_10,Cabin 10,Хижина 10
6587,cabin_11,Cabin 11,Хижина 11
6588,cabin_12,Cabin 12,Хижина 12
6589,cabin_13,Cabin 13,Хижина 13
6590,cabin_14,Cabin 14,Хижина 14
6591,cabin_15,Cabin 15,Хижина 15
6592,cabin_16,Cabin 16,Хижина 16
6593,canyon_car_wreck,Canyon Car Wreck,Автомобиль каньон остов
6594,canyon_cliff_dwellings,Canyon Cliff Dwellings,Жилища в скалах
6595,canyon_gift_shop,Canyon Gift Shop,Магазин подарков Каньон
6596,canyon_gift_shop_sign,Canyon Gift Shop Sign,Магазин подарков Каньон вывеска
6597,canyon_mine,Canyon Mine,Шахта Каньона
6598,carlot_01,Joey's Carlot,Joey's Carlot
6599,carlot_02,Carl's Cars,Carl's Автомобили
6600,cave_01,Cave 1,Пещера 1
6601,cave_02,Cave 2,Пещера 2
6602,cave_03,Cave 3,Пещера 3
6603,cave_04,Cave 4,Пещера 4
6604,cave_05,Cave 5,Пещера 5
6605,cemetery_01,Cemetery 1,Кладбище 1
6606,cemetery_02,Cemetery 2,Кладбище 2
6607,church_01,Church,Церковь
6608,church_graveyard1,Church Graveyard,Церковь с кладбищем
6609,church_sm_01,Small Church,Малая церковь
6610,city_center_01,Olgiddy and Brother,Olgiddy и Brother
6611,commercial_strip_01,Commercial Complex 1,Торговый комплекс 1
6612,commercial_strip_02,Commercial Complex 2,Торговый комплекс 2
6613,cornfield_lg,Large Cornfield,Большое кукурузное поле
6614,cornfield_med,Medium Cornfield,Среднее кукурузное поле
6615,cornfield_sm,Small Cornfield,Маленькое кукурузное поле
6616,country_junkyard_01,Junkin's Junkyard,Junkin's Junkyard
6617,countrytown_business_01,Bigg Buns,Большие Булочки
6618,countrytown_business_02,Postal Office,Почта
6619,countrytown_business_03,The-Bear-Den,-Bear-Den
6620,countrytown_business_04,Aldo's Cabinet,Aldo's шкаф
6621,countrytown_business_05,Butcher Petes,Butcher Petes
6622,countrytown_business_06,Red Rubys,Красный Рубин
6623,countrytown_business_07,Maggie's Corner Cafe,Maggie's угловой Cafe
6624,countrytown_business_08,Wildfire Camping Gear,Кемпинг снаряжение «Wildfire»
6625,countrytown_business_09,4Ever Video,4когда-либо Video
6626,countrytown_business_10,Bobcats Bar,Бар «Bobcats»
6627,countrytown_business_13,The Dead Rooster,Бар «Дохлый Петух»
6628,countrytown_business_14,Grumpy's Pub,Паб «Grumpy's»
6629,courthouse_med_01,Town Hall,Мэрия
6630,culvert_01,Culvert,Кювет
6631,deco_coal_vein,Coal Vein,Угольная жила
6632,deco_iron_vein,Iron Vein,Железная жила
6633,deco_lead_vein,Lead Vein,Свинцовая жила
6634,deco_nitrate_vein,Nitrate Vein,Нитратная жила
6635,deco_remnant_stone_01,Ruins 1,Руины 1
6636,deco_remnant_stone_02,Ruins 2,Руины 2
6637,deco_remnant_stone_03,Ruins 3,Руины 3
6638,deco_remnant_stone_04,Ruins 4,Руины 4
6639,deco_remnant_stone_05,Ruins 5,Руины 5
6640,deco_remnant_wood_01,Wooden House Ruins 1,Руины деревянного дома 1
6641,deco_remnant_wood_02,Wooden House Ruins 1,деревянный дом Ruins 1
6642,deco_rubble_stone_01,Stone Rubble 1,Каменный булыжник 1
6643,deco_rubble_stone_02,Stone Rubble 2,Каменный булыжник 2
6644,deco_rubble_stone_03,Stone Rubble 3,Каменный булыжник 3
6645,deco_rubble_stone_04,Stone Rubble 4,Каменный булыжник 4
6646,deco_rubble_stone_05,Stone Rubble 5,Каменный булыжник 5
6647,deco_rubble_stone_06,Stone Rubble 6,Каменный булыжник 6
6648,deco_rubble_stone_07,Stone Rubble 7,Каменный булыжник 7
6649,deco_rubble_stone_08,Stone Rubble 8,Каменный булыжник 8
6650,deco_rubble_stone_09,Stone Rubble 9,Каменный булыжник 9
6651,deco_rubble_stone_10,Stone Rubble 10,Каменный булыжник 10
6652,deco_shale_vein,Oil Shale Vein,Сланцевая жила
6653,departure_bridge_01,Departure Bridge,Депарчер Мост
6654,departure_bridge_02,Departure Bridge Remains,Депарчер Мост остаётся
6655,departure_city_blk_01,Departure City Block,Депарчер город Блок
6656,departure_city_blk_plaza,City Plaza,Городская площадь
6657,departure_city_sign,Departure City Sign,Депарчер город табличка
6658,desert_arch,Desert Arch,Пустынная арка
6659,desert_form01,Desert Formation 1,Пустынная формация 1
6660,desert_form02,Desert Formation 2,Пустынная формация 2
6661,diersville_city_blk_01,Diersville City Block 1,Город Дирсвилл Блок 1
6662,diersville_city_blk_02,Diersville City Block 2,Город Дирсвилл Блок 2
6663,diersville_city_sign_01,Diersville City Sign,Городская табличка Дирсвилля
6664,diner_01,Diner 1,Закусочная 1
6665,diner_02,Bob's Cafe,Кафе у Боба
6666,diner_03,Del's Cafe,Дель кафе
6667,docks_01,BJS Gas,Заправка BJS
6668,docks_02,Pals Marina,Pals Marina
6669,docks_03,Haulwell Freight Co.,Haulwell Freight Co.
6670,docks_04,Docks 4,Доки 4
6671,docks_05,Live Bait,Живая наживка
6672,downtown_building_01,Downtown Building 1,Здание в центре 1
6673,downtown_building_02,Downtown Building 2,Здание в центре 2
6674,downtown_building_03,Collapsed Building,Обрушившееся здание
6675,downtown_building_05,Downtown Building 5,Здание в центре 5
6676,downtown_business_06,Special Tottz,специальный Tottz
6677,downtown_business_07,Doggo's,Doggo's
6678,downtown_filler_01,Yucca Juice/Azy Fitness,юкка сок/Azy физподготовка
6679,downtown_filler_02,Cloud 88/LeSpank,Cloud 88/LeSpank
6680,downtown_filler_03,Wyzeguy CPA/Schittz Law,Wyzeguy CPA/Schittz Law
6681,downtown_filler_04,Downtown Apt. Building 4,Апартаменты центр 4
6682,downtown_filler_05,Downtown Apt. Building 5,Апартаменты центр 5
6683,downtown_filler_06,Lease Apt. Building,Съемные квартиры
6684,downtown_filler_07,Dumpsy Clinic,Клиника Dumpsy
6685,downtown_filler_08,Downtown Apt. Building 8,Жилой дом в центре 8
6686,downtown_filler_09,Sub-Guy,Sub-Guy
6687,downtown_filler_11,Fit Box,Fit коробка
6688,downtown_filler_12,Crack-A-Book/Savage Country,Crack--книга/Savage Country
6689,downtown_filler_13,Luigi's,Луиджи
6690,downtown_filler_14,Downtown Postal Office,Почта в центре
6691,downtown_filler_15,Shamway Foods,Еда Shamway
6692,downtown_filler_21,Zip Coffee,Zip кофе
6693,downtown_filler_22,Gonuts Donuts,Пончики Gonuts
6694,downtown_filler_23,HNN Bank,Банк HNN
6695,downtown_filler_24,Fancy Store,Магазин Fancy
6696,downtown_filler_25,Mamma Pizza,Мама Пицца
6697,downtown_filler_26,Downtown 26,Центр города 26
6698,downtown_filler_27,OK Laundry,Прачечная ОК
6699,downtown_filler_29,Downtown 27,Центр города 27
6700,downtown_filler_30,KLZ Radio,KLZ Радио
6701,downtown_filler_31,Jack Auto,Авто Джек
6702,downtown_filler_park_01,Park Filler 1,Наполнитель парка 1
6703,downtown_filler_park_02,Park Filler 2,Наполнитель парка 2
6704,downtown_filler_park_03,Park Filler 3,Наполнитель парка 3
6705,downtown_filler_park_04,Park Filler 4,Наполнитель парка 4
6706,downtown_filler_park_05,Park Filler 5,Наполнитель парка 5
6707,downtown_filler_plaza_01,Plaza 1,Площадь 1
6708,downtown_filler_plaza_02,Plaza 2,Площадь 2
6709,downtown_filler_plaza_03,Plaza 3,Площадь 3
6710,downtown_filler_plaza_04,Plaza 4,Площадь 4
6711,downtown_filler_plaza_05,Plaza 5,Площадь 5
6712,downtown_strip_01,King O Law,King O Law
6713,downtown_strip_02,Munchz Carpet,Munchz Carpet
6714,downtown_strip_03,Downtown Storage,Склад в центре города
6715,downtown_strip_04,Downtown Complex 4,Комплекс 4
6716,downtown_strip_05,Downtown Complex 5,Комплекс 5
6717,downtown_strip_06,Downtown Complex 6,Комплекс 6
6718,downtown_strip_07,Downtown Complex 7,Комплекс 7
6719,downtown_strip_09,Bel's Bakery,Пекарня Бела
6720,downtown_strip_10,Adult Theater,Театр для взрослых
6721,downtown_strip_11,Diamonds Mens Club,Мужской клуб Diamonds
6722,factory_03,Pop-N-Pills Factory,Завод Pop-N-Pills
6723,factory_lg_01,Shamway Factory,Завод Shamway
6724,factory_lg_02,Shotgun Messiah Factory,дробовик Messiah заводской
6725,farm_01,Jericho Ranch,Ранчо Jericho
6726,farm_02,Farm 2,Ферма 2
6727,farm_03,Farm 3,Ферма 3
6728,farm_04,Countryside Vet,Сельский ветеринар
6729,farm_05,Farm 5,Ферма 5
6730,farm_07,Farm 7,ферма 7
6731,farm_08,Farm 8,ферма 8
6732,farm_10,Farm 10,ферма 10
6733,farm_11,Farm 11,ферма 11
6734,farm_12,Farm 12,ферма 12
6735,farm_14,Farm 14,ферма 14
6736,fastfood_01,Prowlin Petes,Prowlin Petes
6737,fastfood_02,Hurry Harry's,Hurry Harry's
6738,fastfood_03,Berserk Bills,Berserk Bills
6739,fastfood_04,Fats Food,Fats еда
6740,field_concert_01,Concert Field,Поле для концертов
6741,fire_station_01,Fire Station 7,Пожарная часть 7
6742,fire_station_02,Fire Station 2,Пожарная часть 2
6743,fire_station_03,Fire Haus 1,Пожарная часть 1
6744,football_stadium,Football Stadium,Футбольный стадион
6745,funeral_home_01,Amigone Funeral,Amigone Funeral
6746,garage_01,Garage 1,Гараж 1
6747,garage_02,Garage 2,Гараж 2
6748,garage_07,Unfinished House,Недостроенный дом
6749,gas_station_01,Gas Station 1,АЗС 1
6750,gas_station_02,Gas Station 2,АЗС 2
6751,gas_station_03,Gas Station 3,АЗС 3
6752,gas_station_04,Gas Station 4,АЗС 4
6753,gas_station_05,Gas Station 5,АЗС 5
6754,gas_station_06,Gas Station 6,АЗС 6
6755,gas_station_07,Gas Station 7,АЗС 7
6756,gas_station_08,Gas Station 8,АЗС 8
6757,gas_station_09,Gas Station 9,АЗС 9
6758,gas_station_10,Gas Station 10,АЗС 10
6759,gas_station_11,Jerry's Fill Gas,Jerry's Fill газ
6760,gravestowne_city_blk_01,Gravestowne City Block,Городской квартал Грейвстоун
6761,gravestowne_city_blk_half,Gravestowne City Half-Block,Городской полублок Грейвстоуна
6762,gravestowne_city_blk_quarter,Gravestowne City Half-Block,Городской полублок Грейвстоуна
6763,gravestowne_city_sign_01,Gravestowne City Sign,Городской знак Грэйвстауна
6764,gravestowne_street_crater_01,Gravestowne City Crater,Кратер города Грейвстоун
6765,hospital_01,Pop-N-Pills Hospital,Больница Pop-N-Pills
6766,hotel_01,Zombona Hotel,Отель Зомбона
6767,hotel_new_01,Hotel,Отель
6768,hotel_ostrich,Ostrich Hotel,Отель Ostrich
6769,hotel_roadside_01,Motel Eight,Мотель Eight
6770,hotel_roadside_02,Day's End Suites,Day's конец Suites
6771,house_burnt_01,Burnt House 1,Сгоревший дом 1
6772,house_burnt_02,Burnt House 2,Сгоревший дом 2
6773,house_burnt_03,Burnt House 3,Сгоревший дом 3
6774,house_burnt_04,Burnt House 4,Сгоревший дом 4
6775,house_burnt_05,Burnt House 5,Сгоревший дом 5
6776,house_burnt_06,Burnt House 6,Сгоревший дом 6
6777,house_construction_01,House Construction Site 1,Строительный участок 1
6778,house_construction_02,House Construction Site 2,Строительный участок 2
6779,house_country_01,Country House,Загородный дом
6780,house_modern_01,Modern House 1,Современный дом 1
6781,house_modern_02,Modern House 2,Современный дом 2
6782,house_modern_03,Modern House 3,Современный дом 3
6783,house_modern_04,Modern House 4,Современный дом 4
6784,house_modern_05,Modern House 5,Современный дом 5
6785,house_modern_06,Modern House 6,Современный дом 6
6786,house_modern_07,Modern House 7,Современный дом 7
6787,house_modern_08,Modern House 8,Современный дом 8
6788,house_modern_09,Modern House 9,Современный дом 9
6789,house_modern_10,Modern House 10,Современный дом 10
6790,house_modern_11,Modern House 11,Современный дом 11
6791,house_modern_12,Modern House 12,Современный дом 12
6792,house_modern_13,Modern House 13,Современный дом 13
6793,house_modern_14,Modern House 14,Современный дом 14
6794,house_modern_15,Modern House 15,Современный дом 15
6795,house_modern_16,Modern House 16,Современный дом 16
6796,house_modern_17,Modern House 17,Современный дом 17
6797,house_modern_18,Modern House 18,Современный дом 18
6798,house_modern_19,Modern House 19,Современный дом 19
6799,house_modern_20,Modern House 20,Современный дом 20
6800,house_modern_21,Modern House 21,Современный дом 21
6801,house_modern_22,Modern House 22,Современный дом 22
6802,house_modern_23,Modern House 23,Современный дом 23
6803,house_old_bungalow_01,Bungalow House 1,Дом-бунгало 1
6804,house_old_bungalow_02,Bungalow House 2,Дом-бунгало 2
6805,house_old_bungalow_03,Bungalow House 3,Дом-бунгало 3
6806,house_old_bungalow_04,Bungalow House 4,Дом-бунгало 4
6807,house_old_bungalow_05,Bungalow House 5,Дом-бунгало 5
6808,house_old_bungalow_06,Bungalow House 6,Дом-бунгало 6
6809,house_old_bungalow_07,Bungalow House 7,Дом-бунгало 7
6810,house_old_bungalow_08,Bungalow House 8,Дом-бунгало 8
6811,house_old_bungalow_09,Bungalow House 9,Дом-бунгало 9
6812,house_old_bungalow_10,Bungalow House 10,Дом-бунгало 10
6813,house_old_bungalow_11,Bungalow House 11,Дом-бунгало 11
6814,house_old_bungalow_12,Bungalow House 12,Дом-бунгало 12
6815,house_old_cottage_01_detail,Old Cottage Detail,Деталь старого коттеджа
6816,house_old_cottage_01_path,Old Cottage Path,Тропинка к старому коттеджу
6817,house_old_cottage_01_sleeper,Old Cottage Sleeper,Спящий в старом коттедже
6818,house_old_gambrel_01,Gambrel House 1,Гамбрельный дом 1
6819,house_old_gambrel_02,Gambrel House 2,Гамбрельный дом 2
6820,house_old_gambrel_03,Gambrel House 3,Гамбрельный дом 3
6821,house_old_gambrel_04,Gambrel House 4,Гамбрельный дом 4
6822,house_old_mansard_01,Old Mansard House 1,Старый мансардный дом 1
6823,house_old_mansard_02,Old Mansard House 2,Старый мансардный дом 2
6824,house_old_mansard_03,Old Mansard House 3,Старый мансардный дом 3
6825,house_old_mansard_04,Old Mansard House 4,Старый мансардный дом 4
6826,house_old_mansard_05,Old Mansard House 5,Старый мансардный дом 5
6827,house_old_mansard_06,Old Mansard House 6,Старый мансардный дом 6
6828,house_old_modular_01,Modular House 1,Модульный дом 1
6829,house_old_modular_02,Modular House 2,Модульный дом 2
6830,house_old_modular_03,Modular House 3,Модульный дом 3
6831,house_old_modular_04,Modular House 4,Модульный дом 4
6832,house_old_modular_05,Modular House 5,Модульный дом 5
6833,house_old_modular_06,Modular House 6,Модульный дом 6
6834,house_old_modular_07,Modular House 7,Модульный дом 7
6835,house_old_modular_08,Modular House 8,Модульный дом 8
6836,house_old_pyramid_01,Pyramid House 1,Пирамидальный дом 1
6837,house_old_pyramid_02,Pyramid House 2,Пирамидальный дом 2
6838,house_old_pyramid_03,Pyramid House 3,Пирамидальный дом 3
6839,house_old_pyramid_04,Pyramid House 4,Пирамидальный дом 4
6840,house_old_pyramid_05,Pyramid House 5,Пирамидальный дом 5
6841,house_old_ranch_01,Ranch House 1,Ранчо 1
6842,house_old_ranch_02,Ranch House 2,Ранчо 2
6843,house_old_ranch_03,Ranch House 3,Ранчо 3
6844,house_old_ranch_04,Ranch House 4,Ранчо 4
6845,house_old_ranch_05,Ranch House 5,Ранчо 5
6846,house_old_ranch_06,Ranch House 6,Ранчо 6
6847,house_old_ranch_07,Ranch House 7,Ранчо 7
6848,house_old_ranch_08,Ranch House 8,Ранчо 8
6849,house_old_ranch_09,Ranch House 9,Ранчо 9
6850,house_old_ranch_10,Ranch House 10,Ранчо 10
6851,house_old_ranch_11,Ranch House 11,Ранчо 11
6852,house_old_spanish_01,Suspicious Ranch House,Подозрительное ранчо
6853,house_old_tudor_01,Tudor House 1,Тюдоровский дом 1
6854,house_old_tudor_02,Tudor House 2,Тюдоровский дом 2
6855,house_old_tudor_03,Tudor House 3,Тюдоровский дом 3
6856,house_old_tudor_04,Tudor House 4,Тюдоровский дом 4
6857,house_old_tudor_05,Tudor House 5,Тюдоровский дом 5
6858,house_old_tudor_06,Tudor House 6,Тюдоровский дом 6
6859,house_old_victorian_01,Victorian House 1,Викторианский дом 1
6860,house_old_victorian_02,Victorian House 2,Викторианский дом 2
6861,house_old_victorian_03,Victorian House 3,Викторианский дом 3
6862,house_old_victorian_04,Victorian House 4,Викторианский дом 4
6863,house_old_victorian_05,Victorian House 5,Викторианский дом 5
6864,house_old_victorian_06,Victorian House 6,Викторианский дом 6
6865,house_old_victorian_07,Victorian House 7,Викторианский дом 7
6866,house_old_victorian_08,Victorian House 8,Викторианский дом 8
6867,house_old_victorian_09,Victorian House 9,Викторианский дом 9
6868,house_old_victorian_10,Victorian House 10,Викторианский дом 10
6869,house_old_victorian_11,Victorian House 11,Викторианский дом 11
6870,house_old_victorian_12,Victorian House 12,Викторианский дом 12
6871,house_old_victorian_13,Victorian House 13,Викторианский дом 13
6872,housing_development_01,Cul de Sac Construction Site,Стройплощадка в тупике
6873,hwy_overpass_sign_01,Highway Overpass Sign,Знак эстакады
6874,indian_burial_grounds_01,Burial Grounds,Места захоронения
6875,industrial_business_08,PB Paper Mill,Бумажная фабрика
6876,installation_red_mesa,Red Mesa,Красная Меза
6877,junkyard_lg_01,Large Junkyard,Крупная свалка
6878,junkyard_med_01,Medium Junkyard,Средняя свалка
6879,large_park_01,Large Park,Большой парк
6880,lodge_01,Journey's End Lodge,Домик в тупике
6881,lot_country_01,Countryside Lot,Загородный участок
6882,lot_country_02,Shade Tree Auto,Автосервис «Shade Tree»
6883,lot_downtown_filler_01,Downtown Construction Lot,Центр города Строительный участок
6884,lot_industrial_01,Industrial Lot 1,Промышленный участок 1
6885,lot_industrial_02,Industrial Lot 2,Промышленный участок 2
6886,lot_industrial_03,Industrial Lot 3,Промышленный участок 3
6887,lot_industrial_04,Industrial Lot 4,Промышленный участок 4
6888,lot_industrial_05,Industrial Lot 5,Промышленный участок 5
6889,lot_industrial_06,Industrial Lot 6,Промышленный участок 6
6890,lot_industrial_07,Industrial Lot 7,Промышленный участок 7
6891,lot_industrial_08,Industrial Lot 8,Промышленный участок 8
6892,lot_industrial_09,Industrial Lot 9,Промышленный участок 9
6893,lot_industrial_10,Industrial Lot 10,Промышленный участок 10
6894,lot_industrial_11,Industrial Lot 11,Промышленный участок 11
6895,lot_industrial_12,Industrial Lot 12,Промышленный участок 12
6896,lot_industrial_13,Industrial Lot 13,Промышленный участок 13
6897,lot_industrial_14,Industrial Lot 14,Промышленный участок 14
6898,lot_industrial_15,Industrial Lot 15,Промышленный участок 15
6899,lot_industrial_16,Industrial Lot 16,Промышленный участок 16
6900,lot_industrial_17,Industrial Lot 17,Промышленный участок 17
6901,lot_industrial_18,Industrial Lot 18,Промышленный участок 18
6902,lot_industrial_19,Industrial Lot 19,Промышленный участок 19
6903,lot_industrial_20,Industrial Lot 20,Промышленный участок 20
6904,lot_industrial_21,Industrial Lot 21,Промышленный участок 21
6905,lot_rural_filler_01,Rural Filler 1,Сельское заполнение 1
6906,lot_rural_filler_02,Rural Filler 2,Сельское заполнение 2
6907,lot_rural_filler_03,Rural Filler 3,Сельское заполнение 3
6908,lot_rural_filler_04,Rural Filler 4,Сельское заполнение 4
6909,lot_rural_filler_05,Rural Filler 5,Сельское заполнение 5
6910,lot_rural_filler_06,Rural Filler 6,Сельское заполнение 6
6911,lot_rural_filler_07,Rural Filler 7,Сельское заполнение 7
6912,lot_rural_filler_08,Rural Filler 8,Сельское заполнение 8
6913,lot_rural_filler_09,Rural Filler 9,Сельское заполнение 9
6914,lot_rural_filler_10,Rural Filler 10,Сельское заполнение 10
6915,lot_vacant_01,Vacant Lot 1,Пустырь 1
6916,lot_vacant_02,Vacant Lot 2,Пустырь 2
6917,lot_vacant_03,Vacant Lot 3,Пустырь 3
6918,lot_vacant_04,Vacant Lot 4,Пустырь 4
6919,lot_vacant_05,Vacant Lot 5,Пустырь 5
6920,lot_vacant_06,Vacant Lot 6,Пустырь 6
6921,motel_01,Old Motel,Старый мотель
6922,motel_02,Motel 7,Мотель 7
6923,mp_waste_bldg_01_red,House Ruins 1,Руины дома 1
6924,mp_waste_bldg_01_tan,House Ruins 1,Руины дома 1
6925,mp_waste_bldg_01_white,House Ruins 1,Руины дома 1
6926,mp_waste_bldg_02_red,House Ruins 2,Руины дома 2
6927,mp_waste_bldg_02_tan,House Ruins 2,Руины дома 2
6928,mp_waste_bldg_04_grey,House Ruins 4,Руины дома 4
6929,mp_waste_bldg_04_red,House Ruins 4,Руины дома 4
6930,mp_waste_bldg_04_tan,House Ruins 4,Руины дома 4
6931,mp_waste_bldg_04_white,House Ruins 4,Руины дома 4
6932,mp_waste_bldg_05_grey,House Ruins 5,Руины дома 5
6933,mp_waste_bldg_06_grey,House Ruins 5,Руины дома 5
6934,mp_waste_bldg_governer_08,Government Building Ruins,Руины правительственного здания
6935,navezgane_waterfall_01,Navezgane Waterfall,Водопад Навезгане
6936,office_01,Office Building 1,Офисное здание 1
6937,office_02,Rise Realty Office,Rise Realty Office
6938,office_03,Office Building 3,Офисное здание 3
6939,office_04,Marketing Office,Офис маркетинга
6940,oldwest_business_01,Biskitz,Biskitz
6941,oldwest_business_02,BJ Welding,BJ Welding
6942,oldwest_business_03,Fine Swines,Fine Swines
6943,oldwest_business_04,Oldwest Business,Oldwest Business
6944,oldwest_business_05,Oldwest Oil,Oldwest Масло
6945,oldwest_business_06,Spitz Seeds,Spitz Семена
6946,oldwest_business_07,Eric's Stuff,Eric's Stuff
6947,oldwest_business_08,Undie Takers Caskets,Undie Takers Caskets
6948,oldwest_business_09,Earls,Earls
6949,oldwest_business_10,Rifle Martyrs,винтовка Martyrs
6950,oldwest_business_11,Skamson Grocery,Skamson Grocery
6951,oldwest_business_12,Cole's Books,Cole's Книги
6952,oldwest_business_13,Swiggin Serum,Swiggin Serum
6953,oldwest_business_14,Lathan Hardware,Lathan инструменты
6954,oldwest_church,Old Church,Старая церковь
6955,oldwest_coal_factory,Old Coal Mine,Старый угольный рудник
6956,oldwest_gallows,Gallows,Виселица
6957,oldwest_jail,Sheriff,шериф
6958,oldwest_stables,Lazy H. Stables,Конюшня Lazy H.
6959,oldwest_strip_01,Duke's General,Дюка обычный
6960,oldwest_strip_02,Mornin Lumber,Mornin Lumber
6961,oldwest_strip_03,Bert's Brewery,Bert's Brewery
6962,oldwest_strip_04,Metal Works,металл работает
6963,oldwest_watertower,Old Water Tower,старые вода башня
6964,parking_garage_01,Parking Garage,парковка гараж
6965,parking_garage_02,Buy N Go Parking,купить N идти парковка
6966,parking_garage_03,MySpot Parking,MySpot парковка
6967,parking_garage_04,MySpot Mega-Parking,MySpot Mega-парковка
6968,parking_lot_01,Parking Lot 1,Парковка 1
6969,parking_lot_02,Parking Lot 2,Парковка 2
6970,parking_lot_03,Parking Lot 3,Парковка 3
6971,park_01,Park 1,Парк 1
6972,park_02,Park 2,Парк 2
6973,park_basketball,Basketball Court,Баскетбольная площадка
6974,park_basketball_temp,Basketball Court (Temp),Баскетбольная площадка (врем)
6975,park_plaza_01,Park Plaza 1,Парк Плаза 1
6976,park_plaza_02,Park Plaza 2,Парк Плаза 2
6977,park_skate,Skate Park,Скейт-парк
6978,perishton_city_blk_01,Perishton City Block 1,Периштон город Блок 1
6979,perishton_city_blk_02,Perishton City Block 2,Периштон город Блок 2
6980,perishton_city_blk_03,Perishton City Block 3,Периштон город Блок 3
6981,perishton_city_blk_04,Perishton City Block 4,Периштон город Блок 4
6982,perishton_city_blk_plaza,Perishton City Plaza,Perishton City Плаза
6983,perishton_city_sign_01,Perishton City Sign,Знак города Периштон
6984,perishton_median_01,Perishton City Median,Медиана города Периштон
6985,player_start1,Player Start 1,Старт игрока 1
6986,player_start2,Player Start 2,Старт игрока 2
6987,player_start3,Player Start 3,Старт игрока 3
6988,player_start4,Player Start 4,Старт игрока 4
6989,player_start5,Player Start 5,Старт игрока 5
6990,player_start6,Player Start 6,Старт игрока 6
6991,police_station1,Police Station,Полицейский участок
6992,post_office_01,Post Office,Почтовое отделение
6993,post_office_med_01,Central Post Office,Центральное почтовое отделение
6994,post_office_sm_01,Mail Office,Почтовое отделение
6995,potatofield_sm,Small Potato Field,Малое картофельное поле
6996,prison_01,Prison,Тюрьма
6997,prison_assets,Prison Assets,Тюремные активы
6998,ranger_station_01,Ranger Station 1,рейнджер станция 1
6999,ranger_station_02,Ranger Station 2,рейнджер станция 2
7000,ranger_station_03,Ranger Station 3,рейнджер станция 3
7001,ranger_station_04,Ranger Station 4,рейнджер станция 4
7002,ranger_station_05,Ranger Station 5,рейнджер станция 5
7003,ranger_station_06,Ranger Station 6,рейнджер станция 6
7004,ranger_station_07,Ranger Station 7,рейнджер станция 7
7005,remnant_burnt_01,Burnt House Remains 1,Останки сгоревшего дома 1
7006,remnant_burnt_02,Burnt House Remains 2,Останки сгоревшего дома 2
7007,remnant_burnt_03,Burnt House Remains 3,Останки сгоревшего дома 3
7008,remnant_burnt_04,Burnt House Remains 4,Останки сгоревшего дома 4
7009,remnant_burnt_05,Burnt House Remains 5,Останки сгоревшего дома 5
7010,remnant_burnt_06,Burnt House Remains 6,Останки сгоревшего дома 6
7011,remnant_burnt_07,Burnt House Remains 7,Останки сгоревшего дома 7
7012,remnant_burnt_08,Burnt House Remains 8,Останки сгоревшего дома 8
7013,remnant_burnt_09,Burnt House Remains 9,Останки сгоревшего дома 9
7014,remnant_business_01,Business Complex Ruins 1,Руины бизнес-комплекса 1
7015,remnant_business_02,Business Complex Ruins 2,Руины бизнес-комплекса 2
7016,remnant_business_03,Business Complex Ruins 3,Руины бизнес-комплекса 3
7017,remnant_business_04,Business Complex Ruins 4,Руины бизнес-комплекса 4
7018,remnant_business_05,Business Complex Ruins 5,Руины бизнес-комплекса 5
7019,remnant_carwash_01,Auto Wash,Автомойка
7020,remnant_church_01,Destroyed Church,Разрушенная церковь
7021,remnant_downtown_filler_01,City House Remains 1,Остатки городского дома 1
7022,remnant_downtown_filler_02,City House Remains 2,Остатки городского дома 2
7023,remnant_downtown_filler_03,City House Remains 3,Остатки городского дома 3
7024,remnant_downtown_filler_04,City House Remains 4,Остатки городского дома 4
7025,remnant_downtown_filler_05,City House Remains 5,Остатки городского дома 5
7026,remnant_downtown_filler_06,City House Remains 6,Остатки городского дома 6
7027,remnant_downtown_filler_07,City House Remains 7,Остатки городского дома 7
7028,remnant_downtown_filler_08,City House Remains 8,Остатки городского дома 8
7029,remnant_downtown_filler_09,City House Remains 9,Остатки городского дома 9
7030,remnant_downtown_filler_10,City House Remains 10,Остатки городского дома 10
7031,remnant_downtown_filler_11,City House Remains 11,Остатки городского дома 11
7032,remnant_downtown_filler_12,City House Remains 12,Остатки городского дома 12
7033,remnant_downtown_filler_13,City House Remains 13,Остатки городского дома 13
7034,remnant_downtown_filler_14,City House Remains 14,Остатки городского дома 14
7035,remnant_downtown_filler_15,City House Remains 15,Остатки городского дома 15
7036,remnant_downtown_filler_16,City House Remains 16,Остатки городского дома 16
7037,remnant_downtown_filler_17,City House Remains 17,Остатки городского дома 17
7038,remnant_downtown_filler_18,City House Remains 18,Остатки городского дома 18
7039,remnant_gas_station_01,Destroyed Gas Station,Разрушенная АЗС
7040,remnant_house_01,House Remains 1,Остатки дома 1
7041,remnant_house_02,House Remains 2,Остатки дома 2
7042,remnant_house_03,House Remains 3,Остатки дома 3
7043,remnant_house_04,House Remains 4,Остатки дома 4
7044,remnant_house_05,House Remains 5,Остатки дома 5
7045,remnant_house_06,House Remains 6,Остатки дома 6
7046,remnant_house_07,House Remains 7,Остатки дома 7
7047,remnant_house_08,House Remains 8,Остатки дома 8
7048,remnant_house_09,House Remains 9,Остатки дома 9
7049,remnant_house_10,House Remains 10,Остатки дома 10
7050,remnant_house_11,House Remains 11,Остатки дома 11
7051,remnant_house_12,House Remains 12,Остатки дома 12
7052,remnant_house_13,House Remains 13,Остатки дома 13
7053,remnant_house_14,House Remains 14,Остатки дома 14
7054,remnant_house_15,House Remains 15,Остатки дома 15
7055,remnant_house_16,House Remains 16,Остатки дома 16
7056,remnant_house_17,House Remains 17,Остатки дома 17
7057,remnant_house_18,House Remains 18,Остатки дома 18
7058,remnant_house_19,House Remains 19,Остатки дома 19
7059,remnant_house_20,House Remains 20,Остатки дома 20
7060,remnant_industrial_01,Industry Remains 1,Развалины промышленного района 1
7061,remnant_industrial_02,Industry Remains 2,Развалины промышленного района 2
7062,remnant_industrial_03,Industry Remains 3,Развалины промышленного района 3
7063,remnant_industrial_04,Industry Remains 4,Развалины промышленного района 4
7064,remnant_mill_01,Buddies Grain Mill,Мельница
7065,remnant_oldwest_01,Oldwest Remains 1,Остатки старого запада 1
7066,remnant_oldwest_02,Oldwest Remains 2,Остатки старого запада 2
7067,remnant_oldwest_03,Oldwest Remains 3,Остатки старого запада 3
7068,remnant_oldwest_04,Oldwest Remains 4,Остатки старого запада 4
7069,remnant_oldwest_05,Oldwest Remains 5,Остатки старого запада 5
7070,remnant_oldwest_06,Oldwest Remains 6,Остатки старого запада 6
7071,remnant_oldwest_07,Oldwest Remains 7,Остатки старого запада 7
7072,remnant_oldwest_08,Oldwest Remains 8,Остатки старого запада 8
7073,remnant_oldwest_09,Oldwest Remains 9,Остатки старого запада 9
7074,remnant_rubble_01,Remnant Rubble,Остатки щебня
7075,remnant_waste_01,Destroyed BRR Cream Shop,Разрушенный кремовый магазин BRR
7076,remnant_waste_02,Destroyed Meltdowns Shop,Разрушенный магазин Meltdowns
7077,remnant_waste_03,Destroyed Apt. Building,Разрушенная кв. Строительство
7078,remnant_waste_04,Destroyed Zip-Coffee Shop,разрушенный Zip-Кофе Shop
7079,remnant_waste_05,Destroyed Mo Power Office,Разрушенный офис Mo Power
7080,remnant_waste_06,Destroyed Eye Kandy Office,разрушенный Eye Kandy Office
7081,remnant_waste_07,Destroyed Box Factory,Разрушенная фабрика коробок
7082,remnant_waste_15,Destroyed JD Shipping,разрушенный JD грузовой
7083,remnant_waste_16,Destroyed Mo Power Store,Разрушенный магазин Mo Power
7084,remnant_waste_17,Destroyed Store,Разрушенный магазин
7085,restaurant_01,Zelekt Restaurant,Ресторан Zelekt
7086,restaurant_02,Bottomless Barrel Buffet,Буфет «Без дна»
7087,roadblock_01,Roadblock,Дорожное ограждение
7088,road_railing_long_filled_01,Long Road With Railing,Длинная дорога с перилами
7089,rock_form01,Rock Formation 1,Скальная формация 1
7090,rock_form02,Rock Formation 2,Скальная формация 2
7091,rock_form03,Rock Formation 3,Скальная формация 3
7092,rock_form04,Rock Formation 4,Скальная формация 4
7093,rock_form05,Rock Formation 5,Скальная формация 5
7094,rubble_downtown_filler_01,City Building Rubble 1,Обломки городского здания 1
7095,rubble_downtown_filler_02,City Building Rubble 2,Обломки городского здания 2
7096,rubble_downtown_filler_03,City Building Rubble 3,Обломки городского здания 3
7097,rubble_downtown_filler_04,City Building Rubble 4,Обломки городского здания 4
7098,rubble_downtown_filler_05,City Building Rubble 5,Обломки городского здания 5
7099,rural_church_01,Rural Church,Сельская церковь
7100,rural_drive_in_01,Coleman's Drive In,Coleman's Drive в
7101,rwg_bridge_end_01,RWG Bridge End,RWG Конец моста
7102,rwg_bridge_tile_01,RWG Bridge Tile,RWG Мостовая плитка
7103,rwg_tile_cap,RWG Tile Cap,RWG Колпачок для плитки
7104,rwg_tile_corner,RWG Tile Corner,RWG Уголок для плитки
7105,rwg_tile_intersection,RWG Tile Intersection,RWG Пересечение плитки
7106,rwg_tile_straight,RWG Tile Straight,RWG Плитка прямая
7107,rwg_tile_t,RWG Tile T,RWG Плитка Т
7108,sawmill_01,Sawmill,Лесопилка
7109,school_01,School,Школа
7110,school_daycare_01,Daycare Center,Детский сад
7111,settlement_01,Overrun Settlement,Захваченное поселение
7112,skate_park_01,Skate Park,Скейт-парк
7113,skyscraper_01,Dishong Tower,Небоскреб Dishong
7114,skyscraper_02,Crack-A-Book Tower,Небоскреб Crack-A-Book
7115,skyscraper_03,Higashi,Небоскреб Higashi
7116,skyscraper_04,Skyscraper Build Site,Стройплощадка небоскреба
7117,store_autoparts_01,Oreally Auto,Oreally авто
7118,store_book_01,Crack-A-Book Store,Магазин Crack-A-Book
7119,store_book_02,Crack-A-Book/Cafe Store,Crack--книга/Cafe магазин
7120,store_clothing_01,Savage Country Large Store,Savage Country большой магазин
7121,store_clothing_02,Savage Country Medium Store,Savage Country среднее магазин
7122,store_electronics_01,Mo' Power Small Store,Маленький магазин Mo'Power
7123,store_electronics_02,Mo' Power Medium Store,Средний магазин Mo'Power
7124,store_grocery_01,Shamway Medium Store,Средний магазин Shamway
7125,store_grocery_02,Shamway Large Store,Большой магазин Shamway
7126,store_grocery_03,Buy N Go Groceries,купить N идти продукты
7127,store_gun_01,Medium Gun Store,Средний оружейный магазин
7128,store_gun_02,Large Gun Store,Большой оружейный магазин
7129,store_hardware_01,Small Hardware Store,Небольшой хозяйственный магазин
7130,store_hardware_02,Medium Hardware Store,Средний хозяйственный магазин
7131,store_hardware_03,Destroyed Hardware Store,Разрушенный хозяйственный магазин
7132,store_laundry_01,Gorebos Laundro Store,Gorebos Laundro магазин
7133,store_pawn_01,Pawn Shop,Ломбард
7134,store_pharmacy_01,Small Pharmacy,Маленькая аптека
7135,store_pharmacy_02,Medium Pharmacy,Средняя аптека
7136,store_salon,Zoe Salon,Салон Зои
7137,survivor_site_01,Survivor Site 1,Зона выживших 1
7138,survivor_site_02,Survivor Site 2,Зона выживших 2
7139,survivor_site_03,Survivor Site 3,Зона выживших 3
7140,survivor_site_04,Survivor Site 4,Зона выживших 4
7141,survivor_site_05,Survivor Site 5,Зона выживших 5
7142,survivor_site_06,Survivor Site 6,Зона выживших 6
7143,survivor_site_07,Survivor Site 7,Зона выживших 7
7144,survivor_site_08,Survivor Site 8,Зона выживших 8
7145,survivor_site_09,Survivor Site 9,Зона выживших 9
7146,trader_bob,Trader Bob,Боб
7147,trader_hugh,Trader Hugh,Хью
7148,trader_jen,Trader Jen,Джен
7149,trader_joel,Trader Joel,Джоэл
7150,trader_rekt,Trader Rekt,Рект
7151,trader_elena,Trader Elena,Елена
7152,trailer_01,Trailer Home 1,Трейлер 1
7153,trailer_02,Trailer Home 2,Трейлер 2
7154,trailer_03,Trailer Home 3,Трейлер 3
7155,trailer_04,Trailer Home 4,Трейлер 4
7156,trailer_park_01,Trailer Park,Трейлерный парк
7157,utility_celltower_01,Cell Tower 1,Вышка сотовой связи 1
7158,utility_celltower_02,Cell Tower 2,ячейка Tower 2
7159,utility_electric_co_01,Electric Utility Complex,Электроэнергетический Комплекс
7160,utility_refinery_01,Pass-N-Gas Refinery,Нефтеперерабатывающий завод Pass-N-Gas
7161,utility_waterworks_01,Water Works,Водопроводные сооружения
7162,warehouse_01,Warehouse 1,Склад 1
7163,warehouse_02,Warehouse 2,Склад 2
7164,warehouse_03,Warehouse 3,Склад 3
7165,warehouse_04,Warehouse 4,Склад 4
7166,warehouse_05,Warehouse 5,Склад 5
7167,warehouse_06,Warehouse 6,Склад 6
7168,warehouse_07,Warehouse 7,Склад 7
7169,water_tower_01,Water Tower 1,Водонапорная башня 1
7170,water_tower_02,Water Tower 2,Водонапорная башня 2
7171,water_tower_03,Water Tower 3,Водонапорная башня 3
7172,racetrack_01,Racetrack,Ипподром
7173,challengeDrinkWaterSource,Drink Murky Water,Выпейте мутную воду
7174,challengeDrinkWaterSourceShort,Drink Murky Water from a bottle.,Выпейте мутную воду из бутылки.
7175,challengeDrinkWaterSourceDesc,Water is a factor in how fast your [DECEA3]Health[-] and [DECEA3]Stamina[-] recovers.\n\n[DECEA3]Water[-] will affect regen speed when it is below [DECEA3]50%[-] and [DECEA3]25%[-],"Вода влияет на скорость восстановления [DECEA3]здоровья[-] и [DECEA3]выносливости[-].\n\n[DECEA3]Вода[-] снижает скорость восстановления, когда её уровень опускается ниже [DECEA3]50%[-] и [DECEA3]25%[-]."
7176,challengeReadMagazines,Read an [decea3]Action Skill[-] Book,Прочитайте книгу [decea3]практического навыка[-]
7177,challengeReadMagazinesShort,Read [decea3]Action Skill[-] books to increase the corresponding Action Skill level.,"Читайте книги [decea3]практических навыков[-], чтобы повышать уровень соответствующего навыка."
7178,challengeReadMagazinesDesc,[decea3]Action Skill[-] books come in wide range of categories. Reading one will increase your level in the given Action Skill by 1.,Книги [decea3]практических навыков[-] относятся к разным категориям. Чтение каждой такой книги повышает соответствующий практический навык на 1 уровень.
7179,challengePlaceForge,Place Blacksmith's Forge,Установите кузницу
7180,challengePlaceForgeShort,Place a [decea3]Blacksmith's Forge[-].,Установите [decea3]кузницу[-].
7181,challengePlaceForgeDesc,A [decea3]Blacksmith's Forge[-] is a Workstation used to craft recipes using smelted metals and other resources.,[decea3]Кузница[-] — рабочая станция для изготовления предметов из выплавленных металлов и других ресурсов.
7182,challengeHarvestCobblestone,Harvest [decea3]Large Stone[-],Добудьте [decea3]крупный камень[-]
7183,challengeHarvestCobblestoneShort,Harvest [decea3]Large Stone[-] from Large Boulders or Stone with any Pickaxe.,Добудьте [decea3]крупный камень[-] из больших валунов или каменных блоков любой киркой.
7184,challengeHarvestCobblestoneDesc,[decea3]Large Stone[-] is used in many recipes for building.,[decea3]Крупный камень[-] используется во многих строительных рецептах.
7185,challengeHarvestLeather,Harvest [decea3]Animal Hide[-],Добудьте [decea3]шкуру животного[-]
7186,challengeHarvestLeatherShort,Harvest some [decea3]Animal Hide[-] from animals.,Добудьте немного [decea3]шкуры животного[-] с животных.
7187,challengeHarvestLeatherDesc,"[decea3]Animal Hide[-] can be used to craft [decea3]Leather[-], an ingredient used in making armor, armor modifications, furniture and other craftables.","Из [decea3]шкуры животного[-] можно изготовить [decea3]кожу[-] — материал для брони, модификаций брони, мебели и других предметов."
7188,ulmChallengeDuffleBagName,Bug-out Bag,Тревожная сумка
7189,ulmChallengeDuffleBagShort,[decea3]Place[-] down your [decea3]Bug-out Bag[-] and check its contents.,[decea3]Положите[-] свою [decea3]сумку на случай эвакуации[-] и проверьте её содержимое.
7190,ulmChallengeDuffleBagDesc,"It seems that you have a [decea3]Bug-out Bag[-] in your [decea3]Toolbelt[-]. Place it down on the ground an then open it, maybe there's something useful inside?","Похоже, у вас на [decea3]поясе инструментов[-] есть [decea3]тревожная сумка[-]. Поставьте её на землю и откройте — возможно, внутри найдётся что-нибудь полезное."
7191,ulmChallengeHandGathering,Gather Resources,Сбор ресурсов
7192,ulmChallengeHandGatheringShort,Gather primitive resources using your hands.,Соберите примитивные ресурсы голыми руками.
7193,ulmChallengeHandGatheringDesc,"The basic resources you will need are [decea3]Small Stones[-], [decea3]Branches[-], and [decea3]Rope[-].\n\nRope can be crafted in your inventory and cheaper at the [decea3]Carpenter's Table[-] when you have one.","Основные ресурсы, которые вам понадобятся: [decea3]маленькие камни[-], [decea3]ветки[-] и [decea3]верёвка[-].\n\nВерёвку можно изготовить прямо в инвентаре, а при наличии [decea3]стола плотника[-] — сделать дешевле на нём."
7194,ulmChallengeSurvivalTools,Survival Tools,Инструменты выживания
7195,ulmChallengeSurvivalToolsShort,"Use primitive resources to craft simple survival tools: Stone Axe, Pickaxe and a Wooden Spear.","Используйте примитивные ресурсы, чтобы изготовить простые инструменты выживания: каменный топор, кирку и деревянное копьё."
7196,ulmChallengeSurvivalToolsDesc,Craft a [decea3]Stone Axe[-] and a [decea3]Stone Pickaxe[-] to help you gather materials and a [decea3]Wooden Spear[-] to help you defend yourself.,"Изготовьте [decea3]каменный топор[-] и [decea3]каменную кирку[-] для добычи материалов, а [decea3]деревянное копьё[-] — для защиты."
7197,ulmChallengeUsingBasicTools,Using Stone Tools,Использование каменных инструментов
7198,ulmChallengeUsingBasicToolsShort,Use the [decea3]Stone Axe[-] and [decea3]Stone Pickaxe[-] to gather some resources.,"Используйте [decea3]каменный топор[-] и [decea3]каменную кирку[-], чтобы добыть немного ресурсов."
7199,ulmChallengeUsingBasicToolsDesc,"Some [decea3]Tools[-] are better than others at harvesting certain materials. Using your [decea3]Empty Hands[-] to collect [decea3]Wood[-] and [decea3]Small Stones[-] is fine, but a good [decea3]Axe[-] will do it much faster. [DECEA3]Pickaxe[-] is a better suited tool for gathering harder materials such as [decea3]Scrap Iron[-] or [decea3]Ore[-].","Некоторые [decea3]инструменты[-] лучше подходят для добычи определённых материалов. Собирать [decea3]дерево[-] и [decea3]маленькие камни[-] [decea3]голыми руками[-] можно, но хороший [decea3]топор[-] сделает это гораздо быстрее. [DECEA3]Кирка[-] лучше подходит для добычи твёрдых материалов, таких как [decea3]металлолом[-] или [decea3]руда[-]."
7200,ulmChallengeCarpentersTable,Carpenter's Table,Стол плотника
7201,ulmChallengeCarpentersTableShort,"Craft, place and use a [decea3]Carpenter's Table[-].","Изготовьте, установите и используйте [decea3]стол плотника[-]."
7202,ulmChallengeCarpentersTableDesc,"[decea3]Carpenter's Table[-] is your first [decea3]Workstation[-] and it's very useful to process basic materials into more advanced ones, allows crafting of better Storage, basic Arrows and Traps as well as [decea3]Wood Frames[-]. Later when upgraded, it will unlock more recipes.","[decea3]Стол плотника[-] — ваша первая [decea3]рабочая станция[-]. Он позволяет перерабатывать базовые материалы в более продвинутые, изготавливать более вместительные хранилища, простые стрелы, ловушки и [decea3]деревянные каркасы[-]. После улучшения откроются дополнительные рецепты."
7203,ulmChallengeGatherResources,Gather Resources,Сбор ресурсов
7204,ulmChallengeGatherResourcesShort,"Collect [decea3]Wood[-], [decea3]Branches[-] and [decea3]Rope[-].","Соберите [decea3]дерево[-], [decea3]ветки[-] и [decea3]верёвку[-]."
7205,ulmChallengeGatherResourcesDesc,You'll need some additional resources to gathered in order to craft some basic weapons such as the Wooden Spear and a Wooden Club.,"Вам понадобятся дополнительные ресурсы, чтобы изготовить простое оружие, например деревянное копьё и деревянную дубину."
7206,ulmChallengeArchery,Ranged Combat,Дальний бой
7207,ulmChallengeArcheryDesc,Familiarize yourself in how to gather materials and crafting your first ranged weapon and ammo for it.,"Разберитесь, как добывать материалы и создавать своё первое оружие дальнего боя и боеприпасы к нему."
7208,ulmChallengeArcheryShort,Get a hold of a [decea3]Primitive Bow[-] and a [decea3]Stone Arrow[-].,Добудьте [decea3]примитивный лук[-] и [decea3]каменную стрелу[-].
7209,ulmChallengePrimitiveWeapons,Primitive Weapons,Примитивное оружие
7210,ulmChallengePrimitiveWeaponsShort,Get a hold of a [decea3]Wooden Spear[-] and a [decea3]Wooden Club[-].,Добудьте [decea3]деревянное копьё[-] и [decea3]деревянную дубину[-].
7211,ulmChallengePrimitiveWeaponsDesc,"A [decea3]Wooden Spear[-] is a useful long melee weapon to keep enemies at a distance, while the [decea3]Wooden Club[-] has a small chance to knock them down and packs a bigger punch.","[decea3]Деревянное копьё[-] — полезное длинное оружие ближнего боя, позволяющее держать врагов на расстоянии, а [decea3]деревянная дубина[-] имеет небольшой шанс сбить противника с ног и наносит более сильный удар."
7212,ulmChallengeWearArmor,Wear Armor,Наденьте броню
7213,ulmChallengeWearArmorShort,Wear the Primitive Armor set.,Наденьте комплект примитивной брони.
7214,ulmChallengeWearArmorDesc,"The [decea3]Primitive Outfit[-] might be a little itchy, but it could save you from a deadly scratch or bite as well as it can provide some [decea3]Heat[-] and [decea3]Cold[-] protection.\n\nCheck the crafting menu for the full set of [decea3]Primitive Armor[-].","[decea3]Примитивный костюм[-] может немного чесаться, но способен спасти от смертельной царапины или укуса, а также даёт некоторую защиту от [decea3]жары[-] и [decea3]холода[-].\n\nПолный комплект [decea3]примитивной брони[-] можно найти в меню изготовления."
7215,DOWN_VANILA_FIX_REMEBER_COPY,—,<<<<<<<<<<<<<<<<<<<<<<<<<>>>>>>>>>>>>>>>>>>>>>>>>>>>>>>>>>>>>>
7216,drinkJarGrandpasAwesomeSauce,—,Потрясающая дедушкина настойка
7217,drinkJarGrandpasLearningElixir,—,Дедушкин обучающий эликсир
7218,drinkJarGrandpasMoonshine,—,Дедушкин самогон
7219,electrictimerrelay,—,Опора кабеля с таймером
7220,electricwirerelay,Electric Wire Relay (With Base),Опора кабеля
7221,foodBaconAndEggs,—,Яйца с беконом
7222,foodBakedPotato,—,Печёный картофель
7223,foodBlueberryPie,—,Черничный пирог
7224,foodBoiledMeat,—,Варёное мясо
7225,foodCanSham,—,Банка «Срама»
7226,foodChiliDog,—,Чили-дог
7227,foodCornBread,—,Кукурузный хлеб
7228,foodFishTacosS,—,Рыбные тако
7229,foodGrilledMeat,—,Жареное мясо
7230,foodGumboStew,—,Рагу «Гамбо»
7231,foodHoboStew,—,Рагу «Хобо»
7232,foodMeatStew,—,Мясное рагу
7233,foodPumpkin,—,Тыквенный хлеб
7234,foodPumpkinCheesecake,—,Тыквенный чизкейк
7235,foodPumpkinPie,—,Тыквенный пирог
7236,foodShepardsPie,—,Пастуший пирог
7237,foodSpaghetti,—,Спагетти
7238,foodSteakAndPotato,—,Стейк с картофелем
7239,foodTunaFishGravyToast,—,Сэндвич с тунцом
7240,foodVegetableStew,—,Овощное рагу
7241,goBlockDamageAIBM,—,Урон по блоку ИИ в Кровавую ночь
7242,goDayLightLength,—,Длительность дня
7243,inpGrpMpName,—,Мультиплеер
7244,lblContextActionHeal,—,Исполь-ть
7245,lblContextActionModify,—,Модиф-ть
7246,meleeClubIron,—,Железная дубина
7247,meleeClubIronDesc,—,"Более прочная, чем деревянная дубинка, и наносит больший урон. Хорошо подходит для перелома коленей и пролома черепа."
7248,miscellaneous,—,Разное
7249,questRewardGyrocopterPartsBundle,—,Комплект запчастей к гирокоптеру
7250,statEntityDamageRanged,—,Урон выстрела
7251,statPowerCondition,—,Заряд
7252,xuiRestock,—,Новые поступления
7253,ZombieRNGRange,—,Разброс количества
7254,gunMGT1AK47Parts,—,Части автомата
7255,ammoJunkTurretRegular,—,Патроны робопушки
7256,ammoJunkTurretShell,—,Патроны робопушки картечь
7257,ammoJunkTurretRegular,—,Патроны робопушки (ББ)
7258,thrownAmmoMolotovCocktail,Molotov Cocktail,Коктейль Молотова
7259,medicalAloeCream,—,Крем из Алоэ
7260,medicalFirstAidBandage,—,Бинт с Алоэ
7261,drugRockBusters,—,Крушитель камней
7262,drugSugarButts,—,«Сладкие Орешки»
7263,xuiGenWilderness,—,POI в Пустоши
7264,inpActDebugGameEventName,Debug Events,Отлад. события
7265,typeFoliage,Foliage,Листва
7266,flyingHelicoptersTip,[73E9B2]Helicopter Controls[-],[73E9B2]Управление вертолетом[-]
7267,flyingHelicoptersTipDesc,"Helicopters fly differently compared to Planes and GyroCopter so here's the breakdown of the controls that you have to master in order to fly a helicopter.\n\nTo ascend upwards, press [decea3][action:vehicle:Forward][-], to descend press [decea3][action:vehicle:Back][-].\nTo turn left press [decea3][action:vehicle:Left][-], to turn right press [decea3][action:vehicle:Right][-].\n\nTo fly forward you have to tilt down by pressing and holding [decea3][action:vehicle:Crouch][-].\nTo fly backwards you have to tilt up by pressing [decea3][action:vehicle:Jump][-].\n\nIf the helicopter has auxiliary lights, you can toggle them by pressing [decea3][action:vehicle:ToggleTopLight][-] and if there's a spotlight, you can turn it on and off with [decea3][action:local:ToggleFlashlight][action:permanent:ToggleFlashlight][-]. Horn can be activated with [decea3][action:vehicle:HonkHorn][-].","Вертолеты летают по-другому, чем самолеты и гирокоптеры, поэтому здесь описаны описаны особенности управления, которым вы должны овладеть, чтобы управлять вертолетом. \n\nДля подъема вверх нажмите [decea3][action:vehicle:Forward][-], для спуска нажмите [decea3][action:vehicle:Back][-].\n\nДля поворота налево нажмите [decea3][action:vehicle:Left][-], для поворота направо нажмите [decea3][action:vehicle:Right][-]. \n\nДля полета вперед нужно наклонить нос вниз, нажав и удерживая [decea3][action:vehicle:Crouch][-].\nДля полета назад нужно наклонить нос вверх, нажав [decea3][action:vehicle:Jump][-]. \n\nЕсли у вертолета есть дополнительные огни, их можно переключить, нажав [decea3][action:vehicle:ToggleTopLight][-], а если есть прожектор, его можно включить и выключить с помощью [decea3][action:local:ToggleFlashlight][action:permanent:ToggleFlashlight][-]. Гудок можно включить с помощью [decea3][action:vehicle:HonkHorn][-]."
7268,alternateAmmoTip,[73E9B2]Alternative Ammo[-],[73E9B2]Альтернативные патроны[-]
7269,alternateAmmoTipDesc,Some weapons or tools have more than one ammo type. Equip the weapon and hold the reload action [decea3][action:local:Reload][action:permanent:Reload][-] to see and load the possible ammo types for the active weapon or tool.\n\n[decea3]Caution![-] when changing fuel type on motorized power tools: current fuel will be discarded if there's no appropriate empty or partially filled container for the fuel to go into.,"Некоторые виды оружия или инструментов имеют более одного типа боеприпасов. Экипируйте оружие и удерживайте клавишу перезарядки [decea3][action:local:Reload][action:permanent:Reload][-], чтобы увидеть и использовать возможные типы боеприпасов для активного оружия или инструмента.\n\n[decea3]Внимание![-] при смене типа топлива на бензоинструментах: топливо в баке будет вылито (уничтожено), если нет подходящего пустого или частично заполненного контейнера для топлива куда его можно слить."
7270,bluff01,Bluff,Обрыв
7271,uiKeyPrimary,[action:local:Primary],[action:local:Primary]
7272,uiKeySecondary,[action:local:Secondary],[action:local:Secondary]
7273,uiKeyLockSlot,[action:gui:GUILockSlot],[action:gui:GUILockSlot]
